gene,beta_E,beta_M,beta_L,F_pvalue,F_padj,prot_pat,prot_rho,max_abs_beta
ALB,0.564258827397479,0.478888880264277,0.441899548878947,1.30340663305761e-07,3.2989507300199e-07,Early_Burst_Up,0.97923724507546,0.564258827397479
FLNA,0.579919873866074,0.581491138815924,0.521196943053091,1.72763311561783e-16,8.93003899886435e-16,Early_Burst_Up,0.995031401512143,0.581491138815924
AHNAK,0.378752860290543,0.36697431682575,0.32549383493461,6.05480776145586e-12,2.18319368244522e-11,Early_Burst_Up,0.991914675057121,0.378752860290543
PLEC,0.891141726858723,0.966459961537871,0.899398880495069,1.5114567049212e-51,7.39902511667896e-49,Early_Burst_Up,0.997316945228374,0.966459961537871
FN1,1.04490596824911,1.14473293563713,1.00736660860855,5.90782076569407e-32,1.26063806184887e-30,Early_Burst_Up,0.994133894997018,1.14473293563713
MYH9,0.586630336671131,0.604412124464674,0.588142475779106,4.82178445465285e-41,3.13491329934539e-39,Early_Burst_Up,0.999631743442136,0.604412124464674
HSPG2,0.312954104566573,0.312143383738051,0.298999088429897,2.21746777084346e-10,7.09214711335867e-10,Early_Burst_Up,0.99913883764481,0.312954104566573
FLNB,0.458748031498391,0.519796838032925,0.429094435019507,4.89633124639577e-19,3.15137421751784e-18,Early_Burst_Up,0.987293000216182,0.519796838032925
ACTA2,0.204109044353519,0.187029929528589,0.205180115121029,0.0243818877252926,0.0351778900225182,Early_Burst_Up,0.996518386487986,0.205180115121029
TF,0.640537783301271,0.550053606715058,0.53966274451101,6.22408794303787e-11,2.08354223097189e-10,Early_Burst_Up,0.987884129908579,0.640537783301271
TLN1,0.437974533848582,0.445298352977296,0.442335822212012,2.68287912242843e-17,1.47178115074815e-16,Early_Burst_Up,0.999907326827285,0.445298352977296
C3,0.522551487451706,0.433123064022533,0.46463199062518,9.24230752140521e-10,2.81120187109409e-09,Early_Burst_Up,0.987980977177243,0.522551487451706
DYNC1H1,0.132027204987496,0.10573603160063,0.118127633625599,5.25836729244599e-05,0.000104439457297698,Early_Burst_Up,0.984002084835734,0.132027204987496
SPTAN1,0.177220610332841,0.13125058967318,0.105374145608769,0.00132577736436798,0.0022627397920981,Early_Peak,0.958411609344741,0.177220610332841
COL6A3,0.509477719706873,0.426596374320225,0.487998462315867,2.20047829607974e-15,1.03929514074776e-14,Early_Burst_Up,0.989228840939141,0.509477719706873
VIM,0.667299331200524,0.639712489983998,0.570950730132415,2.65317209325726e-19,1.73855891024306e-18,Early_Burst_Up,0.991726535200841,0.667299331200524
HBB,-0.886787416522369,-1.10053658282504,-0.855605855501312,2.8807725069072e-14,1.24668688520446e-13,Early_Loss_Down,0.974609176840383,1.10053658282504
HBA2,-0.361831830544018,-0.577245064016323,-0.348947167553046,0.0004200628946446,0.000756986446347415,Mid_Trough,0.986644910976621,0.577245064016323
A2M,0.28804220194065,0.0722857546420011,0.055229034983673,0.0112304667679535,0.0170547343873921,Early_Peak,0.898681297658066,0.28804220194065
KRT8,0.0383649622518492,0.196311393532388,0.1912165747267,0.00103763147632925,0.00179227255002325,Mid_Plateau_Up,0.994822999677885,0.196311393532388
COL12A1,1.29756367748945,1.38002617745604,1.26883280681961,4.61297480178455e-39,2.27154889351781e-37,Early_Burst_Up,0.997442849744181,1.38002617745604
GAPDH,0.200884059582804,0.221113353112902,0.198709775661745,0.000629882914177785,0.00111410958805261,Early_Burst_Up,0.995279287913259,0.221113353112902
COL14A1,0.68044369490983,0.553670192113091,0.588972632707597,1.03263122929044e-09,3.13062189076688e-09,Early_Burst_Up,0.984893565999128,0.68044369490983
PKM,0.596148588630614,0.663262635604138,0.584035659713153,2.19307090799976e-27,2.89235120386276e-26,Early_Burst_Up,0.99362996922343,0.663262635604138
ACTB,0.432506463076243,0.42721138737591,0.433870612913551,1.58238806271883e-12,5.9993774295882e-12,Early_Burst_Up,0.999911275944761,0.433870612913551
PNLIP,-1.81760026051019,-2.00078104541899,-1.93273818380427,2.59797220988111e-31,5.2349454553585e-30,Early_Loss_Down,0.996903860417504,2.00078104541899
SERPINA1,0.631494149102407,0.512807823968606,0.542734128849114,4.46215657284162e-09,1.27564641014043e-08,Early_Burst_Up,0.984312617731085,0.631494149102407
ACTN4,0.232928464184147,0.278073548599122,0.25741032585895,6.22201581999309e-13,2.44128315200295e-12,Early_Burst_Up,0.9897790858425,0.278073548599122
VCL,0.484257563925165,0.506470927795603,0.446426347458314,5.51355592688016e-19,3.52952403257667e-18,Early_Burst_Up,0.994687786146952,0.506470927795603
APOB,0.277329157132287,0.101707291656683,0.205186180970021,0.014826739544363,0.022092771081144,Early_Burst_Up,0.803752561588755,0.277329157132287
POSTN,1.1602046847688,1.23533756776384,1.26988784287847,1.29261594290107e-35,4.26871026858046e-34,Early_Burst_Up,0.997202916580476,1.26988784287847
ENSG00000289697,0.708243264362577,0.672294484546071,0.639023813849592,1.26139820607744e-20,9.33098299642348e-20,Early_Burst_Up,0.996492558594647,0.708243264362577
ANXA2,0.728497553692979,0.787628572155402,0.703119633624926,7.8799363439483e-39,3.81260641013592e-37,Early_Burst_Up,0.995449660752319,0.787628572155402
SPTBN1,0.159901722548565,0.112818286768288,0.0960688522802873,0.0038967520402342,0.00626038040131834,Early_Peak,0.954563485629851,0.159901722548565
HSP90B1,-0.612019718966287,-0.631278539082301,-0.542529060477542,7.70566784519203e-31,1.47757068681309e-29,Early_Loss_Down,0.991899079430196,0.631278539082301
PRKDC,0.29641555368274,0.276465146247747,0.314555591441726,1.09738512722938e-15,5.30339084134898e-15,Early_Burst_Up,0.994514441253359,0.314555591441726
HSP90AB1,0.366648771229505,0.355594768327116,0.405108451321776,1.00401192257729e-25,1.1508797823262e-24,Early_Burst_Up,0.99368242180825,0.405108451321776
RRBP1,-0.927143655888058,-0.95309060158664,-0.916621796010458,5.2649547703997e-28,7.46421696750704e-27,Early_Loss_Down,0.999459957551841,0.95309060158664
ACTBL2,0.388198453800961,0.411226927718706,0.380530379027599,3.91456430188982e-20,2.76545026488345e-19,Early_Burst_Up,0.997807429092246,0.411226927718706
FGG,0.390273552460042,0.303162036586437,0.357384928780208,0.000705519148870608,0.0012392001597512,Early_Burst_Up,0.97961217810338,0.390273552460042
THBS1,1.49665239304143,1.6884852292731,1.46920554911249,4.85052464327959e-35,1.46253862613669e-33,Early_Burst_Up,0.99218624474273,1.6884852292731
CLTC,0.194346829010601,0.198546140168492,0.215873253252177,1.67136683140129e-13,6.82488457846983e-13,Early_Burst_Up,0.995810300289149,0.215873253252177
IQGAP1,0.352872670099881,0.391431724296149,0.391305915660551,5.24613235149724e-34,1.40833269126323e-32,Early_Burst_Up,0.995434824078527,0.391431724296149
GSN,0.471221739135778,0.454108893649804,0.394327310748482,5.34061728815045e-15,2.4460438674732e-14,Early_Burst_Up,0.988954659329629,0.471221739135778
KRT19,0.892984556463592,1.14258895285112,1.08951113728958,1.65641788950963e-41,1.12989423577862e-39,Early_Burst_Up,0.979408654354789,1.14258895285112
DSP,0.169264945528759,0.208242302875057,0.151461478578172,0.0088257386339182,0.0136090044305109,Early_Burst_Up,0.965681560764592,0.208242302875057
CALR,-0.172986691951034,-0.162143105322976,-0.120887151400897,0.00137043424011571,0.00233321475986967,Early_Loss_Down,0.959053318219016,0.172986691951034
MACF1,0.345879742017386,0.335684664523395,0.355538379756239,3.47300149990808e-33,8.6018805006652e-32,Early_Burst_Up,0.998902129169891,0.355538379756239
ALDH1A1,-1.09468956053007,-1.23623534079299,-1.18375813653859,3.59887447288462e-37,1.4753612494259e-35,Early_Loss_Down,0.995062746529494,1.23623534079299
KRT18,-0.58702551656433,-0.527372561235295,-0.477655961218532,7.62360621740564e-11,2.53977785993794e-10,Early_Loss_Down,0.986098502446911,0.58702551656433
FGA,0.435672675811807,0.352737468664327,0.416181678301327,8.45047034498274e-05,0.000163432057194856,Early_Burst_Up,0.984801620052946,0.435672675811807
FGB,0.355199288468561,0.283985813493635,0.331593706890445,0.000382031351307929,0.000691746063007961,Early_Burst_Up,0.983654586417234,0.355199288468561
FBN1,0.890842185691037,0.80261298930417,0.643370971566412,6.54578401543219e-22,5.40953471464019e-21,Early_Burst_Up,0.967126802615918,0.890842185691037
LMNA,0.696309094625175,0.659031198674724,0.570009387430389,7.53743958343631e-26,8.76069444320628e-25,Early_Burst_Up,0.986640860241599,0.696309094625175
LRP1,0.523963206425401,0.480925367930893,0.471099484761876,7.82238876241924e-26,9.05395261207968e-25,Early_Burst_Up,0.995673602858201,0.523963206425401
TNC,0.875397206028502,0.938211283024351,0.877991201531635,7.1857436700618e-16,3.53426470580699e-15,Early_Burst_Up,0.997914314245253,0.938211283024351
EEF2,-0.107576147921474,-0.125568529271386,-0.111521736960204,0.00963965515173546,0.0147682640229644,Early_Loss_Down,0.991086455979632,0.125568529271386
MUC5AC,0.882911906230686,0.824321154299673,0.873844202920644,4.28878447996025e-11,1.45204493255611e-10,Early_Burst_Up,0.998213245749648,0.882911906230686
EEF1A1,-0.365579083515366,-0.37017155742183,-0.306609848307983,2.30942841495042e-18,1.39167728234739e-17,Early_Loss_Down,0.986405748757828,0.37017155742183
ENO1,0.320032689856473,0.351710997198855,0.351917721552674,7.87533152700398e-14,3.29173827060408e-13,Early_Burst_Up,0.996166358212947,0.351917721552674
PDIA4,-0.626089475216451,-0.666679184057867,-0.584751069585688,9.26403077954862e-23,8.19290798590899e-22,Early_Loss_Down,0.994335935416489,0.666679184057867
HSPA5,-0.540672248858528,-0.555731268574804,-0.524681976887745,1.06141611979609e-22,9.34720100417257e-22,Early_Loss_Down,0.998900926911794,0.555731268574804
AMY2A,-1.85733397511829,-1.94955952547257,-1.86624178649414,1.03588547228525e-36,3.90074158387234e-35,Early_Loss_Down,0.999036534443864,1.94955952547257
SYNE2,0.180779518214345,0.158018216545017,0.214747224971418,6.205222523338e-06,1.34718194036793e-05,Early_Burst_Up,0.969532944820929,0.214747224971418
PDIA3,-0.119854407073452,-0.135217038984807,-0.110711528734692,0.0112769655243966,0.0171128568734552,Early_Loss_Down,0.986523414361948,0.135217038984807
TUBA1C,0.203502725462918,0.168193692688169,0.180578426916641,3.20891230672102e-09,9.29177738919009e-09,Early_Burst_Up,0.987607439273523,0.203502725462918
MAP4,0.410477043538335,0.399217627219808,0.357230659254451,2.23789372733522e-17,1.23663689235616e-16,Early_Burst_Up,0.993131840922229,0.410477043538335
MYOF,0.829735957665643,0.894964788916184,0.866068067792475,1.46232548270635e-50,5.81919263317191e-48,Early_Burst_Up,0.998095512907219,0.894964788916184
ACTN1,0.460436866229225,0.491138964291568,0.44849221009802,1.76899745111943e-21,1.41690055709489e-20,Early_Burst_Up,0.997050087137439,0.491138964291568
VCAN,1.36150663501867,1.3588276579744,1.24968025438026,1.46501974756991e-44,1.64755328909146e-42,Early_Burst_Up,0.996914856645752,1.36150663501867
APOA1,0.594310351974582,0.467338292167056,0.449211080275483,7.87088755781417e-07,1.84355548145594e-06,Early_Burst_Up,0.96867611236893,0.594310351974582
C4A,0.447233089192607,0.370509888649685,0.419203742461416,4.53615779703683e-08,1.19195310718404e-07,Early_Burst_Up,0.988384683901519,0.447233089192607
MYH10,0.604774665532081,0.524119063628374,0.490973272912918,1.18180774133841e-17,6.70873398596062e-17,Early_Burst_Up,0.98469192341516,0.604774665532081
DPYSL3,0.684627238669887,0.694500143021947,0.650606032978731,8.05856715131572e-29,1.23052102446329e-27,Early_Burst_Up,0.998459030218389,0.694500143021947
GATM,-1.59135362277294,-1.65463364167558,-1.55624779088641,1.14078668997202e-31,2.37340670848679e-30,Early_Loss_Down,0.998708869926323,1.65463364167558
TAGLN,0.59442156308508,0.613816914540329,0.516034232485764,1.4362037760111e-08,3.92386336965345e-08,Early_Burst_Up,0.989354033729343,0.613816914540329
NUMA1,0.103457882697708,0.0958842068979693,0.127305788561907,0.000143621217550517,0.000272320750160721,Early_Burst_Up,0.971064091124139,0.127305788561907
ALDOA,0.293370323296287,0.355908563161571,0.316691718609733,1.84677954076065e-18,1.12757882158548e-17,Early_Burst_Up,0.987397205607026,0.355908563161571
CPB1,-1.80222545432816,-1.85007483906108,-1.73605583886336,2.38180105588259e-26,2.86398708728682e-25,Early_Loss_Down,0.998647917947798,1.85007483906108
ANXA6,0.327363418186355,0.263651185353039,0.254566025685064,5.61046482594155e-10,1.74152511307294e-09,Early_Burst_Up,0.974593281950374,0.327363418186355
UTRN,-0.300501324192577,-0.344755897390662,-0.31771211974428,1.50566263775041e-14,6.64375634748616e-14,Early_Loss_Down,0.993621324583155,0.344755897390662
ATP5F1B,-0.224999010832314,-0.280445887961429,-0.267252167290504,4.35438297341932e-13,1.73135093668397e-12,Early_Loss_Down,0.983553037838357,0.280445887961429
GOLGB1,-0.256141161359476,-0.238361228450799,-0.222650691197883,7.16042564053362e-08,1.85001745360201e-07,Early_Loss_Down,0.993512903670707,0.256141161359476
CP,0.344784532225273,0.289002674633277,0.306171830502171,3.84736661248405e-05,7.74498910234453e-05,Early_Burst_Up,0.989095077074888,0.344784532225273
MYH14,0.450375735525676,0.546337920998772,0.408491808206363,1.77698318599791e-12,6.71573754490218e-12,Early_Burst_Up,0.970965347051577,0.546337920998772
AHNAK2,0.975069248763127,1.08276110669746,0.99501192636835,3.21870770648066e-43,3.22723922088338e-41,Early_Burst_Up,0.995800107432022,1.08276110669746
POTEI,0.477354243539102,0.463805466666209,0.455045225905768,3.0560651979408e-26,3.63842268630377e-25,Early_Burst_Up,0.999223222602867,0.477354243539102
LAMB1,0.226271893336844,0.231535044904033,0.243871576530609,6.9019873480917e-06,1.49113028844286e-05,Early_Burst_Up,0.998016935464598,0.243871576530609
LUM,0.784818227445313,0.75552243182734,0.602315377491608,8.02375303523282e-12,2.87569650125786e-11,Early_Burst_Up,0.97579856197917,0.784818227445313
MSN,0.622705055477058,0.640317979622924,0.609332840626603,1.24137310021195e-32,2.90188397189996e-31,Early_Burst_Up,0.999174311139447,0.640317979622924
HSP90AA1,0.308858835186342,0.312820403311849,0.316986222844881,2.52160372587466e-16,1.2905772574864e-15,Early_Burst_Up,0.99977512227668,0.316986222844881
EPRS1,-0.175075173915996,-0.224716030576824,-0.19662871243169,8.82031000090191e-09,2.45575844187038e-08,Early_Loss_Down,0.979730936239987,0.224716030576824
HNRNPM,-0.149515450664829,-0.139534696508341,-0.107611929507646,8.37154340643846e-06,1.79556660382425e-05,Early_Loss_Down,0.96534848391379,0.149515450664829
CAP1,0.672694938534074,0.678149482869673,0.63660630536757,5.24947554708079e-37,2.07043296221831e-35,Early_Burst_Up,0.99845522850641,0.678149482869673
BGN,0.906074494415384,0.90467532960955,0.777237920633243,2.41756800852773e-20,1.73589309464778e-19,Early_Burst_Up,0.990335226932924,0.906074494415384
TUBB,0.359730031629087,0.31193196528268,0.338025487526718,2.14428268264111e-08,5.78622583817747e-08,Early_Burst_Up,0.993325453665188,0.359730031629087
FASN,0.153825535638966,0.138515607468617,0.206821567462708,0.00125836815349089,0.00215343199122994,Early_Burst_Up,0.943332018670089,0.206821567462708
CALD1,0.725636558196113,0.747134814221932,0.653435159961384,4.0860656806036e-22,3.44172455404688e-21,Early_Burst_Up,0.993665814416379,0.747134814221932
H2BU1,-0.145396924209092,-0.168551326683655,-0.117884750984226,0.00233088132235239,0.00386098613945393,Early_Loss_Down,0.961005342734716,0.168551326683655
TGM2,0.878083130756809,0.756485583784459,0.732869933178802,1.73062485361951e-27,2.31547588936038e-26,Early_Burst_Up,0.987248281448604,0.878083130756809
AKAP12,0.268240563899032,0.233514758634776,0.214764593948017,0.00396234329550361,0.00636084508201795,Early_Burst_Up,0.98322443860835,0.268240563899032
EPPK1,0.617753629011813,0.730657161234696,0.688118174671114,4.47333432835128e-27,5.7009323553659e-26,Early_Burst_Up,0.990723497744119,0.730657161234696
TGFBI,0.620761985432154,0.694783868720238,0.591286758265364,2.98637338573646e-18,1.7815483380716e-17,Early_Burst_Up,0.990746314342305,0.694783868720238
WDR1,0.475455948956603,0.503502573949352,0.482985990934346,1.74584192726116e-23,1.62515621014176e-22,Early_Burst_Up,0.99881905526634,0.503502573949352
HSPD1,-0.330154258797755,-0.354179637790671,-0.357869351528378,9.49472756678492e-13,3.66829725212554e-12,Early_Loss_Down,0.997507097924816,0.357869351528378
TNS1,0.249220064986162,0.232652638734504,0.189834138430945,5.40721336298548e-05,0.000107242205926514,Early_Burst_Up,0.97592184391522,0.249220064986162
LCP1,0.518692902872196,0.514491105190337,0.536100116683232,4.42632431316739e-15,2.04189971918953e-14,Early_Burst_Up,0.999360964950465,0.536100116683232
FLNC,0.337055280924656,0.312899871023098,0.308291251026054,0.000569997415061635,0.0010133557975097,Early_Burst_Up,0.996895293854699,0.337055280924656
HDLBP,-0.729178317311622,-0.735991936007705,-0.693060714768074,2.12948094229997e-26,2.57580529096226e-25,Early_Loss_Down,0.998631400745551,0.735991936007705
UBA1,0.0870569904281898,0.0539433251478809,0.0589271008037622,0.0283357604650796,0.04055902968531,Early_Burst_Up,0.916158486039395,0.0870569904281898
RNF213,0.424977436938919,0.465847637886824,0.522666718898093,2.12682177589068e-27,2.80943028872417e-26,Early_Burst_Up,0.985849398449313,0.522666718898093
PALLD,0.803623969384963,0.843696995697216,0.774585309905736,4.836733877187e-33,1.17009591063809e-31,Early_Burst_Up,0.997545387818277,0.843696995697216
CAST,0.303211871949273,0.380811797119875,0.279280689972617,6.97513813606598e-16,3.44288846787314e-15,Early_Burst_Up,0.965446478442385,0.380811797119875
PLG,0.369242473476932,0.301064135394753,0.338144397072127,0.000113823532041398,0.000217556140020329,Early_Burst_Up,0.986529834921931,0.369242473476932
FBLN1,0.9791692352198,0.938068179554713,0.857259228965188,4.35045455945532e-35,1.32133149064917e-33,Early_Burst_Up,0.99405654391327,0.9791692352198
GCN1,-0.154153635984495,-0.155070486867298,-0.0872722314046959,0.000583994124725143,0.00103624714412849,Early_Trough,0.933754531185753,0.155070486867298
ENSG00000244255,0.691642277445192,0.57834441973968,0.610606798856367,3.20280386145015e-18,1.90247921020615e-17,Early_Burst_Up,0.988635417880011,0.691642277445192
LAMA5,-0.214090547649018,-0.280716961797431,-0.207011678017058,2.35557641971349e-07,5.79630602154219e-07,Early_Loss_Down,0.961994935636718,0.280716961797431
SND1,-0.529861707360555,-0.561275908114792,-0.49935029253345,1.34177865886081e-25,1.51922204068567e-24,Early_Loss_Down,0.995482674462738,0.561275908114792
PFN1,0.340645456607422,0.363569879448009,0.372275160224469,8.88216902639542e-18,5.09423918936338e-17,Early_Burst_Up,0.997246989884161,0.372275160224469
LPP,0.27370992055912,0.287592317637006,0.255022165338094,2.88328749600121e-06,6.45887443922533e-06,Early_Burst_Up,0.995224100578099,0.287592317637006
PPL,0.620887187195228,0.763354233725711,0.643652368951523,8.36013571145237e-23,7.44893462427266e-22,Early_Burst_Up,0.983334325038862,0.763354233725711
COPB2,-0.271276247087356,-0.262592775615839,-0.229669550638374,3.81141438729351e-12,1.39791055667944e-11,Early_Loss_Down,0.990229133010899,0.271276247087356
CPA1,-1.75005828683933,-1.9423664898576,-1.83105285956909,1.35259119415002e-29,2.26940804792671e-28,Early_Loss_Down,0.996353346387972,1.9423664898576
PRPF8,0.115055694784909,0.105315163201309,0.135171989214974,1.43062075283032e-07,3.60558022563716e-07,Early_Burst_Up,0.978693610930537,0.135171989214974
PYGB,0.46528294579856,0.468406630344045,0.413002517308221,5.47072075485872e-16,2.73109406850235e-15,Early_Burst_Up,0.993650879586137,0.468406630344045
THBS2,1.55937428118166,1.73574485646157,1.46666728222457,6.62428015556105e-48,1.41351947319433e-45,Early_Burst_Up,0.990256228406222,1.73574485646157
IQGAP2,-0.647525504656935,-0.659385920945339,-0.635975756374936,3.12805267566506e-24,3.06254757257467e-23,Early_Loss_Down,0.999564711815339,0.659385920945339
PRELP,1.01170845160671,1.00575830802828,0.80937083684492,7.33093400413658e-15,3.32468843500952e-14,Early_Burst_Up,0.980667092881171,1.01170845160671
KTN1,0.15155698767487,0.18366504108005,0.189159562798215,6.48061100972663e-09,1.82633406105469e-08,Early_Burst_Up,0.982469891918567,0.189159562798215
TUBB6,0.155462299215834,0.136551774769242,0.153053970037153,1.9366226302573e-06,4.39143692888317e-06,Early_Burst_Up,0.993642400926112,0.155462299215834
MXRA5,1.2092588926958,1.22937738016289,1.14342650197467,1.42924564964166e-54,1.18941822963179e-51,Early_Burst_Up,0.998115224852043,1.22937738016289
LTF,0.426374622606642,0.55278315894744,0.631516569637161,4.5367630981688e-06,9.95122364337394e-06,Early_Burst_Up,0.953860775871347,0.631516569637161
TPR,0.117697669026771,0.115119980574421,0.134745456193104,5.02407868144939e-06,1.09853869645354e-05,Early_Burst_Up,0.990048149442631,0.134745456193104
ACO2,-0.582756545563903,-0.632984614064043,-0.630300771674881,8.89557327947757e-35,2.61586434034673e-33,Early_Loss_Down,0.997200359173517,0.632984614064043
EIF3A,-0.133248380953069,-0.143761253210686,-0.0997433628592476,4.67922543464997e-06,1.02528999650229e-05,Early_Loss_Down,0.958111586621187,0.143761253210686
MVP,0.512287971895947,0.530821257765663,0.494484066879304,5.97837119466356e-28,8.41827497157194e-27,Early_Burst_Up,0.998328488498763,0.530821257765663
HNRNPL,0.0807656056265891,0.0750269807157737,0.0932202625109271,0.00316481970662876,0.00515716263923332,Early_Burst_Up,0.983667600668478,0.0932202625109271
CEL,-1.68169780340951,-1.92270066003472,-1.76558126906494,1.10376409031832e-25,1.25656973455938e-24,Early_Loss_Down,0.993829047611242,1.92270066003472
DPYSL2,0.318419666634646,0.26762232667073,0.234669198188902,2.98225372721022e-08,7.94694701179746e-08,Early_Burst_Up,0.969720004881026,0.318419666634646
DST,0.30334402483357,0.289576762303758,0.320060857401893,4.17045005348453e-22,3.50216804693222e-21,Early_Burst_Up,0.996661756234412,0.320060857401893
HSPB1,-0.17207798821733,-0.167786189075946,-0.20586238353801,0.00905007864375654,0.0139265448360469,Early_Loss_Down,0.982922786697915,0.20586238353801
HADHA,-0.347144252535777,-0.38728926478131,-0.418231173073131,2.98032871912222e-15,1.39182354660691e-14,Early_Loss_Down,0.988719791581895,0.418231173073131
GPI,0.209005933936478,0.190580757713143,0.197347734206411,0.000847936945567608,0.00147657067608571,Early_Burst_Up,0.997087442651816,0.209005933936478
IDH1,-0.0987216849272081,-0.117243436827739,-0.134008294067658,0.0237179737993539,0.0342734811526695,Early_Loss_Down,0.970806827268321,0.134008294067658
UGGT1,-0.162688652861949,-0.188636854974227,-0.153032754414076,4.05044061393378e-05,8.1439397896006e-05,Early_Loss_Down,0.98438019216223,0.188636854974227
YWHAE,-0.137116525625645,-0.178336994191445,-0.150709022446172,6.15807463636757e-08,1.59948492895914e-07,Early_Loss_Down,0.976492175679874,0.178336994191445
COL1A1,1.12047825678739,1.02914683821902,0.98773992302261,2.70447452123266e-39,1.37235591254257e-37,Early_Burst_Up,0.994423654410937,1.12047825678739
TAGLN2,0.61312491641098,0.616511472723897,0.551170640677955,1.58566648027514e-31,3.24223991372229e-30,Early_Burst_Up,0.994918514042732,0.616511472723897
LRPPRC,-0.234459660727878,-0.316108865412009,-0.269225970914872,2.87117879285607e-09,8.35160779942266e-09,Early_Loss_Down,0.971306724833966,0.316108865412009
STIP1,0.250583658298125,0.224704637282307,0.245168131341052,1.92831100752424e-07,4.78741175555391e-07,Early_Burst_Up,0.995720566253005,0.250583658298125
TLN2,0.28368990772129,0.246060580520046,0.229121804861688,1.82160911415956e-06,4.14078968807316e-06,Early_Burst_Up,0.984130753306773,0.28368990772129
DHX9,0.123202370621437,0.108971275296629,0.126609118897966,9.07838206572937e-07,2.11388627730833e-06,Early_Burst_Up,0.991938156428151,0.126609118897966
EPB41L2,0.246845410106713,0.17867751977343,0.172875130363744,0.00129186280071047,0.00220757335267198,Early_Burst_Up,0.94770501559026,0.246845410106713
ATP1A1,-0.171832731775148,-0.262825209001951,-0.310330832267764,0.000109917899965092,0.000210477856306832,Monotonic_Down,0.964336456211945,0.310330832267764
PRSS1,-1.9006093535269,-2.07415600201427,-1.99523597450475,1.3928885073202e-31,2.86921241532641e-30,Early_Loss_Down,0.997467573615916,2.07415600201427
IGLL5,0.685795706105796,0.586741626024815,0.66120820411784,1.82984861962616e-11,6.34500008855369e-11,Early_Burst_Up,0.991570778206549,0.685795706105796
PCBP1,-0.192981765663226,-0.198751092284805,-0.164805121777844,6.18553289334371e-15,2.81751531135229e-14,Early_Loss_Down,0.987457813633346,0.198751092284805
TNKS1BP1,0.238973339951261,0.240611477166881,0.215095031656419,1.1920860454883e-15,5.74770571874486e-15,Early_Burst_Up,0.994965762439366,0.240611477166881
HNRNPK,-0.248660197339862,-0.240804245559902,-0.226827882013213,1.16002327027281e-12,4.43534421067596e-12,Early_Loss_Down,0.997152180692391,0.248660197339862
RBMX,0.38456178267546,0.38298891857723,0.359142150939776,4.4353243578159e-16,2.22891118996038e-15,Early_Burst_Up,0.998087641440581,0.38456178267546
MYLK,0.24323236129274,0.236401392863386,0.201411278542525,0.0328822094747906,0.0465621485875799,Early_Burst_Up,0.987226853516143,0.24323236129274
PARP1,-0.167953414472432,-0.24034256211822,-0.189515111542315,1.1176196489587e-06,2.58284663111199e-06,Early_Loss_Down,0.956611380420266,0.24034256211822
CTRB2,-1.70129075858845,-1.78862040290185,-1.7215501255356,3.60315359430832e-27,4.64890607935408e-26,Early_Loss_Down,0.999078180418812,1.78862040290185
ANXA5,0.490480480845199,0.423289581531334,0.357865757932712,5.5623808783421e-14,2.3497529781504e-13,Early_Burst_Up,0.96888573524393,0.490480480845199
EEA1,0.162192189288518,0.159049101801406,0.153968484397984,1.36398531309337e-05,2.87078547687481e-05,Early_Burst_Up,0.999086197726442,0.162192189288518
ACLY,-0.0837925120407497,-0.122693638084292,-0.0410480893232189,0.000678332242010383,0.00119447332162726,Mid_Trough,0.944268931221514,0.122693638084292
CAND1,0.201381688600473,0.187939578926239,0.236470688901681,7.70092505267857e-09,2.15563734572456e-08,Early_Burst_Up,0.981298739674189,0.236470688901681
HYOU1,-0.425637546741511,-0.463242799132024,-0.392160322635343,2.58245173611638e-16,1.31928565671949e-15,Early_Loss_Down,0.990879157479474,0.463242799132024
KIF5B,0.161695338183741,0.175625097377611,0.154934147056377,2.0219025953855e-11,6.99055812164443e-11,Early_Burst_Up,0.994532765944674,0.175625097377611
NID2,0.140671425027988,0.133314688134741,0.144290018682341,0.0202147300452733,0.0294979806131447,Early_Burst_Up,0.997861484821087,0.144290018682341
LTBP2,1.04130088048116,1.03204371377269,0.878586900435644,1.64010205412252e-30,3.04663600321598e-29,Early_Burst_Up,0.98869340434153,1.04130088048116
GANAB,0.0912376757562939,0.0779345488010413,0.114227292829629,0.000651752891127291,0.00115010338421572,Early_Burst_Up,0.953143799063789,0.114227292829629
SERPINH1,1.02813396340576,1.03512793601732,0.995578021545695,7.26606895228293e-46,9.76697383890014e-44,Early_Burst_Up,0.999429121670684,1.03512793601732
PLS3,0.71882741146866,0.6897791245598,0.656989564613257,3.66351796649815e-36,1.29735304328501e-34,Early_Burst_Up,0.997318860590077,0.71882741146866
TKT,-0.31171816229588,-0.322924646266287,-0.257932154267496,5.83570539078327e-15,2.66254058454487e-14,Early_Loss_Down,0.982299707518312,0.322924646266287
MDH2,-0.117529030456914,-0.168855540761112,-0.208981964268607,0.000585674683475836,0.00103834356963909,Monotonic_Down,0.965974085004686,0.208981964268607
CTSD,0.270131044950237,0.285190020037568,0.293235149516469,2.19232675487914e-05,4.5294298048918e-05,Early_Burst_Up,0.99771551369415,0.293235149516469
LAMA4,0.268471852507756,0.284913537528147,0.301742023444276,7.7414894370018e-08,1.99457198435693e-07,Early_Burst_Up,0.995489309606647,0.301742023444276
GC,0.782714349801276,0.748719959502631,0.713626056064686,7.35411041441653e-15,3.33170725515037e-14,Early_Burst_Up,0.997170793183818,0.782714349801276
MUC5B,1.16793467171519,1.1060172473343,1.27892068432779,7.43980307333369e-23,6.67177167847877e-22,Early_Burst_Up,0.992783057994748,1.27892068432779
F13A1,0.6355936596256,0.596929757900742,0.655304513867622,2.75077878005938e-16,1.40183594658017e-15,Early_Burst_Up,0.997043920333516,0.655304513867622
ATP5F1A,-0.373530447481345,-0.456608278874343,-0.433728156865084,3.47349380890834e-26,4.12359707243013e-25,Early_Loss_Down,0.986446300811316,0.456608278874343
PGAM1,0.425660171285835,0.434298862178921,0.399510824370998,1.51826637883574e-19,1.00918632625168e-18,Early_Burst_Up,0.99752711623067,0.434298862178921
LDHA,0.642945470264428,0.695244960517267,0.648369773564397,1.20699499100898e-30,2.27768986738702e-29,Early_Burst_Up,0.997494791314809,0.695244960517267
SEPTIN9,0.368323117330285,0.38247830080446,0.377807419477501,2.25983698755858e-23,2.08959593449583e-22,Early_Burst_Up,0.999510253789037,0.38247830080446
AGRN,0.230632256132569,0.227617224688715,0.239500826854285,4.38637421981659e-05,8.79176451284048e-05,Early_Burst_Up,0.999060750315646,0.239500826854285
PDCD6IP,0.231771048979812,0.22861081344358,0.222372114974943,1.48585149326171e-08,4.05418233669638e-08,Early_Burst_Up,0.999411663985299,0.231771048979812
LMNB1,0.425474745797638,0.402524694327966,0.432206202485955,5.31614048003333e-18,3.10462604033946e-17,Early_Burst_Up,0.998175157010507,0.432206202485955
TRIM28,0.237038187184603,0.230676093939777,0.231213906623105,1.26737321092312e-13,5.23428280957926e-13,Early_Burst_Up,0.999694356669118,0.237038187184603
CANX,-0.341168848260026,-0.373662470773201,-0.312437928023676,1.0469295184421e-07,2.66765078152944e-07,Early_Loss_Down,0.98949813013721,0.373662470773201
ANXA1,0.802773790388985,0.88401877367751,0.742419406815048,5.15228705646441e-34,1.38761595093517e-32,Early_Burst_Up,0.989888251033015,0.88401877367751
SVIL,0.325594424381785,0.311265451748402,0.316118226334709,4.36836271858928e-11,1.4777851440691e-10,Early_Burst_Up,0.999298957009162,0.325594424381785
KIAA1217,0.450869556059436,0.485681166326178,0.399385883404971,2.72640256065961e-27,3.56747202984422e-26,Early_Burst_Up,0.987562527398401,0.485681166326178
CCT2,-0.118782223866148,-0.132267566372653,-0.104829438629111,4.31684981857796e-05,8.65449872083974e-05,Early_Loss_Down,0.982628617800461,0.132267566372653
LMO7,0.706455429923044,0.764672638223983,0.637674335735448,6.27459098920475e-37,2.46307293453594e-35,Early_Burst_Up,0.989269707706236,0.764672638223983
HSPA8,-0.078319254110934,-0.0556040896283817,-0.0604402061894075,0.0281378200532265,0.0402964960390555,Early_Loss_Down,0.957405986532669,0.078319254110934
CA1,-0.519143388214558,-0.714373355346967,-0.5522965008752,4.27674486280441e-08,1.12665624400944e-07,Early_Loss_Down,0.961301857825234,0.714373355346967
AEBP1,1.06282578102774,1.15175610176725,0.974401204276263,1.31877634452648e-36,4.92146042114322e-35,Early_Burst_Up,0.99084811792291,1.15175610176725
ACTR3,0.398284453712022,0.417696837326392,0.400121841505875,8.18977370321936e-34,2.12985302369349e-32,Early_Burst_Up,0.999069399999098,0.417696837326392
PEBP1,-0.661856620950006,-0.779825693697018,-0.753941772358361,2.32704513327598e-31,4.73488254257279e-30,Early_Loss_Down,0.990565628131871,0.779825693697018
AARS1,-0.529401709554297,-0.525443131806384,-0.479091136141273,1.00396593438696e-22,8.86002598724103e-22,Early_Loss_Down,0.996032733638377,0.529401709554297
KRT7,0.898673688771185,1.10822497861977,1.14916775546889,3.43203080698379e-27,4.45575044863013e-26,Early_Burst_Up,0.978932530596623,1.14916775546889
DCN,0.651364705868556,0.59618195524618,0.492352059851926,4.73136417325398e-09,1.34797715336596e-08,Early_Burst_Up,0.975121044254125,0.651364705868556
ATIC,0.219656101079253,0.20407893067793,0.181636441370055,4.94320618302299e-06,1.08142381322601e-05,Early_Burst_Up,0.988248846324831,0.219656101079253
SPTB,-0.550183725782275,-0.633145609123996,-0.445496367012479,2.09778558258384e-11,7.24689564892601e-11,Early_Loss_Down,0.962255222867426,0.633145609123996
LRBA,-0.265701325006855,-0.309677288647705,-0.257015004453919,4.45058096787221e-14,1.90425371797597e-13,Early_Loss_Down,0.9864742910106,0.309677288647705
CTTN,0.423312396388019,0.44471154681413,0.345685999926967,2.01178617842825e-19,1.32558072659382e-18,Early_Burst_Up,0.978591142528441,0.44471154681413
ACO1,-0.505349984637534,-0.537069160377813,-0.526643046786147,1.18682169938003e-26,1.46756763480544e-25,Early_Loss_Down,0.998728479327172,0.537069160377813
TPM1,0.356693938926911,0.341791518526118,0.279235772823768,8.54400465412186e-05,0.000165087547554219,Early_Burst_Up,0.97944702413058,0.356693938926911
FBLN2,1.08099848034648,1.08636234163582,0.945017927243982,1.0468348182842e-41,7.64189417347465e-40,Early_Burst_Up,0.99214511905976,1.08636234163582
SF3B1,0.0559344634763107,0.0491357716665326,0.101052509346704,0.000435377773735268,0.00078305896542574,Monotonic_Up,0.924952231021206,0.101052509346704
C5,0.53843491745637,0.436185688815267,0.447786208425968,7.81178182677627e-09,2.18593303168904e-08,Early_Burst_Up,0.981912228727806,0.53843491745637
PABPC1,-0.119694753112867,-0.124580136755444,-0.114616400948935,0.000444124017935249,0.000797755250864913,Early_Loss_Down,0.997695425242905,0.124580136755444
HNRNPA3,0.187983334553838,0.162689155005195,0.179059231101932,8.65393680179267e-06,1.85326973917958e-05,Early_Burst_Up,0.993035942439873,0.187983334553838
HADHB,-0.484422224807154,-0.495247344194134,-0.522944695693331,5.34300313772912e-36,1.86043816368961e-34,Early_Loss_Down,0.997908735215152,0.522944695693331
XRCC5,0.231295992075861,0.207300319445709,0.25086415208271,4.38809714178149e-12,1.60095328425715e-11,Early_Burst_Up,0.988193991859255,0.25086415208271
COL6A1,0.33626716090366,0.244991725117646,0.233226325056595,2.78548512505327e-05,5.6871460281387e-05,Early_Burst_Up,0.946989829735873,0.33626716090366
PDLIM7,0.739715988200612,0.784566329272852,0.688379603786651,5.38175973550106e-25,5.70535089411973e-24,Early_Burst_Up,0.994370114918843,0.784566329272852
SPTA1,-0.754162302993651,-0.852440319098181,-0.629064491023904,1.59654685045328e-13,6.53218431144159e-13,Early_Loss_Down,0.971200927016308,0.852440319098181
PGM1,-0.113637356249726,-0.138731577251479,-0.115370146275767,0.00766480817121262,0.0119049148191175,Early_Loss_Down,0.983013818711548,0.138731577251479
CSRP1,0.475957464476974,0.543529205865479,0.425521126069437,1.0442288910035e-10,3.43752880970376e-10,Early_Burst_Up,0.980440546969778,0.543529205865479
TJP1,-0.128668139760305,-0.0941227191835844,-0.112146314535397,0.000906741945269968,0.00157403138684536,Early_Loss_Down,0.969518847401871,0.128668139760305
VARS1,-0.293260212583418,-0.28734730177159,-0.236635369630879,1.42736407224616e-14,6.30160414282893e-14,Early_Loss_Down,0.983034452368148,0.293260212583418
DDX1,-0.235087516956812,-0.236551482860932,-0.199840921979746,1.15425943397209e-16,6.04895907400235e-16,Early_Loss_Down,0.988696617464976,0.236551482860932
PRDX1,0.302118794710123,0.27116204196121,0.287279671019125,1.99618221734894e-14,8.72032987547395e-14,Early_Burst_Up,0.996138156859831,0.302118794710123
CNN2,1.15298369223571,1.2086958075063,1.10371478064585,3.70648559770964e-59,7.7113432860349e-56,Early_Burst_Up,0.997254690767923,1.2086958075063
LMNB2,0.4632016915186,0.434169149003426,0.39448502748472,6.86772690080835e-16,3.39389686867738e-15,Early_Burst_Up,0.991552054941236,0.4632016915186
HMCN1,0.948446829234617,0.943938688583092,0.853492637456099,6.59204204533035e-43,6.233974306959e-41,Early_Burst_Up,0.995464084058574,0.948446829234617
CKAP5,0.133385137339021,0.102633317890017,0.144931686920456,1.79395338879205e-08,4.86454222923669e-08,Early_Burst_Up,0.962672025373383,0.144931686920456
SAMHD1,0.189053566717295,0.156413986868875,0.207188546270636,0.00136151794339782,0.00232040801248345,Early_Burst_Up,0.97496164362069,0.207188546270636
CNDP2,-0.325991218519606,-0.346968411357822,-0.342997184292894,3.18723356392733e-12,1.17571621094872e-11,Early_Loss_Down,0.998559524075752,0.346968411357822
COPG1,-0.345867320291898,-0.328582343380924,-0.335647928094342,3.26763136029711e-15,1.51747925113798e-14,Early_Loss_Down,0.999112952413618,0.345867320291898
AP2B1,0.445853792820655,0.424387860632129,0.417809749558757,4.17927960249864e-32,9.12859969868601e-31,Early_Burst_Up,0.998447904644048,0.445853792820655
DDX17,-0.146758753082447,-0.14432110908582,-0.123689892180766,1.39511270715977e-07,3.5214218832222e-07,Early_Loss_Down,0.988980538019855,0.146758753082447
ADAR,0.155518051760427,0.139154571725196,0.165316115614971,2.42056961968711e-08,6.48968439917402e-08,Early_Burst_Up,0.990237075090105,0.165316115614971
LIMA1,0.14938152267664,0.240273552761168,0.135377480321359,2.72926296217462e-06,6.12869033222266e-06,Mid_Peak,0.989887327582758,0.240273552761168
SEC31A,-0.157958825262121,-0.177026064837775,-0.152863147044751,1.51065762506659e-05,3.16906799995063e-05,Early_Loss_Down,0.991919267927671,0.177026064837775
P4HB,-1.36504250766291,-1.33704465645142,-1.24842490062344,9.25065083831032e-40,5.13226108509457e-38,Early_Loss_Down,0.997162420999311,1.36504250766291
SERPINC1,0.462336396286821,0.363416070492522,0.392541084274334,2.34638275704475e-06,5.28746203740223e-06,Early_Burst_Up,0.979740060167383,0.462336396286821
C4BPA,0.482996093479462,0.417393882626285,0.419753879118998,9.27662205049181e-07,2.1588380510121e-06,Early_Burst_Up,0.990599137100678,0.482996093479462
C7,0.491338812291018,0.371802613440898,0.410634405128909,1.07867185832754e-06,2.4963034496668e-06,Early_Burst_Up,0.97358411829584,0.491338812291018
LAMA3,1.11720288021086,1.29552275797485,1.15526618641499,3.46453069396308e-36,1.23212924936584e-34,Early_Burst_Up,0.991788614382072,1.29552275797485
ITIH1,0.747031306915114,0.703011874950986,0.671053818089753,3.47626723886376e-18,2.05757439273287e-17,Early_Burst_Up,0.996140922878251,0.747031306915114
ITIH2,0.784859458666734,0.712670055698436,0.674798486155982,4.17467822746232e-16,2.10046385785619e-15,Early_Burst_Up,0.992143182874088,0.784859458666734
CCT3,0.108126240104639,0.0930947484045618,0.12391004263001,0.00776335105734936,0.0120534715483697,Early_Burst_Up,0.974089017510405,0.12391004263001
CAPN2,0.554669851981182,0.541693781053478,0.46028664930083,9.45272100066808e-23,8.35090702415709e-22,Early_Burst_Up,0.987285341454978,0.554669851981182
LAP3,0.315031655446238,0.332797263584093,0.374787928688077,4.30015178301426e-12,1.57125302774984e-11,Early_Burst_Up,0.989367014940633,0.374787928688077
FKBP4,-0.150218893944504,-0.132276595788324,-0.0856281776895117,0.0137210515772738,0.0205334636263392,Early_Trough,0.956488970852321,0.150218893944504
HSPA9,-0.110017891687069,-0.165106562095602,-0.177186096825872,0.00221786391320558,0.00368404460792353,Monotonic_Down,0.936681260138504,0.177186096825872
PPIA,-0.0964907873050203,-0.0848272050421979,-0.0849730052508926,0.0138359604017892,0.0206831080408999,Early_Loss_Down,0.99250600847775,0.0964907873050203
CFL1,0.491913519425969,0.515366918178737,0.475239238379904,2.56478887245437e-26,3.06669152249501e-25,Early_Burst_Up,0.997788545410522,0.515366918178737
HBD,-0.94979434839564,-1.09249655671011,-0.838840518165707,9.48559004223949e-18,5.41420304057044e-17,Early_Loss_Down,0.977414117492824,1.09249655671011
EML4,-0.226549684681851,-0.20979332912774,-0.235849210048254,1.11052893310127e-07,2.82624519304855e-07,Early_Loss_Down,0.995401252499689,0.235849210048254
OGDH,-0.143024632772416,-0.163252898318438,-0.181083146285597,8.60588333555073e-06,1.84392793816821e-05,Early_Loss_Down,0.982169625905524,0.181083146285597
PRSS2,-1.46182519608298,-1.67932282740391,-1.55187989252629,2.49132587577207e-27,3.27015992715696e-26,Early_Loss_Down,0.993555828492195,1.67932282740391
RPL3,-0.477585819801866,-0.50953102306233,-0.435747104076581,1.16081423417185e-20,8.62526433640904e-20,Early_Loss_Down,0.991982016600809,0.50953102306233
KRT17,1.28048368045692,1.47950247472907,1.54848497861264,3.52714212933644e-29,5.60169404586601e-28,Early_Burst_Up,0.98771158469446,1.54848497861264
DES,-0.374426529029136,-0.492932041711565,-0.352810924989061,0.0176035525058445,0.0258919695923715,Early_Loss_Down,0.95706413441988,0.492932041711565
PARK7,-0.220729899044141,-0.272821639433269,-0.231336625090203,2.32095130246178e-15,1.09124049373373e-14,Early_Loss_Down,0.983129843089672,0.272821639433269
MYO1D,0.438360933815398,0.370287863597563,0.302474299519102,1.63439129737128e-12,6.19371784003816e-12,Early_Burst_Up,0.957941009884257,0.438360933815398
APOH,0.704989102073821,0.741921272641086,0.646524438231399,6.93256334433303e-14,2.91083714185366e-13,Early_Burst_Up,0.993724038321528,0.741921272641086
ALDH1L2,-1.42160108186287,-1.43501560444038,-1.35965900301406,3.43952404773346e-36,1.22848579936643e-34,Early_Loss_Down,0.998911001415058,1.43501560444038
CAPN1,0.214825846074354,0.210329932231032,0.168362616768186,4.7309807654692e-07,1.13265885875244e-06,Early_Burst_Up,0.978352487461146,0.214825846074354
ASPN,0.71289417463161,0.717059508649483,0.592828933470155,1.52968293144225e-10,4.97460779814865e-10,Early_Burst_Up,0.985713461132148,0.717059508649483
OLFM4,0.7172332823008,0.731159972701018,0.597354186126646,9.32669511709785e-06,1.99170533139565e-05,Early_Burst_Up,0.984835539926737,0.731159972701018
PPIB,-0.42620050807505,-0.473059376186662,-0.386355812205057,7.62294606232214e-16,3.74045737798614e-15,Early_Loss_Down,0.986599510239622,0.473059376186662
MTHFD1,-0.161928350515088,-0.192153086788858,-0.151395876200879,2.19007266493692e-06,4.9499686902784e-06,Early_Loss_Down,0.979618627947144,0.192153086788858
HNRNPH1,0.0835128955723494,0.0776351094829148,0.104573862615829,0.000374885660993805,0.000679990948297831,Early_Burst_Up,0.967552177334581,0.104573862615829
PDIA2,-1.73438739574629,-1.72346008975591,-1.63624944272825,2.18345884245265e-26,2.63726335078243e-25,Early_Loss_Down,0.998665007259143,1.73438739574629
PPP1R12A,0.307324647614849,0.325707527546773,0.29025912589893,7.95937388990819e-12,2.85385219783782e-11,Early_Burst_Up,0.995604923218696,0.325707527546773
ITGB4,0.496116913845848,0.533654118846009,0.431739178250405,6.3407532906576e-15,2.88506008118384e-14,Early_Burst_Up,0.985400854594424,0.533654118846009
ITPR3,0.79446730087848,0.903852404581118,0.875317701042321,7.30080127948193e-42,5.61294590686592e-40,Early_Burst_Up,0.994218031255726,0.903852404581118
ALDOC,0.329873260074591,0.350044455024033,0.295166693400177,1.94605464586633e-13,7.90003256726808e-13,Early_Burst_Up,0.990415057946686,0.350044455024033
USP9X,0.0716386988666357,0.0574676387862546,0.0932968447892703,0.00150026402416009,0.00254125731916553,Early_Burst_Up,0.929283628648907,0.0932968447892703
GLUD1,-0.402282601037547,-0.39439447516952,-0.415343793257642,8.74257414186396e-22,7.15395299986154e-21,Early_Loss_Down,0.999086761483741,0.415343793257642
TUFM,-0.258071750107207,-0.27762467175094,-0.276354423137384,3.56710882214135e-11,1.2151240121924e-10,Early_Loss_Down,0.997828876248931,0.27762467175094
GSR,-0.191265854350706,-0.212431017907751,-0.208822719382152,1.35859810996106e-07,3.43237810294353e-07,Early_Loss_Down,0.995924475403192,0.212431017907751
F2,0.373388475004605,0.316342476991497,0.300048071787281,2.22009370191025e-05,4.57884009598441e-05,Early_Burst_Up,0.982313911364074,0.373388475004605
LARS1,-0.356048217257964,-0.402344003337225,-0.3567088418085,1.84416637784842e-21,1.47427018217623e-20,Early_Loss_Down,0.99327083249581,0.402344003337225
FERMT2,0.430878572223481,0.433367816263428,0.382333807135896,1.00755992457264e-16,5.31700297545563e-16,Early_Burst_Up,0.993667633775798,0.433367816263428
AP2A1,0.616133773866346,0.599782083716689,0.5919252794368,6.63551511081621e-50,2.04521321304491e-47,Early_Burst_Up,0.99944044719548,0.616133773866346
HK1,0.767581974422842,0.770259567209231,0.686087076207783,1.18973509248197e-43,1.22234264686851e-41,Early_Burst_Up,0.994492264946992,0.770259567209231
EMILIN1,0.693721177172102,0.686502805075842,0.660921067387705,1.48499971350749e-26,1.82813130411381e-25,Early_Burst_Up,0.999145474601614,0.693721177172102
LGALS1,0.824892062861863,0.819304641099666,0.735444701445942,2.00783399107358e-32,4.5405419765528e-31,Early_Burst_Up,0.994721463521939,0.824892062861863
DDB1,-0.123337297721553,-0.166860193063695,-0.121851314666732,2.14795480639608e-08,5.79425604500102e-08,Early_Loss_Down,0.956771118828971,0.166860193063695
SEPTIN7,0.373208441211021,0.331324393398055,0.305596597866443,2.43916577022566e-15,1.14552694919966e-14,Early_Burst_Up,0.986578874245442,0.373208441211021
MYL12A,0.506253036160626,0.525267389285508,0.483738247261822,1.00074676006709e-11,3.55147741461762e-11,Early_Burst_Up,0.997748808482224,0.525267389285508
DDX3X,-0.160929631218431,-0.15244959842722,-0.131444215061574,6.59157179097769e-09,1.85446451807019e-08,Early_Loss_Down,0.986312018529395,0.160929631218431
UACA,0.452314475082332,0.440306513843351,0.381757447576267,3.01070458955759e-22,2.56975216351777e-21,Early_Burst_Up,0.989633567729155,0.452314475082332
IARS1,-0.109881249317509,-0.158020797072073,-0.157152989340519,8.45733255290594e-05,0.000163526769296662,Early_Loss_Down,0.953117429328962,0.158020797072073
PDLIM5,0.631741682131782,0.662203909514567,0.596237295038511,2.25187592360452e-34,6.39594246970539e-33,Early_Burst_Up,0.996358922433853,0.662203909514567
ZYX,0.550129403535102,0.597880599541174,0.547221887672728,2.5658479996449e-32,5.69412988081197e-31,Early_Burst_Up,0.996638284456648,0.597880599541174
HNRNPA1,0.607058851153145,0.617207831780766,0.586730071535058,5.94015791651094e-28,8.37864308156e-27,Early_Burst_Up,0.999119893079472,0.617207831780766
EZR,0.320180500479655,0.442996456516411,0.373974323160957,8.26514676637331e-15,3.72805156584058e-14,Early_Burst_Up,0.966579863951779,0.442996456516411
PREP,-0.135041768651076,-0.0940195489928997,-0.106487815784548,0.000698722239615477,0.0012282987913139,Early_Loss_Down,0.955954620027961,0.135041768651076
TAF15,-0.221270693074086,-0.196056325629592,-0.188975080601487,1.1220418514616e-05,2.37962086846672e-05,Early_Loss_Down,0.99072423062571,0.221270693074086
ITIH4,0.277886107618109,0.208447810210406,0.245033099316141,0.00187079862764338,0.0031338136431659,Early_Burst_Up,0.973983069599532,0.277886107618109
VDAC1,0.198974422100755,0.204057169266208,0.103736120771139,0.00601280381263732,0.00943767509029947,Early_Peak,0.935280122648851,0.204057169266208
PSAP,0.29140821930952,0.325094796657785,0.326533214945395,1.16587142952393e-14,5.19875066894453e-14,Early_Burst_Up,0.994710934221751,0.326533214945395
CAT,-0.254129202259803,-0.326146908309999,-0.237184265999999,1.56155412701206e-06,3.57153045724538e-06,Early_Loss_Down,0.962188580443756,0.326146908309999
LAMB3,1.07875944339023,1.22286175965548,1.12590804498517,1.4089553357493e-38,6.5872619685987e-37,Early_Burst_Up,0.994531295971925,1.22286175965548
FSCN1,0.746006526926244,0.734281024889781,0.62248370297567,9.70558765281195e-32,2.0448076062456e-30,Early_Burst_Up,0.987616845464712,0.746006526926244
LTA4H,0.113796741025679,0.118710853262078,0.131885929862649,0.00344480443240341,0.00558606050008986,Early_Burst_Up,0.992185654255682,0.131885929862649
DARS1,-0.233361284451173,-0.225416652936041,-0.195953023629174,2.33959999964237e-11,8.04884299174197e-11,Early_Loss_Down,0.989300629195576,0.233361284451173
COL1A2,1.00102204158568,0.934323051450196,0.894197024194336,7.3517316011582e-42,5.61294590686592e-40,Early_Burst_Up,0.995664194765838,1.00102204158568
SMC3,0.0818140321518671,0.0495509764477366,0.0810803267033896,0.0133483308814363,0.020018888015014,Early_Burst_Up,0.920417114852168,0.0818140321518671
IMMT,-0.203174441726569,-0.212792545581206,-0.258595267977021,5.47169679709759e-11,1.8398165957756e-10,Early_Loss_Down,0.977645248821752,0.258595267977021
ROCK2,0.122896846624997,0.120793942680833,0.0897454269698264,4.61354718329501e-05,9.22709436659001e-05,Early_Burst_Up,0.964762886752018,0.122896846624997
SDHA,-0.194838353368831,-0.21712508331949,-0.241570826905506,4.58303786587103e-09,1.3079575143957e-08,Early_Loss_Down,0.984993865957759,0.241570826905506
HNRNPUL2,0.212882480886311,0.222647461346786,0.238164268441558,8.0208297491481e-13,3.1191282790846e-12,Early_Burst_Up,0.995729767003002,0.238164268441558
GSTA2,-1.89316048191587,-1.90194395849144,-1.84317341559204,1.03740989976098e-42,9.38404911501186e-41,Early_Loss_Down,0.999620863767874,1.90194395849144
AKAP9,-0.274154901277505,-0.278457750834458,-0.2265125250768,2.71671792817868e-20,1.94565633376102e-19,Early_Loss_Down,0.983964716793071,0.278457750834458
TUBA4A,0.34323521260475,0.281005945301483,0.280789483959246,3.13024373542272e-06,6.98763099951392e-06,Early_Burst_Up,0.981546300749223,0.34323521260475
KNG1,0.605629933072764,0.456883381092672,0.482371365358207,2.81492987967035e-08,7.51551057382631e-08,Early_Burst_Up,0.969625559545273,0.605629933072764
STAT1,0.490662709280206,0.523160662592714,0.559061432962221,1.87548279586405e-21,1.49643028065011e-20,Early_Burst_Up,0.994370084047722,0.559061432962221
ACADVL,-0.345061498605193,-0.41926555604719,-0.418399444478207,1.01399756820468e-20,7.58175001132019e-20,Early_Loss_Down,0.984790647884696,0.41926555604719
ARPC1B,0.604010030303011,0.626196980447391,0.600312089732802,1.91767588189684e-52,9.97431168071594e-50,Early_Burst_Up,0.999298838271184,0.626196980447391
SYNM,-0.408428529561996,-0.494313319190859,-0.423543640872042,0.000246897097640079,0.000456798053926353,Early_Loss_Down,0.985960452007292,0.494313319190859
NIBAN2,0.103453921461298,0.1224942262599,0.0510739456461375,0.0274581316908475,0.0393705327241959,Mid_Peak,0.906455545490506,0.1224942262599
GFPT1,-0.316681878091885,-0.325386755486692,-0.308315699198533,1.33807263879992e-05,2.81838534550569e-05,Early_Loss_Down,0.99903334741645,0.325386755486692
NAMPT,0.598294259298067,0.608551898869779,0.61854510658587,1.09992958611582e-18,6.88241655312468e-18,Early_Burst_Up,0.99963095448187,0.61854510658587
RPS3A,-0.265480048091484,-0.286419909976596,-0.247725496039239,1.50131611253171e-12,5.71282701805619e-12,Early_Loss_Down,0.993032658148477,0.286419909976596
COMP,1.26156044996492,1.48328592863724,1.29579599311375,2.98821828761124e-27,3.89169837081389e-26,Early_Burst_Up,0.989689715251526,1.48328592863724
RPN1,-0.281272814061544,-0.290695065518034,-0.222535728860926,6.96208351573548e-05,0.00013632578592459,Early_Loss_Down,0.975035251390603,0.290695065518034
CPA2,-1.95192254290048,-2.10550474149063,-1.97798521656067,5.39532536510376e-31,1.05895985114136e-29,Early_Loss_Down,0.997782189510208,2.10550474149063
MYL6,0.522731813443103,0.54260864992359,0.478938523472012,5.35884302214959e-12,1.94234719644289e-11,Early_Burst_Up,0.994702878007775,0.54260864992359
PFKP,0.664610591123284,0.693640330851176,0.692697056779873,5.63652385602625e-33,1.35179111037033e-31,Early_Burst_Up,0.999224718654542,0.693640330851176
HNRNPD,-0.125210314853968,-0.126319696433078,-0.118256095800911,0.00490625605026246,0.00778898566392297,Early_Loss_Down,0.998327853242688,0.126319696433078
SF3B2,-0.148937440095537,-0.152727364378236,-0.12280948409867,3.82697295374379e-07,9.21796495544308e-07,Early_Loss_Down,0.982782468767824,0.152727364378236
GLG1,0.22475467970389,0.19522801844108,0.166558194915956,2.58628443571513e-05,5.29863591187132e-05,Early_Burst_Up,0.971711441341211,0.22475467970389
TRIP11,-0.406692779260584,-0.398150416609477,-0.401220096833994,1.43922842844182e-24,1.45355084726855e-23,Early_Loss_Down,0.999845565790963,0.406692779260584
TCP1,-0.172263078947974,-0.190555097878694,-0.139892788207293,1.74304839885236e-09,5.16582933591501e-09,Early_Loss_Down,0.97013975687722,0.190555097878694
LAMC2,1.40366353734055,1.59159403964503,1.46916069336465,2.74172177761299e-50,9.4722683921666e-48,Early_Burst_Up,0.994565955802177,1.59159403964503
KIF13B,0.264959735939432,0.303233204413631,0.312583814994733,1.51473350309266e-12,5.75861681714807e-12,Early_Burst_Up,0.990293962885063,0.312583814994733
APOA4,0.454089365268028,0.332991227167168,0.224614417637918,0.00380489780712099,0.00612226596111,Early_Peak,0.984153814973507,0.454089365268028
RPL5,-0.401169647637332,-0.426371972087839,-0.389876932610958,2.91038699666509e-16,1.48045480356032e-15,Early_Loss_Down,0.997185452309389,0.426371972087839
PLIN4,-1.2586652512034,-1.29856610960686,-1.26247668580961,1.17859317349049e-14,5.24786109672975e-14,Early_Loss_Down,0.999601469588158,1.29856610960686
CALU,0.458810327624457,0.470693887474885,0.39961902201555,3.28033017105221e-26,3.89984395478522e-25,Early_Burst_Up,0.990297455588988,0.470693887474885
USO1,-0.232993255290081,-0.228711647532799,-0.202236767969776,2.16462911252582e-06,4.89379067493613e-06,Early_Loss_Down,0.992529460404296,0.232993255290081
RPS3,-0.554372343138323,-0.579784678753445,-0.525803813358475,2.51510695961475e-27,3.29617639652188e-26,Early_Loss_Down,0.99683891047039,0.579784678753445
CELA2A,-1.65699097377821,-1.72843567116987,-1.71164277407775,9.56046489605297e-34,2.46322566145365e-32,Early_Loss_Down,0.999356039970463,1.72843567116987
RECQL,0.329133501947285,0.315029279561719,0.3720239159007,2.0185090796902e-20,1.46324325445835e-19,Early_Burst_Up,0.989915002487649,0.3720239159007
C1R,0.909665505011525,0.878065680613355,0.839132528581553,3.33733342386685e-33,8.29053395624475e-32,Early_Burst_Up,0.997836377918505,0.909665505011525
CELA3A,-1.54298075419911,-1.72277074478878,-1.6895665608471,1.5361032193713e-25,1.73452523631045e-24,Early_Loss_Down,0.995557054510171,1.72277074478878
PLA2G1B,-2.23417053362113,-2.37011350379358,-2.31777795998709,9.46395308693217e-29,1.43983578774131e-27,Early_Loss_Down,0.998824584847165,2.37011350379358
HSD17B4,0.206214858959203,0.209033303140739,0.224168386851866,3.41914877820343e-05,6.90802528094415e-05,Early_Burst_Up,0.997275022662528,0.224168386851866
DIAPH1,0.298949265406629,0.304156800322888,0.293677721667281,1.6778866425088e-20,1.22700989797524e-19,Early_Burst_Up,0.999590616243746,0.304156800322888
XPNPEP1,-0.262447937740517,-0.2773865603645,-0.262826511780712,9.67093371443141e-09,2.68361154956646e-08,Early_Loss_Down,0.998651422547415,0.2773865603645
AKAP13,0.278136957094974,0.304998050687049,0.289258401951516,3.97138860206844e-31,7.86902284438419e-30,Early_Burst_Up,0.997140197625992,0.304998050687049
CTSB,0.681278769804757,0.740915255467584,0.734974212569189,3.00310138104822e-38,1.34364568242383e-36,Early_Burst_Up,0.997228633934293,0.740915255467584
UGP2,0.169722943152397,0.189802621251359,0.160619736662025,3.03425801162986e-09,8.79829100096994e-09,Early_Burst_Up,0.990255581028403,0.189802621251359
NDUFS1,-0.503351344607832,-0.51171381747605,-0.509791038939296,4.65040277582177e-27,5.9084964733418e-26,Early_Loss_Down,0.999901013869811,0.51171381747605
LASP1,0.417767620809402,0.412632613407014,0.342278372195036,7.42120798185022e-15,3.35896080533895e-14,Early_Burst_Up,0.984827545638695,0.417767620809402
PGD,0.333190040530582,0.324654913365214,0.366696183274145,2.9057917247924e-13,1.16539752933602e-12,Early_Burst_Up,0.994401897049667,0.366696183274145
CHD4,0.0700286923980668,0.0576200435287622,0.084372045585577,0.00556970465960708,0.00879132930376325,Early_Burst_Up,0.955336314128116,0.084372045585577
EFEMP1,1.0793208545054,1.09127833594628,0.946978114611155,2.30640615196615e-29,3.77832913320123e-28,Early_Burst_Up,0.992174521779901,1.09127833594628
DNAJC13,0.334672472094884,0.330450261765057,0.353828939741268,2.48646216029698e-29,4.0573211956846e-28,Early_Burst_Up,0.998210739648191,0.353828939741268
YARS1,-0.673774049623582,-0.668997292545807,-0.640899696071671,3.66458100024239e-30,6.5867479663104e-29,Early_Loss_Down,0.999039231811206,0.673774049623582
AFDN,-0.150115026853256,-0.13804833805867,-0.177939652457472,7.49090370325608e-07,1.75801750193167e-06,Early_Loss_Down,0.977654700586478,0.177939652457472
SEC24D,-0.202489727084009,-0.216441604802003,-0.192181328663747,8.78074120276996e-07,2.04916792735422e-06,Early_Loss_Down,0.995270301420957,0.216441604802003
MPRIP,0.417483985239145,0.44955045445746,0.389452298612449,1.24060283747405e-27,1.68422460252187e-26,Early_Burst_Up,0.993196537366712,0.44955045445746
ARHGAP1,0.472290007008342,0.509905269679109,0.490982248009343,1.97871530875854e-31,4.0359972547766e-30,Early_Burst_Up,0.99804982824465,0.509905269679109
NSF,-0.371793740370665,-0.372314090462126,-0.320788887982721,2.57632876892091e-21,2.03417533348765e-20,Early_Loss_Down,0.990856083578421,0.372314090462126
TXNDC5,0.246256837158139,0.216213012718822,0.26923375713248,0.000260900390636888,0.000481208566241175,Early_Burst_Up,0.984521416372479,0.26923375713248
EEF1D,0.228745836217634,0.221626181278431,0.22021687251189,1.36315525974323e-05,2.86976424780752e-05,Early_Burst_Up,0.999442664193981,0.228745836217634
HSPH1,0.399524090224884,0.41634221488922,0.348462639621783,4.23288626066288e-22,3.5474400263078e-21,Early_Burst_Up,0.989118814583055,0.41634221488922
LYZ,0.691673106435973,0.700722055593804,0.601927234269732,2.53400783673237e-08,6.78507503773705e-08,Early_Burst_Up,0.991120355126939,0.700722055593804
HNRNPF,0.302711477994696,0.320735567621304,0.309203578494716,4.15610640469655e-16,2.09238460374378e-15,Early_Burst_Up,0.998852333819728,0.320735567621304
WARS1,0.00146790678234813,0.0393040790699712,0.131223081805108,0.0344352657887063,0.0485959440213013,Late_Burst_Up,0.955345573407982,0.131223081805108
CAD,0.18120361264647,0.148616847431912,0.195021596640157,7.74910770594488e-12,2.77965837624454e-11,Early_Burst_Up,0.976149887195987,0.195021596640157
AGR2,0.688601456432336,0.69656931888502,0.687938142989397,9.84341434419301e-08,2.51201760724852e-07,Early_Burst_Up,0.999935589713076,0.69656931888502
JUP,0.275464690811813,0.356959754088906,0.332011933433364,2.90330495613998e-12,1.0776674328723e-11,Early_Burst_Up,0.97823724462168,0.356959754088906
UBA6,0.293822084718977,0.318012903288446,0.307483326264074,2.05815978724379e-21,1.63747664908631e-20,Early_Burst_Up,0.997917659458042,0.318012903288446
IGF2R,0.243672024050553,0.231084563872037,0.206515037895195,1.59909672356656e-08,4.35746003062243e-08,Early_Burst_Up,0.990892573361733,0.243672024050553
LMAN1,-0.550911034659233,-0.582136019039221,-0.505661559607578,1.88255957393098e-20,1.3694633543928e-19,Early_Loss_Down,0.993457947517313,0.582136019039221
MIA3,-0.547639966535662,-0.539514498526231,-0.528398796040453,4.91225908468446e-21,3.79923978650038e-20,Early_Loss_Down,0.999571308720408,0.547639966535662
VAT1,0.194013341153653,0.124022160122603,0.124865825156387,0.00271450875399504,0.00445599627537414,Early_Peak,0.928904056059354,0.194013341153653
TARS1,-0.411952339867262,-0.398038876192016,-0.374793336083577,3.30037221455444e-16,1.67269778133508e-15,Early_Loss_Down,0.997000499284879,0.411952339867262
CYFIP1,0.0801894538161741,0.0993931059196007,0.108298715394576,0.000307781753067281,0.000563307620194835,Early_Burst_Up,0.971394536588507,0.108298715394576
XPO1,0.194399804631881,0.171804414338312,0.202365358002698,1.64241905132956e-15,7.83727714745676e-15,Early_Burst_Up,0.990799104671587,0.202365358002698
PYGL,0.421369441098532,0.46618041107658,0.446787807216353,1.57336145696568e-15,7.52500807176344e-15,Early_Burst_Up,0.996613447750084,0.46618041107658
ARHGDIB,0.36581659121081,0.400603561332121,0.431259610070143,1.13614965118881e-09,3.42946586767983e-09,Early_Burst_Up,0.99114991105137,0.431259610070143
FUBP1,0.0847187110416017,0.0954332870253106,0.130239802774434,0.00024465321256641,0.000452948617347645,Monotonic_Up,0.937816684205411,0.130239802774434
SORBS2,-0.421778261211346,-0.48876348911398,-0.51041253343642,2.28890353724301e-18,1.38130929927022e-17,Early_Loss_Down,0.987546101809538,0.51041253343642
NUCB2,-0.867546604396425,-0.906397100308325,-0.887816201431923,3.89686842491717e-31,7.73979451841543e-30,Early_Loss_Down,0.999361098816635,0.906397100308325
TP53BP1,0.079281484439629,0.0660515706125069,0.107340339506135,0.00336813672072467,0.00547026420567344,Early_Burst_Up,0.925647816880278,0.107340339506135
EFTUD2,0.12579854820772,0.114336947758281,0.13462536944251,1.26005755574862e-06,2.89834134299061e-06,Early_Burst_Up,0.991273699338059,0.13462536944251
AKR1A1,-0.182276882651873,-0.200172668079713,-0.196642635745097,0.000171965775198405,0.000323778095294372,Early_Loss_Down,0.996800282313901,0.200172668079713
SEPTIN2,0.441554147991894,0.434429785531498,0.388548485533252,2.359465868762e-23,2.17688192459394e-22,Early_Burst_Up,0.993846732881997,0.441554147991894
PRDX6,-0.189906622426659,-0.240221111577311,-0.204435720970616,3.33161119356202e-08,8.84391335018282e-08,Early_Loss_Down,0.980596931376798,0.240221111577311
EVPL,0.759477594638258,0.919957461519815,0.811376288877971,2.16177426319528e-34,6.16105665010654e-33,Early_Burst_Up,0.987275980944874,0.919957461519815
PPP2R1A,0.165479317040908,0.155339104505027,0.189307093880755,2.95228796848612e-09,8.57554641317329e-09,Early_Burst_Up,0.986266548543338,0.189307093880755
PCK2,-0.809800132140777,-0.807723467507707,-0.766420597418105,9.59146869556662e-29,1.45657303803842e-27,Early_Loss_Down,0.998738304698963,0.809800132140777
SELENBP1,-0.374637292073694,-0.483773345932743,-0.4464310840179,1.77186792140411e-13,7.22463735518129e-13,Early_Loss_Down,0.978997007744435,0.483773345932743
PDLIM1,0.177130702419132,0.17618833487157,0.121110697931656,0.00209619841468263,0.0034882149983981,Early_Burst_Up,0.949288125505913,0.177130702419132
CDC42BPB,0.386062240513503,0.400918980613075,0.387808844307262,8.91630107863215e-36,3.01631941367385e-34,Early_Burst_Up,0.999427142956362,0.400918980613075
RAI14,0.741611831861901,0.778302139731138,0.717529959822627,1.03695541858812e-57,1.33990216545713e-54,Early_Burst_Up,0.997762546255294,0.778302139731138
SERPINF1,1.0708085771176,1.05444477349144,0.961738517297827,5.1206642767108e-27,6.46648984989185e-26,Early_Burst_Up,0.995671592040243,1.0708085771176
MAP1A,0.572503284330619,0.549974751002318,0.476753901178145,2.35747769528392e-25,2.59509647885618e-24,Early_Burst_Up,0.988444655273238,0.572503284330619
ACAT1,-1.18523980906017,-1.23183854669726,-1.180593806462,1.95829913582186e-45,2.43238289676261e-43,Early_Loss_Down,0.999256187292163,1.23183854669726
TPP2,0.0857915748566527,0.0493874270530757,0.0790221281642391,0.0180853506637498,0.0265536852900011,Early_Burst_Up,0.914360243986093,0.0857915748566527
CORO1C,0.610620094609794,0.648062917920964,0.589468835320326,1.15726031260011e-25,1.31387726077191e-24,Early_Burst_Up,0.996921113382668,0.648062917920964
IDH2,-0.401367896559305,-0.469144957771116,-0.426101485991768,1.75412423953463e-11,6.09766997552515e-11,Early_Loss_Down,0.991707693187298,0.469144957771116
TES,0.146307716067316,0.217741601487037,0.18087709674106,3.12776386601919e-06,6.98396857875281e-06,Early_Burst_Up,0.952103992492714,0.217741601487037
LTBP1,1.10966113949058,1.07195521544528,0.980869181209098,7.65733925859112e-49,1.82069649457129e-46,Early_Burst_Up,0.994780685549246,1.10966113949058
PDIA6,-0.791772517427245,-0.783952172051479,-0.696988679474365,1.21843940736828e-32,2.85629654876588e-31,Early_Loss_Down,0.993630759573337,0.791772517427245
RACK1,-0.726582940167859,-0.726658687634215,-0.679782392902575,2.53326493411609e-33,6.36913316668099e-32,Early_Loss_Down,0.998076821494972,0.726658687634215
FLII,0.216920387456762,0.245352096232826,0.232749655171428,1.53740143624508e-18,9.491286908332e-18,Early_Burst_Up,0.994995954914245,0.245352096232826
MYO1E,0.679306731210547,0.727706860026287,0.703229794595836,1.83886401522889e-62,7.6515131673674e-59,Early_Burst_Up,0.998425504132159,0.727706860026287
ROCK1,0.318289017213734,0.31665194158387,0.329500893426307,5.22826981423805e-21,4.02122563716165e-20,Early_Burst_Up,0.999369553633441,0.329500893426307
RARS1,-0.102783264827057,-0.132001939621187,-0.108811759747259,0.00719589009410391,0.0112163696128737,Early_Loss_Down,0.976654791307823,0.132001939621187
ITGB1,0.509397062472463,0.541184863063082,0.521946629441607,9.53826273375107e-27,1.18828476751911e-25,Early_Burst_Up,0.99875835253316,0.541184863063082
IPO5,0.105894027138305,0.0463331235142536,0.0903333284864924,0.031869205354405,0.0452586223480133,Early_Burst_Up,0.848413352651253,0.105894027138305
ERAP1,0.153376194727179,0.183701735700702,0.202575202742226,0.000194153409470656,0.000363742609998829,Early_Burst_Up,0.975542383042281,0.202575202742226
EIF3B,-0.331499526318801,-0.355975856626443,-0.32925280035387,3.29409672448462e-20,2.34503617974004e-19,Early_Loss_Down,0.997459238991778,0.355975856626443
CNN3,0.906774343160473,0.894750873780645,0.763963262280666,7.88845852922489e-29,1.20898253923038e-27,Early_Burst_Up,0.988753385200915,0.906774343160473
KPNB1,0.243015024499376,0.207200429437913,0.246845095788711,4.06871338575505e-13,1.62086322624478e-12,Early_Burst_Up,0.988395761124577,0.246845095788711
PLIN3,0.335180693769061,0.360416316806278,0.333951887978712,1.05764388702331e-14,4.72956068125093e-14,Early_Burst_Up,0.997483588318672,0.360416316806278
PARP4,0.716078025979158,0.720782946079404,0.66913522886849,3.05746166415585e-46,4.38693033950087e-44,Early_Burst_Up,0.997800734681805,0.720782946079404
ARCN1,-0.281139228055037,-0.273370024235879,-0.263387405988572,1.71375172095703e-11,5.96729783339097e-11,Early_Loss_Down,0.998582474530706,0.281139228055037
GDI1,0.237493299185983,0.201217100770626,0.157768341840198,3.15696106444054e-07,7.65954226771842e-07,Early_Burst_Up,0.950238065062588,0.237493299185983
CLPS,-1.5996316422758,-1.73680186635934,-1.71971187842331,1.42082811122944e-30,2.65710821160705e-29,Early_Loss_Down,0.997387351338542,1.73680186635934
CRYZ,-0.261829894899599,-0.301486066097865,-0.247808378770442,1.60564368210531e-06,3.66991670488338e-06,Early_Loss_Down,0.986155940569508,0.301486066097865
FNDC1,0.958067407037501,1.10284060639417,1.00478947301559,9.03276386849358e-41,5.73821839035142e-39,Early_Burst_Up,0.993101518294734,1.10284060639417
SEC16A,-0.467317723449765,-0.46768234057459,-0.466437758870028,2.47842408506212e-30,4.51322652864047e-29,Early_Loss_Down,0.999997498754856,0.46768234057459
GOLGA4,-0.363298020910325,-0.351734819099393,-0.345114441885449,4.14608177300691e-23,3.78745252634067e-22,Early_Loss_Down,0.999096920091341,0.363298020910325
CNOT1,0.066707170409041,0.0619295499356669,0.102467602944238,0.000230506174906777,0.00042789926111403,Monotonic_Up,0.918106943771631,0.102467602944238
ATP6V1A,0.107804312270832,0.104470240897895,0.127845506956603,1.67687443987254e-05,3.50099073974392e-05,Early_Burst_Up,0.983818511016441,0.127845506956603
C6,0.493586974384307,0.458793578883469,0.424937366143191,1.9036349392745e-09,5.62373090686631e-09,Early_Burst_Up,0.992628882162196,0.493586974384307
TRIM25,0.111234758655319,0.134994347707269,0.161833087793055,3.27602380107346e-05,6.62851205264608e-05,Early_Burst_Up,0.956788935643974,0.161833087793055
CAPG,0.794804418171817,0.930638903772645,0.806596535437287,2.93741373104461e-42,2.44451570697532e-40,Early_Burst_Up,0.989566501249341,0.930638903772645
TOP2B,0.198371911441984,0.132110606369125,0.183578432168255,1.4681706517139e-06,3.36494523920768e-06,Early_Burst_Up,0.949214747585213,0.198371911441984
SF3B3,0.115526489703984,0.102799578872952,0.129749112747181,2.8578472078992e-07,6.96835759277384e-07,Early_Burst_Up,0.982469866474327,0.129749112747181
EIF5B,-0.285926206911351,-0.271687350990854,-0.270155851713026,1.52463146145032e-10,4.96011846059012e-10,Early_Loss_Down,0.998678069087582,0.285926206911351
RTCB,-0.133975784473254,-0.127905030809539,-0.111060261154209,4.08205416888442e-06,9.01083681524036e-06,Early_Loss_Down,0.988056225644996,0.133975784473254
EIF3C,-0.120381629929443,-0.136626013338855,-0.109467166459232,0.000125101365207826,0.000238127530022765,Early_Loss_Down,0.983718761307187,0.136626013338855
KARS1,-0.203986656517366,-0.210352586045609,-0.176120031417157,6.82594131127775e-07,1.60830927498453e-06,Early_Loss_Down,0.988781984137987,0.210352586045609
ACAA2,-0.251958418117327,-0.30825252762559,-0.276162458899039,4.32768818195131e-09,1.23890681287234e-08,Early_Loss_Down,0.986594696697238,0.30825252762559
YWHAQ,0.280512114430845,0.247497259745478,0.225082309699519,6.78162909146814e-09,1.90535845034429e-08,Early_Burst_Up,0.983944787066005,0.280512114430845
EIF5A,-0.403347351727446,-0.399477992428824,-0.370461494771892,8.94743030935784e-23,7.92976730931586e-22,Early_Loss_Down,0.997195618751762,0.403347351727446
ORM1,0.538225950810045,0.533750218509925,0.52594511772963,1.33501122634257e-08,3.65579579651953e-08,Early_Burst_Up,0.99981850719844,0.538225950810045
AGL,-0.0769983505409272,-0.0997164853854201,-0.0791218850752806,0.00196165959237476,0.003276125050721,Early_Loss_Down,0.972324217562409,0.0997164853854201
ABAT,-1.59059367227552,-1.61967571845102,-1.52572856611125,8.23664518098555e-42,6.17525776541998e-40,Early_Loss_Down,0.998764707771624,1.61967571845102
KRT5,0.674235782025174,0.740327841373765,0.61328874557584,7.71485654451167e-06,1.65899318251747e-05,Early_Burst_Up,0.988423743324672,0.740327841373765
GPD2,0.253270779225243,0.301541231619855,0.240425173488551,9.64785243537385e-11,3.1848245921135e-10,Early_Burst_Up,0.980860502651343,0.301541231619855
RPL4,-0.233774972797157,-0.286362339194615,-0.202692371711852,8.89857596897433e-06,1.90370049392813e-05,Early_Loss_Down,0.961288187460329,0.286362339194615
SPAG9,-0.249213000430246,-0.250095416738799,-0.221891380805969,5.45776828088408e-14,2.31103582957789e-13,Early_Loss_Down,0.99412021300999,0.250095416738799
DDX39B,0.218824744552223,0.221832620906978,0.241812843666563,9.53993717774919e-15,4.27985753063228e-14,Early_Burst_Up,0.996001871011239,0.241812843666563
ACTR2,0.389923695236299,0.414529717730591,0.412580958380675,3.40305334532411e-31,6.82414697344271e-30,Early_Burst_Up,0.99848760442922,0.414529717730591
ANK1,-0.451918295295375,-0.52512797186471,-0.364652412245435,2.00328737354057e-06,4.53642381567474e-06,Early_Loss_Down,0.959565001500527,0.52512797186471
NCKAP1,0.109487471622878,0.115417651684614,0.0876690408556026,0.000166557125438349,0.000314163281481854,Early_Burst_Up,0.97476216704337,0.115417651684614
CAPZA1,0.37471909440254,0.364316497579055,0.350289176836967,6.12879617098824e-13,2.4081133963628e-12,Early_Burst_Up,0.998483518927674,0.37471909440254
CLIC1,0.476926562700929,0.538933438097309,0.563528122279299,1.54305718339317e-33,3.927009749296e-32,Early_Burst_Up,0.99055465725055,0.563528122279299
ITGAV,0.693268776366641,0.718807836118101,0.69646580734616,2.41129674237878e-46,3.71607620186596e-44,Early_Burst_Up,0.999477852518198,0.718807836118101
LMCD1,0.849489633349426,0.834389175623808,0.729538330590231,1.64753595055482e-38,7.6171078780651e-37,Early_Burst_Up,0.991320544566275,0.849489633349426
G6PD,0.580997109507545,0.558249021843516,0.578790162063208,3.52964613166511e-22,2.99731786813439e-21,Early_Burst_Up,0.999360778107085,0.580997109507545
ESYT1,0.245449355281153,0.223310051998133,0.233441646110012,1.34216025743237e-11,4.70689324161491e-11,Early_Burst_Up,0.997024071361972,0.245449355281153
PNP,0.220472288651683,0.207786780843375,0.209794709936643,1.48975249438323e-05,3.12678947244822e-05,Early_Burst_Up,0.998632356739054,0.220472288651683
ZC3HAV1,0.141749964996959,0.140257627462981,0.14725042405474,3.48455908504597e-11,1.18846314367838e-10,Early_Burst_Up,0.99911784894252,0.14725042405474
A1BG,0.270764616710172,0.178921983201093,0.180157506973107,0.00808550271128582,0.0125326045005254,Early_Burst_Up,0.925352653665451,0.270764616710172
SERPINA3,0.719435348028385,0.665917653285532,0.705028870646944,6.22851036912131e-16,3.09270067373673e-15,Early_Burst_Up,0.997900589888543,0.719435348028385
YWHAB,0.30685450810288,0.286106604977925,0.292155471521759,2.84793962828945e-13,1.14329732689941e-12,Early_Burst_Up,0.998260615635901,0.30685450810288
RPSA,-0.386816428258682,-0.373333306651926,-0.338390131716362,6.24451900326764e-18,3.60881160730509e-17,Early_Loss_Down,0.993845881127662,0.386816428258682
SARS1,-0.338283835844105,-0.368840606697613,-0.33162918293549,6.37403639601934e-17,3.4134318460536e-16,Early_Loss_Down,0.995649188696905,0.368840606697613
SAFB,-0.125851671419465,-0.106151781325468,-0.0923002329409498,0.000495781405985784,0.000886335738048055,Early_Loss_Down,0.969062158726971,0.125851671419465
IARS2,-0.197873710237378,-0.228276377219135,-0.247002282721059,5.72435861224142e-10,1.77489241322925e-09,Early_Loss_Down,0.984106704627088,0.247002282721059
ANXA7,0.291123249107624,0.271121799185833,0.269980547893861,1.0407044841287e-20,7.77445486258438e-20,Early_Burst_Up,0.997559139278215,0.291123249107624
ILK,0.406191500482225,0.41344135175735,0.380228058125891,3.25426117727237e-17,1.77354037441131e-16,Early_Burst_Up,0.997467696142084,0.41344135175735
DHX15,0.177047393279307,0.161194532342361,0.204456245323425,3.20727855450791e-12,1.18206253899977e-11,Early_Burst_Up,0.981036089544264,0.204456245323425
DBNL,0.18002517377391,0.179109716777277,0.169065236579512,3.042774953714e-07,7.40044622500352e-07,Early_Burst_Up,0.998413435785841,0.18002517377391
CA2,-0.416166077039464,-0.479251320494826,-0.323916436100296,1.78900039760678e-05,3.72108505595691e-05,Early_Loss_Down,0.954105355824623,0.479251320494826
SMCHD1,0.153224961946053,0.117758563121563,0.178514390316529,6.92182666347681e-06,1.49502832840524e-05,Early_Burst_Up,0.948884203025191,0.178514390316529
COL3A1,1.20743094709323,1.1465697453315,1.0797336170257,1.31317827942716e-50,5.75172086389098e-48,Early_Burst_Up,0.995873577293222,1.20743094709323
ATP6V1B2,0.102471247830502,0.0950339191737799,0.10224518325686,0.00206745123314283,0.00344396198139812,Early_Burst_Up,0.997618617773354,0.102471247830502
CSDE1,-0.131690759722712,-0.145092300381345,-0.106763977369047,4.78147216233874e-08,1.25445811270438e-07,Early_Loss_Down,0.970497247448444,0.145092300381345
ERO1A,0.412533657822898,0.588481371127582,0.5278485904778,2.87718911214825e-13,1.15448253574242e-12,Early_Burst_Up,0.961349859849866,0.588481371127582
EHD1,0.229463841669245,0.228124275490853,0.252971599515413,5.79884043937027e-07,1.37683167293693e-06,Early_Burst_Up,0.995390320022042,0.252971599515413
NUP153,0.158232966377265,0.129194096208025,0.185062595996736,1.19753782154232e-07,3.04018882253666e-07,Early_Burst_Up,0.960503617053691,0.185062595996736
SERPING1,0.551451827962749,0.48663057831745,0.517408986260013,3.83031883502753e-12,1.40422525749335e-11,Early_Burst_Up,0.99482622897904,0.551451827962749
ANXA11,0.460881430815151,0.439543271649062,0.397101244426724,3.87573622687673e-19,2.51198418069067e-18,Early_Burst_Up,0.99257037653493,0.460881430815151
EPHX1,-1.05327939945254,-1.14553409075946,-1.0842551725793,4.37315316028849e-32,9.52706298427247e-31,Early_Loss_Down,0.997554947756114,1.14553409075946
NIBAN1,-0.971364368226637,-0.986590713657184,-0.953864423239868,1.80266448227308e-37,7.65396623544724e-36,Early_Loss_Down,0.999620652798015,0.986590713657184
LDHB,-0.727025964458804,-0.756337065001609,-0.620995590574738,4.04808462419431e-35,1.23853530303474e-33,Early_Loss_Down,0.986538452596455,0.756337065001609
VTN,0.372615211951886,0.268997258663079,0.233384435529391,0.00461867383186267,0.00735206649364214,Early_Peak,0.946443755870136,0.372615211951886
SMARCC2,0.0508515992618982,0.0514181282332636,0.079637283492716,0.0234779523022394,0.0339443222827027,Monotonic_Up,0.932272039045859,0.079637283492716
USP14,0.150495192572141,0.0931751199989936,0.139295905036649,1.72486327240917e-05,3.59576957740208e-05,Early_Burst_Up,0.932081871419063,0.150495192572141
DPYD,0.387803413470203,0.384383545898326,0.426834392712602,1.43905022240159e-17,8.13019412819148e-17,Early_Burst_Up,0.995389530238707,0.426834392712602
C1S,0.786749160709913,0.758631141076672,0.715213104916356,1.14210531848436e-29,1.93182936187538e-28,Early_Burst_Up,0.996963892781259,0.786749160709913
TPM2,0.593598686517631,0.598697732177838,0.516219638947538,8.19703205319641e-08,2.10477324118175e-07,Early_Burst_Up,0.991332882031859,0.598697732177838
SEPTIN11,0.670822044357586,0.625266994498286,0.585035691384726,2.21338474161276e-24,2.20596261313789e-23,Early_Burst_Up,0.993810819745908,0.670822044357586
CKB,-0.320488589555825,-0.494705033061526,-0.429384620911013,7.36941965714139e-06,1.58676094144193e-05,Early_Loss_Down,0.944903316642227,0.494705033061526
SUPT16H,0.30021830200182,0.283106436841954,0.310098001835951,6.8359197321228e-14,2.87170742103614e-13,Early_Burst_Up,0.997208020294723,0.310098001835951
PKP2,-0.170256797475559,-0.162359465708778,-0.186397479475178,0.00494968747495754,0.00785344121384112,Early_Loss_Down,0.993378902946943,0.186397479475178
PGM2,0.137660212707428,0.139816345139849,0.148246156892091,7.61420091519908e-05,0.000148188447184955,Early_Burst_Up,0.997934325673623,0.148246156892091
CD2AP,0.102610715305687,0.159677875235714,0.181232909757408,0.000500009364203225,0.000893702304316846,Monotonic_Up,0.957257094742421,0.181232909757408
RPN2,-0.678989714130591,-0.677910450119102,-0.576810099455731,6.40949113796621e-26,7.52324192526866e-25,Early_Loss_Down,0.989127854981895,0.678989714130591
NUP98,0.0382983108412956,0.0280411992358062,0.0614902766991014,0.0112609134393657,0.0170916143794275,Monotonic_Up,0.882389474715583,0.0614902766991014
DDX46,0.0841371603830728,0.0671487102985022,0.0937032492927482,0.00260856207464631,0.00429190462340976,Early_Burst_Up,0.965686975964616,0.0937032492927482
IFI16,0.593635023146989,0.624567511839443,0.588619608430725,5.1223410553178e-31,1.00775702747884e-29,Early_Burst_Up,0.998609643585468,0.624567511839443
ENO2,0.478412291967546,0.442066200146964,0.392254058479681,2.78276293079329e-10,8.84912231947335e-10,Early_Burst_Up,0.987220999050098,0.478412291967546
REG1A,-1.1224976866767,-1.31682020580082,-1.31566118575251,9.90527540700969e-18,5.64987676059867e-17,Early_Loss_Down,0.989518141331853,1.31682020580082
AP3D1,-0.140155964328958,-0.141992390766734,-0.129729455780399,6.41611850671618e-06,1.39013116930206e-05,Early_Loss_Down,0.996919983261495,0.141992390766734
NDRG1,0.183553329843123,0.227174441834733,0.166119285879855,0.00136478673873039,0.0023250266611493,Early_Burst_Up,0.96613259523524,0.227174441834733
FH,-0.62960928657395,-0.656002836078743,-0.660531008938331,4.96250020443039e-37,1.9665679381557e-35,Early_Loss_Down,0.999117584617513,0.660531008938331
SQOR,0.273469133297718,0.307736614241619,0.283981211510464,1.09307824054458e-08,3.01811450491439e-08,Early_Burst_Up,0.995095863072576,0.307736614241619
PLXNB2,0.169242960192338,0.164661421172127,0.144527086911929,2.57262533297396e-09,7.50679804383214e-09,Early_Burst_Up,0.991058280984554,0.169242960192338
POLR2A,-0.0782665906817839,-0.0885480477757575,-0.0369781884377239,0.00106580952494526,0.0018397981469808,Early_Trough,0.910057561047324,0.0885480477757575
MARS1,-0.163304242638937,-0.227535863480074,-0.159833237475024,3.37521798961868e-07,8.16528026442053e-07,Mid_Trough,0.958485935478417,0.227535863480074
PRDX2,-0.614291764030258,-0.805087361317334,-0.679306450024455,4.30787633571393e-25,4.63180192064745e-24,Early_Loss_Down,0.975311991993981,0.805087361317334
PALM2AKAP2,0.395420285227353,0.391190872454388,0.359773650875257,3.84542810385204e-17,2.08888072325435e-16,Early_Burst_Up,0.996554767536682,0.395420285227353
ALDOB,-0.492001199479341,-0.419890221247431,-0.519425909066249,1.26580657808672e-05,2.6722583315164e-05,Early_Loss_Down,0.984867841743106,0.519425909066249
CLIC4,0.332769043880721,0.350419005385199,0.326705636173806,8.651101382946e-19,5.45150513566072e-18,Early_Burst_Up,0.998219058396485,0.350419005385199
VPS35,0.23688278301789,0.241914570137438,0.235544529134889,4.89118516035242e-17,2.63288763935658e-16,Early_Burst_Up,0.999734813315944,0.241914570137438
PRDX4,-0.82499454639673,-0.879129331920509,-0.769131415833667,3.57871555693203e-28,5.17949058518058e-27,Early_Loss_Down,0.994117758216337,0.879129331920509
PA2G4,-0.331094256454043,-0.313139874980855,-0.312281513849572,1.03527018874913e-16,5.45285981694319e-16,Early_Loss_Down,0.99852333525553,0.331094256454043
ARPC2,0.514345424401231,0.534959485203336,0.514704959121039,3.11598914441665e-40,1.83909657161953e-38,Early_Burst_Up,0.999317729724518,0.534959485203336
AP3B1,-0.103537040179928,-0.109187069041758,-0.0908016729051782,0.00241744357035407,0.00399562371250974,Early_Loss_Down,0.988644302156955,0.109187069041758
PDLIM3,0.485690889404374,0.509852685096262,0.488913721132514,7.32657305312098e-14,3.06853250871025e-13,Early_Burst_Up,0.9990641100682,0.509852685096262
KRT6A,1.43373161320767,1.5439736528633,1.45320485059227,1.74009137074212e-20,1.27138194796453e-19,Early_Burst_Up,0.997890711479848,1.5439736528633
SARDH,-1.24838774922169,-1.27110516164973,-1.19356288993042,5.55636989040129e-34,1.48682026456333e-32,Early_Loss_Down,0.998619705080409,1.27110516164973
TTC37,-0.218049852960922,-0.254363820705587,-0.198072194245692,4.87522630946102e-12,1.77215042383687e-11,Early_Loss_Down,0.978944463000079,0.254363820705587
ARFGEF1,0.0939679980520773,0.108738366816644,0.0950221817291746,0.00895054566316733,0.0137835753162247,Early_Burst_Up,0.990932633489024,0.108738366816644
PSMC5,-0.0683848051676526,-0.0980994106803096,-0.0651914462882816,0.00138849435860948,0.00236251278927583,Mid_Trough,0.968343271166811,0.0980994106803096
PIGR,0.742615711384452,0.750750373592907,0.730165384084581,2.09392388936739e-08,5.65400214384018e-08,Early_Burst_Up,0.999739214853809,0.750750373592907
HMGB1,0.169649722326347,0.161860935866932,0.137435397173495,0.00113107078022552,0.00194760418643426,Early_Burst_Up,0.984931860699918,0.169649722326347
CORO7-PAM16,0.328376816999306,0.345051978237841,0.366586207187129,7.69388977357825e-23,6.89220136660046e-22,Early_Burst_Up,0.995953543755823,0.366586207187129
DDAH1,-0.456311399372034,-0.536465305510433,-0.551105950731441,2.02646928489151e-17,1.12503518271295e-16,Early_Loss_Down,0.987141753405106,0.551105950731441
PSMC2,0.173161822608505,0.147049001638257,0.161114023991507,3.09435801573122e-06,6.91680027045802e-06,Early_Burst_Up,0.991268316671278,0.173161822608505
ADD1,-0.21231932820087,-0.258247672168637,-0.228127871057562,1.6089467688805e-09,4.78886087647479e-09,Early_Loss_Down,0.986880174181874,0.258247672168637
HEXB,0.338188586719251,0.403379978723229,0.427538486153362,4.8845828416893e-14,2.08138752731891e-13,Early_Burst_Up,0.981757095408404,0.427538486153362
COL6A2,0.35255262365903,0.274021569705002,0.271543817437922,6.54496576388453e-06,1.41620398042244e-05,Early_Burst_Up,0.969843075499445,0.35255262365903
RPS4X,-0.631753531878428,-0.677859528913,-0.614115104173168,2.53433310896619e-22,2.17430104462027e-21,Early_Loss_Down,0.996505459410711,0.677859528913
PML,0.762594794239414,0.831730845043537,0.820201984643609,1.11852777561829e-47,2.25862347509377e-45,Early_Burst_Up,0.997188105063117,0.831730845043537
GSPT1,-0.201880012036776,-0.183449214435256,-0.164473830853771,5.98001121519893e-11,2.0042550677763e-10,Early_Loss_Down,0.986395247265648,0.201880012036776
SRP54,-0.516350664778307,-0.516927033527853,-0.443073464808738,1.17345914296605e-19,7.88814780917891e-19,Early_Loss_Down,0.990213316284808,0.516927033527853
CSE1L,0.163423058539745,0.12241685824777,0.173461287294297,0.000253779116218062,0.000468801288605264,Early_Burst_Up,0.960828975584231,0.173461287294297
THRAP3,-0.127926165474344,-0.117579767859276,-0.10472825965203,0.000452389057377171,0.000811900309573607,Early_Loss_Down,0.987043671250817,0.127926165474344
GAA,0.068764493823718,0.09853589629072,0.134809335586411,0.0081982539040048,0.0126884636394138,Monotonic_Up,0.98106368332493,0.134809335586411
AIFM1,-0.7700310079509,-0.793639426503336,-0.787927677132926,2.09960922921426e-40,1.27539766463657e-38,Early_Loss_Down,0.999670950899448,0.793639426503336
FKBP10,0.704757764923455,0.729142199670326,0.695925032454019,1.01835241187804e-35,3.40350553078274e-34,Early_Burst_Up,0.999217877296389,0.729142199670326
PSMD11,-0.0742241429797195,-0.0922431190333687,-0.0611950493280178,0.00746352508589775,0.0116052794777356,Early_Loss_Down,0.948067872715737,0.0922431190333687
FARSB,-0.113730591595207,-0.155177691849646,-0.156557241908246,0.00329849010013704,0.00536657568198249,Early_Loss_Down,0.962906040260471,0.156557241908246
YLPM1,-0.106063991897363,-0.0907133433398129,-0.0756309717944024,0.00307734185876559,0.00501952939016997,Early_Loss_Down,0.964535916065129,0.106063991897363
HP1BP3,-0.130811147549528,-0.194007538160177,-0.122716975807733,3.12764232602525e-05,6.34525583549052e-05,Mid_Trough,0.976457143538721,0.194007538160177
LARP1,-0.60405184126038,-0.619404703874341,-0.564516299147179,2.32982999075658e-34,6.59484530036608e-33,Early_Loss_Down,0.997003366160886,0.619404703874341
ASAH1,0.261755542310528,0.310514360455957,0.3404905706359,1.17114714135403e-07,2.976874315928e-07,Early_Burst_Up,0.978001789402339,0.3404905706359
SCP2,0.171048352651389,0.172990824150087,0.155467755324398,0.000343625870467165,0.000625881920338749,Early_Burst_Up,0.995591882795574,0.172990824150087
COBLL1,-0.938750635115253,-0.931846278226774,-0.93406700389626,7.78514270797214e-43,7.11955578194991e-41,Early_Loss_Down,0.999981048887504,0.938750635115253
DDX5,0.130030482465975,0.142216978670517,0.163716914394006,1.28833199421869e-06,2.96174001543867e-06,Early_Burst_Up,0.982123291407586,0.163716914394006
PARP14,0.551176541668903,0.561799843191847,0.60388964073123,2.28122150514625e-41,1.51874602926617e-39,Early_Burst_Up,0.996850986385598,0.60388964073123
NNT,-0.221564588867505,-0.303477749607297,-0.322364899701633,3.82884321447651e-06,8.46761446475512e-06,Early_Loss_Down,0.955218337483477,0.322364899701633
PDCD4,-0.730275293920176,-0.749577238099548,-0.68878574126633,2.00434915176808e-30,3.70670969800309e-29,Early_Loss_Down,0.997546982826716,0.749577238099548
NARS1,-0.345230655039967,-0.369803673752792,-0.307822536402879,5.81486361052128e-21,4.45182106409918e-20,Early_Loss_Down,0.989010716079168,0.369803673752792
LGALS3BP,0.920324647947636,1.04503893454974,1.03433502291221,2.03324810371192e-42,1.76257194990527e-40,Early_Burst_Up,0.993688622927134,1.04503893454974
SRP68,-0.411012627514815,-0.411684109717978,-0.336299408237488,4.31151378759404e-15,1.99114415873238e-14,Early_Loss_Down,0.98363751380856,0.411684109717978
OPA1,0.133896406791526,0.127096038742061,0.0924552820901704,0.00205652814517493,0.00342768420271295,Early_Burst_Up,0.955684221094024,0.133896406791526
PAK2,0.185332792345479,0.203192287893886,0.203353690210564,2.04115959916906e-14,8.91213545870141e-14,Early_Burst_Up,0.996344985443365,0.203353690210564
RAB1A,-0.284417038153165,-0.292270056189555,-0.285125762489894,2.60295276522178e-08,6.96072394350118e-08,Early_Loss_Down,0.999695279091392,0.292270056189555
ADH1C,-0.656298777776501,-0.907086270313768,-0.812928136941108,1.70334336835144e-12,6.44328341428214e-12,Early_Loss_Down,0.967546219503144,0.907086270313768
EIF4B,-0.575658150213128,-0.561051065056019,-0.538139311296391,1.89174685782154e-32,4.3013981832762e-31,Early_Loss_Down,0.998473457198738,0.575658150213128
LTBP4,0.490965742453807,0.475546374099226,0.400375632644041,1.7563318471757e-10,5.67839690450512e-10,Early_Burst_Up,0.985245217496846,0.490965742453807
ITGA1,0.472791271627385,0.489910176380166,0.442931359308186,2.45111306175385e-17,1.3464133927337e-16,Early_Burst_Up,0.996584363623866,0.489910176380166
TGFB1I1,0.60461033709924,0.673140967480572,0.555517707257575,4.39643170121598e-23,4.00734990334275e-22,Early_Burst_Up,0.987766130271141,0.673140967480572
SON,-0.0824369471401464,-0.0814014766793727,-0.0667950842341092,0.00389291462725196,0.00625542296350469,Early_Loss_Down,0.983172903518767,0.0824369471401464
SEC23B,-0.179040421687236,-0.260889778854649,-0.201710595711724,1.53536977073198e-06,3.51412190099876e-06,Early_Loss_Down,0.951687026216849,0.260889778854649
PSMD3,0.109695881097478,0.0809131756595096,0.10982277666917,0.000105694202139182,0.000202576497052572,Early_Burst_Up,0.965045493825055,0.10982277666917
ANXA3,0.489670710933712,0.648809720196525,0.557147991170801,6.4337682208566e-14,2.71097818399841e-13,Early_Burst_Up,0.974390179293559,0.648809720196525
UFL1,-0.348202734577358,-0.347712598461611,-0.320221136011044,9.92941553421699e-13,3.8167480866399e-12,Early_Loss_Down,0.997032264273128,0.348202734577358
RNH1,0.384992314681903,0.341253841644451,0.322399305731829,1.85229233647036e-13,7.5451673147853e-13,Early_Burst_Up,0.988934840132133,0.384992314681903
NANS,-0.301442781377546,-0.25322246488472,-0.292241454896788,2.2101186391708e-08,5.95230010199981e-08,Early_Loss_Down,0.989212068421797,0.301442781377546
AOX1,-1.27807456851731,-1.34993833860808,-1.27603730312094,2.00404345493461e-39,1.02316868907766e-37,Early_Loss_Down,0.998608056877689,1.34993833860808
PACSIN2,-0.265882252134412,-0.234332861384138,-0.240044350220431,1.4800392105302e-10,4.81881311034127e-10,Early_Loss_Down,0.993868422417917,0.265882252134412
NSUN2,0.112690305265446,0.125594320525378,0.135746073853104,4.24147771105429e-05,8.51159332322011e-05,Early_Burst_Up,0.988739953874108,0.135746073853104
SEC23IP,-0.135024171344839,-0.107843389531562,-0.0982870626169686,0.000615240000256725,0.00108983126482258,Early_Loss_Down,0.964524390994647,0.135024171344839
NUP93,0.212717670529146,0.197627307130562,0.221126579064109,3.42020565028267e-16,1.73132307917594e-15,Early_Burst_Up,0.995760623415776,0.221126579064109
VDAC2,-0.192532747264973,-0.204190951437791,-0.283776352237506,0.000684751500033539,0.00120552189195666,Early_Loss_Down,0.941638930946328,0.283776352237506
ALDH18A1,-0.343895631845582,-0.410969093068293,-0.395025678495572,9.18607251280073e-13,3.55069649101382e-12,Early_Loss_Down,0.989039243758611,0.410969093068293
PTPN6,0.401328825497815,0.409291128080425,0.459952509718127,5.15517060593985e-14,2.19107915130906e-13,Early_Burst_Up,0.992567728380215,0.459952509718127
MRC2,0.69609344695054,0.70818701284527,0.725831062459328,1.76590572874373e-37,7.5363422946694e-36,Early_Burst_Up,0.999409040169478,0.725831062459328
EEF1G,-0.231398317657245,-0.224769546232733,-0.195852962020852,3.62202028205174e-05,7.3019507721014e-05,Early_Loss_Down,0.990065689771098,0.231398317657245
TALDO1,-0.0903845635641438,-0.10268257683008,-0.0776140306465443,0.0292134221086273,0.0417363259721882,Early_Loss_Down,0.975218169602873,0.10268257683008
GNB2,0.281613058794922,0.209702308839765,0.206577125138638,2.92635236184431e-06,6.55358028936176e-06,Early_Burst_Up,0.958358602784365,0.281613058794922
FHL2,1.50774142617381,1.54949515997747,1.37583947425959,1.03586417378256e-58,1.7240923308437e-55,Early_Burst_Up,0.995020407932917,1.54949515997747
MYO9B,0.424288035031725,0.435106094040592,0.452984682876274,1.53591839518681e-33,3.92083217323456e-32,Early_Burst_Up,0.998539877197344,0.452984682876274
MPO,0.391938607344284,0.443104773469837,0.508314900860219,2.94666131948571e-05,5.99709354383959e-05,Early_Burst_Up,0.978115904959074,0.508314900860219
CCT6A,0.125654636802373,0.106866485952797,0.126776200182762,0.0152718456503689,0.0226991068945116,Early_Burst_Up,0.98856956496757,0.126776200182762
FBLN5,0.625361290243215,0.577852408133381,0.491740079701077,4.13074849159819e-10,1.29623261489744e-09,Early_Burst_Up,0.981370369553044,0.625361290243215
UQCRC2,-0.261031211226577,-0.278997226933051,-0.289407352258904,1.92937294466576e-09,5.69572247091466e-09,Early_Loss_Down,0.996425021248545,0.289407352258904
COL18A1,-0.077886720309902,-0.148182699053829,-0.0847221796337919,0.0128738620251277,0.0193561481071567,Mid_Trough,0.996584200374108,0.148182699053829
SHMT2,-0.326861158392014,-0.334365253525062,-0.317774704541497,4.96382662556422e-10,1.54773192873531e-09,Early_Loss_Down,0.999136964227577,0.334365253525062
GBF1,-0.128293645315701,-0.155480411153608,-0.126523911566336,2.73707687412452e-05,5.59380003596864e-05,Early_Loss_Down,0.981733259579422,0.155480411153608
TMOD3,0.28334075505216,0.317870688918297,0.281201778278824,1.3918530248358e-19,9.28869356269732e-19,Early_Burst_Up,0.993535292845003,0.317870688918297
SERPINB6,0.202305475920962,0.158616165642863,0.163285193897378,0.0167515289136481,0.0247525255006,Early_Burst_Up,0.975776791676895,0.202305475920962
QARS1,-0.0478013680251291,-0.0950752573709577,-0.0623622587117435,0.0191042121741827,0.0279559088647,Mid_Trough,0.982449098780669,0.0950752573709577
TPT1,-0.127231951021618,-0.149643282910455,-0.163747949750745,0.0173807334607543,0.0255778008594867,Early_Loss_Down,0.979677276738054,0.163747949750745
ANPEP,-0.520800180941363,-0.51997280827747,-0.514369268366413,3.34683090001689e-09,9.67094678817382e-09,Early_Loss_Down,0.999939272160077,0.520800180941363
HCLS1,0.583180951331156,0.587943002180111,0.59437114091207,2.05028062707218e-16,1.05388729947465e-15,Early_Burst_Up,0.999878610440303,0.59437114091207
ITGB2,0.63435920697313,0.650792075535584,0.679255600862076,4.63176406654418e-17,2.49647283431222e-16,Early_Burst_Up,0.998399299963112,0.679255600862076
PLOD1,0.819718137048853,0.829753405424879,0.797152039043268,4.16617332567766e-41,2.72999168632201e-39,Early_Burst_Up,0.999441566110965,0.829753405424879
PRPF6,0.0756687871283049,0.0596200475555646,0.0972243742112786,0.00173902409924958,0.00292485015237571,Early_Burst_Up,0.929253609705718,0.0972243742112786
CORO1A,0.449003941862961,0.422354393254244,0.475877856509093,1.20920939757561e-09,3.63812024823725e-09,Early_Burst_Up,0.995298316091314,0.475877856509093
DDX21,0.147254273055828,0.135247787331509,0.129667258855422,0.00867287541079192,0.0133881782913393,Early_Burst_Up,0.994343265481399,0.147254273055828
GCC2,-0.0982699881706018,-0.063121409375988,-0.0949305710302254,0.00774103888204618,0.0120210721359187,Early_Loss_Down,0.937616297273042,0.0982699881706018
ENSG00000290315,-0.285904034282134,-0.332568242366612,-0.281136930245462,6.78323721595618e-14,2.85245579136874e-13,Early_Loss_Down,0.98823639843603,0.332568242366612
STAT3,0.234545408448157,0.232977011717065,0.313196013419433,6.01408879717222e-16,2.98801474448162e-15,Early_Burst_Up,0.960986941288761,0.313196013419433
SRPRA,-0.979833760194241,-0.9788998811859,-0.889066065484422,4.51522072578675e-32,9.81087908093926e-31,Early_Loss_Down,0.996001950908005,0.979833760194241
LRRFIP1,0.199667441690628,0.260354636731477,0.212059377185668,5.63530283352645e-12,2.03899957306988e-11,Early_Burst_Up,0.973755845805065,0.260354636731477
ALDH9A1,-0.257652823036142,-0.363973723888403,-0.362314871534146,2.34148695993958e-11,8.05200598372609e-11,Early_Loss_Down,0.956959988580931,0.363973723888403
MRC1,0.579611692258984,0.555249991358778,0.536867967982782,1.91913155661602e-13,7.80215574702418e-13,Early_Burst_Up,0.998031777450596,0.579611692258984
EIF3I,-0.110618085225147,-0.119661907925535,-0.0964205952971395,0.00926734409820572,0.0142424446140846,Early_Loss_Down,0.984916916094735,0.119661907925535
KANK2,0.297901605491247,0.25692126640332,0.234262013394938,2.41591658455107e-06,5.44120644563844e-06,Early_Burst_Up,0.980531380743944,0.297901605491247
LUZP1,0.410761884135194,0.424213912188236,0.375715341345274,5.45537163378487e-27,6.86832114014489e-26,Early_Burst_Up,0.994906962960339,0.424213912188236
PSMA7,0.205306394350785,0.176484410109362,0.185999144688111,0.000100628196377465,0.000193222854234717,Early_Burst_Up,0.992067689940006,0.205306394350785
SLTM,-0.105123408651887,-0.0647625315580578,-0.0551077219076161,0.0336999789154176,0.0476049177076291,Early_Trough,0.968913371152911,0.105123408651887
RPS27A,-0.186382304178625,-0.187297747570031,-0.162460506242719,6.27778582472769e-09,1.77337860262674e-08,Early_Loss_Down,0.991821780296826,0.187297747570031
YWHAG,0.225292895514938,0.241576972697253,0.205787246671987,5.86505186500679e-13,2.31103037976262e-12,Early_Burst_Up,0.99159152502517,0.241576972697253
AMBP,0.369489246746288,0.338085432081027,0.266469528837276,1.91353131764484e-05,3.9741471488496e-05,Early_Burst_Up,0.966498957907166,0.369489246746288
ANK3,-0.479870672083889,-0.509980500366888,-0.533449964687519,2.64424436968095e-25,2.90308728819062e-24,Early_Loss_Down,0.996290292408969,0.533449964687519
EPS15L1,0.155371151298776,0.14119650999071,0.158102206690112,9.36100430675779e-07,2.17725762551253e-06,Early_Burst_Up,0.99525295560651,0.158102206690112
DLD,-0.422127466448153,-0.425564610098867,-0.42514689118312,1.02808489174284e-19,6.93894766349062e-19,Early_Loss_Down,0.999973946918689,0.425564610098867
ALDH6A1,-1.2243882275977,-1.25890639394323,-1.18533433319894,1.93239284325768e-47,3.73985424223034e-45,Early_Loss_Down,0.99879412228176,1.25890639394323
PTPRC,0.377763951967475,0.386398290072098,0.45127183607189,1.12121105842227e-08,3.092714096185e-08,Early_Burst_Up,0.98713843691686,0.45127183607189
SUPT5H,0.0903117994337169,0.0773040055259161,0.118628277673166,0.00243554879432146,0.00402315146215625,Early_Burst_Up,0.94039972806393,0.118628277673166
RUVBL1,0.141901787170552,0.112993752924475,0.122054727237597,0.00257372925557602,0.00423710679820051,Early_Burst_Up,0.982033564297357,0.141901787170552
RPS6KA3,0.181608115423535,0.129456429386062,0.15082218575024,0.000527462769147398,0.000941558379417556,Early_Burst_Up,0.963444753458062,0.181608115423535
RBM14,0.378056224572958,0.362424024971624,0.377349232955347,1.72558350920811e-11,6.00598325538682e-11,Early_Burst_Up,0.999252361753284,0.378056224572958
PDIA5,0.122815033172505,0.0877259851825491,0.140738306441132,0.00918106610362308,0.0141150622786535,Early_Burst_Up,0.936001920858727,0.140738306441132
PRKAR2A,-0.344397431200227,-0.370097006435738,-0.35899780467728,2.24017894532685e-28,3.29960516513452e-27,Early_Loss_Down,0.998274445688577,0.370097006435738
EIF5,-0.157671043681872,-0.143505923366533,-0.121571996509784,7.58873221653975e-05,0.000147727320481974,Early_Loss_Down,0.978501041959074,0.157671043681872
PSME1,0.166484780534399,0.153714398654355,0.209068113869236,1.16268329127093e-05,2.46142211904265e-05,Early_Burst_Up,0.965845666168823,0.209068113869236
FKBP15,0.195377218178407,0.211662152969374,0.215235631256437,1.31796835003386e-14,5.83411308988393e-14,Early_Burst_Up,0.996545463065432,0.215235631256437
TKFC,-0.312304749708429,-0.363364675997301,-0.356062946031814,4.71647084130802e-06,1.03290711424646e-05,Early_Loss_Down,0.991513067728659,0.363364675997301
PSME2,-0.112654645751425,-0.10282608087224,-0.032657488131655,0.0321487584937494,0.0456089274096459,Early_Trough,0.965327723094121,0.112654645751425
EPS15,0.328760856124541,0.279960106095501,0.313418533897925,7.0276768619344e-13,2.74574304436705e-12,Early_Burst_Up,0.99132624801601,0.328760856124541
ECHS1,-0.463090611329932,-0.488638803027285,-0.487800309879404,6.20673647408668e-23,5.61439792797276e-22,Early_Loss_Down,0.998782312290475,0.488638803027285
PHGDH,-0.931316774071802,-1.00265940380936,-0.914443490760782,8.55959571982827e-25,8.89300319355941e-24,Early_Loss_Down,0.996772570113619,1.00265940380936
OLA1,-0.236416546697269,-0.243912529239995,-0.238476781880681,2.41585536525291e-12,9.0236752018109e-12,Early_Loss_Down,0.999651875961029,0.243912529239995
CLINT1,-0.116051753085431,-0.0938627262854605,-0.0995985141900659,0.0137975555774389,0.0206331100656687,Early_Loss_Down,0.983785620099281,0.116051753085431
GLOD4,-0.0995966663770786,-0.152635443214608,-0.130219825529767,0.00364123620371517,0.0058839548907413,Early_Loss_Down,0.946469307599142,0.152635443214608
CAPNS1,0.150936007748131,0.172633175429116,0.119770494035809,0.000226880165951768,0.00042182679648137,Early_Burst_Up,0.959492490064299,0.172633175429116
EIF3D,-0.229211442320668,-0.242682976095318,-0.206454017732361,5.9391336432721e-16,2.95253704774853e-15,Early_Loss_Down,0.991368551592016,0.242682976095318
LONP1,-0.426413639543161,-0.479063400158547,-0.48229918326844,1.51057488609172e-24,1.52191334165318e-23,Early_Loss_Down,0.993923034317757,0.48229918326844
SUCLG2,-0.71422748428316,-0.753492214461553,-0.756126697567171,1.71817281492077e-25,1.92185943088316e-24,Early_Loss_Down,0.998666423910503,0.756126697567171
ALDH7A1,-0.413436782216598,-0.453445340709464,-0.43684227706967,5.69043324227505e-18,3.30927920630419e-17,Early_Loss_Down,0.997159681961194,0.453445340709464
HSPA2,-0.107522612040152,-0.134963059826884,-0.179900950539111,0.00747936124539072,0.0116277310450479,Monotonic_Down,0.957611380208964,0.179900950539111
AK2,-0.429161070007888,-0.424135522284274,-0.483890807626803,8.76855243098321e-23,7.78782212706962e-22,Early_Loss_Down,0.99270801874237,0.483890807626803
CARS1,-0.254558079763271,-0.257757267496085,-0.265908878962224,4.42094504108089e-12,1.61223070253616e-11,Early_Loss_Down,0.999321981358125,0.265908878962224
PHLDB1,0.420500888976506,0.417241349956481,0.404470170635764,8.6699519210144e-21,6.52953302141917e-20,Early_Burst_Up,0.999442222097298,0.420500888976506
DMD,-0.309534378351705,-0.343785168815219,-0.299359844229655,1.12952754895303e-05,2.39488618149991e-05,Early_Loss_Down,0.99291373503716,0.343785168815219
SEC24C,-0.0656603090348167,-0.106665059781411,-0.065704164265926,0.00251080656669844,0.00413761034615136,Mid_Trough,0.986858513140931,0.106665059781411
GNAI2,0.330447082319041,0.302230505003433,0.340420430861557,1.37797882805075e-15,6.61334475607748e-15,Early_Burst_Up,0.99506462911303,0.340420430861557
C9,0.756532840249542,0.705762927266731,0.677022703103974,6.37038749774892e-16,3.15749641192773e-15,Early_Burst_Up,0.995776905849656,0.756532840249542
SRP72,-0.572807138857751,-0.586046181302342,-0.503121818099294,4.87337072254682e-25,5.2061862840866e-24,Early_Loss_Down,0.991487867257238,0.586046181302342
CAPRIN1,0.165334393915283,0.191826054409793,0.175300574805085,6.49473344279229e-09,1.82969437071488e-08,Early_Burst_Up,0.992507155363624,0.191826054409793
MAPK1,0.157711877409402,0.143217082936285,0.126877375240395,2.71198354377947e-07,6.62628510021514e-07,Early_Burst_Up,0.9847525742459,0.157711877409402
SERBP1,-0.395786065202454,-0.400387522618226,-0.391131146631039,1.63187210273482e-23,1.52589209426508e-22,Early_Loss_Down,0.999817709139893,0.400387522618226
UBA2,0.0865878150734405,0.0651586218333847,0.12295479414533,0.000376212271929046,0.00068209989694848,Early_Burst_Up,0.886828035678671,0.12295479414533
FYCO1,-0.226442939249614,-0.296316670342327,-0.264007520460452,7.7557932575066e-14,3.24340258738542e-13,Early_Loss_Down,0.97710413629406,0.296316670342327
EIF2S1,-0.358884302290997,-0.36523166048813,-0.316053051835566,3.58808151076545e-19,2.3328136197336e-18,Early_Loss_Down,0.992156954908905,0.36523166048813
ESD,-0.199248280723921,-0.231464463958385,-0.216737371799651,6.80267757336015e-13,2.66283550166995e-12,Early_Loss_Down,0.992636203966365,0.231464463958385
PXDN,0.469506844990797,0.518867542453373,0.514149468614576,2.88321503877576e-24,2.83283536631545e-23,Early_Burst_Up,0.996079391536456,0.518867542453373
TMPO,0.196810009313514,0.17285416766854,0.216480005798193,1.29960489098734e-05,2.74221904229124e-05,Early_Burst_Up,0.9837334158984,0.216480005798193
SMARCA5,0.221720087249708,0.217177916907116,0.243590928687015,1.4072656647952e-16,7.31496868358881e-16,Early_Burst_Up,0.994901284646805,0.243590928687015
TCERG1,0.0653064527257916,0.0701235993867519,0.0678292181261064,0.0290838336483538,0.0415654582898163,Early_Burst_Up,0.998317989368301,0.0701235993867519
BIRC6,-0.0616011198031785,-0.0752289473470669,-0.0410608501730458,0.0177964311805235,0.026147934372231,Mid_Trough,0.936159828578034,0.0752289473470669
SSB,0.138791845175525,0.130389064933184,0.126832572108469,0.000203352463436626,0.000379950426744409,Early_Burst_Up,0.997126703348577,0.138791845175525
ABCE1,-0.325804466698389,-0.349923227363263,-0.324659546632569,1.65294629240703e-15,7.87479040975851e-15,Early_Loss_Down,0.997568231667455,0.349923227363263
AZGP1,0.296334334866321,0.275806993985185,0.245340463215467,0.00223230750562894,0.00370581748690285,Early_Burst_Up,0.988384245987853,0.296334334866321
MMP2,1.04689476739776,1.00405587050167,0.900769717390107,1.43220914401367e-35,4.67405666528696e-34,Early_Burst_Up,0.992317815704213,1.04689476739776
ITGA2,0.860982261900278,0.934122606311127,0.972414896699443,6.84072113696657e-43,6.39645857323998e-41,Early_Burst_Up,0.995015291334919,0.972414896699443
VWA5A,0.20122477295923,0.211054262875089,0.156364669785092,5.81020593859994e-05,0.00011491090442178,Early_Burst_Up,0.969873976709896,0.211054262875089
YWHAH,0.560180307981244,0.578100345238736,0.544439802093614,3.32392155617116e-43,3.29305657029243e-41,Early_Burst_Up,0.99880004815664,0.578100345238736
APEH,-0.0288798426206673,-0.112406960510988,-0.0525401683638385,0.000441206651758757,0.000793028457005697,Mid_Trough,0.9612267852517,0.112406960510988
INF2,0.633480981382564,0.64805321415248,0.633314102277546,6.68124319226043e-44,7.12837254435785e-42,Early_Burst_Up,0.999765743126969,0.64805321415248
RPA1,0.233044471025838,0.171847747704704,0.21899444622727,3.13049761149198e-07,7.60198457042203e-07,Early_Burst_Up,0.969751157531997,0.233044471025838
PKP3,0.566389328686686,0.619984450488019,0.494796275785383,2.8741012793201e-18,1.71826658380042e-17,Early_Burst_Up,0.983659736230383,0.619984450488019
AHCYL1,-0.216725021444657,-0.265298534652318,-0.207166040977586,3.90284244363097e-10,1.22795670381463e-09,Early_Loss_Down,0.976319606187548,0.265298534652318
PRPF19,-0.218041662032449,-0.236835246379649,-0.175763394533279,1.79516843957891e-09,5.31461819785688e-09,Early_Loss_Down,0.971724772340425,0.236835246379649
PRDX3,-0.198153592980162,-0.240118753399656,-0.245695703677984,1.77514836965998e-05,3.69411971300584e-05,Early_Loss_Down,0.983112593415848,0.245695703677984
PLS1,0.162361829002268,0.252090293051218,0.146896451947622,0.019699687099271,0.0287817408778324,Mid_Peak,0.985579395005251,0.252090293051218
DNM1L,0.272877446567328,0.292755279153672,0.311654306580765,1.0119622626616e-22,8.92113342147228e-22,Early_Burst_Up,0.994188654435534,0.311654306580765
CRAT,-1.01557507893076,-1.06251397412221,-0.99578998568382,5.71321958246207e-43,5.46499004198268e-41,Early_Loss_Down,0.998511742549541,1.06251397412221
ZNF638,-0.0735734128945876,-0.0711838515412912,-0.0376816219434029,0.00794902622792888,0.01233484920172,Early_Trough,0.950192669795789,0.0735734128945876
AFM,0.592889954709918,0.517868760496117,0.549791279331311,9.1253751229983e-11,3.01953764507323e-10,Early_Burst_Up,0.99388790207455,0.592889954709918
USP47,-0.131386536149053,-0.141435763923954,-0.115354641455818,1.45976536677865e-08,3.98431203093863e-08,Early_Loss_Down,0.986497945914618,0.141435763923954
TYMP,0.784615867918414,0.817158770181897,0.840852012268162,1.50331180068484e-39,7.91807645905015e-38,Early_Burst_Up,0.998400569075355,0.840852012268162
ETFA,-0.538214371548732,-0.49409524648526,-0.537730217472849,2.29412662473306e-18,1.38345809934989e-17,Early_Loss_Down,0.996890263348424,0.538214371548732
EIF2S2,-0.439233753278827,-0.4351995355912,-0.410471841475121,1.87208607376787e-20,1.36303589727876e-19,Early_Loss_Down,0.998242080697308,0.439233753278827
TTLL12,0.298281591335713,0.311661320472246,0.249591722189022,6.89258306560998e-13,2.69549230601533e-12,Early_Burst_Up,0.98310617849719,0.311661320472246
DYNC1I2,-0.0739539534649944,-0.0817454249381136,-0.0723311316850757,0.0270629394944007,0.0388306521504142,Early_Loss_Down,0.994205540447492,0.0817454249381136
HRG,0.704414742896389,0.684484113026458,0.646430774677683,5.37980374312255e-14,2.28305592811146e-13,Early_Burst_Up,0.997495334949473,0.704414742896389
FERMT3,0.62187639250167,0.615918149504964,0.663405320106692,7.80833719056911e-23,6.97969732544749e-22,Early_Burst_Up,0.9977857047227,0.663405320106692
PSMB8,0.389726095756562,0.383275032889337,0.40051082179854,2.68966691055696e-16,1.37153235475827e-15,Early_Burst_Up,0.999339861371187,0.40051082179854
TNPO1,0.172705828336587,0.155807286059091,0.207944584488856,1.3165003825083e-10,4.29643771891533e-10,Early_Burst_Up,0.971739415396131,0.207944584488856
NUDC,-0.241691222809088,-0.234515658653244,-0.206818444621523,2.68363108604953e-09,7.81700311449219e-09,Early_Loss_Down,0.991389533513041,0.241691222809088
CCAR1,0.0842848231975309,0.0703281534265296,0.0883491050222346,0.0144633407915452,0.0215705953525518,Early_Burst_Up,0.982318107982145,0.0883491050222346
ABCF1,-0.15720665159764,-0.160452817010241,-0.0940722981657259,1.77595912639216e-07,4.42368507926834e-07,Early_Trough,0.924626768601213,0.160452817010241
SCFD1,-0.205022877376603,-0.209862055139205,-0.198403578479004,3.00194579858615e-05,6.10214776156179e-05,Early_Loss_Down,0.998946005774078,0.209862055139205
PPP1CB,0.232516925386266,0.245672238771665,0.239487312313267,7.4998893333898e-10,2.29463525854669e-09,Early_Burst_Up,0.998992314154835,0.245672238771665
DCTN2,-0.154981356618126,-0.170090653008593,-0.176374017855095,2.21946068244684e-06,5.01366769797032e-06,Early_Loss_Down,0.994279544863159,0.176374017855095
RCN1,0.551394413518044,0.571960084807237,0.590450373003442,8.77828758035432e-26,1.01181314741979e-24,Early_Burst_Up,0.998444151699065,0.590450373003442
UBAP2L,0.157073705921112,0.161365112498312,0.157593507383466,1.70500643184931e-06,3.88209672389875e-06,Early_Burst_Up,0.999709655315335,0.161365112498312
GSTM3,-0.678450382539931,-0.759982919394647,-0.71711286560633,4.32332685639493e-21,3.35622444952599e-20,Early_Loss_Down,0.995731588261828,0.759982919394647
CDC5L,-0.077208326521219,-0.0597590486585667,-0.0195017694987926,0.0129493192650544,0.0194555397948697,Early_Trough,0.987268150197098,0.077208326521219
COPS4,-0.15131094405925,-0.199789803491479,-0.145252471715137,1.1428373548108e-12,4.3767567725428e-12,Early_Loss_Down,0.959127397472758,0.199789803491479
STAB1,0.28805305963979,0.255930928057363,0.275040102381736,1.63533122952927e-07,4.08562788716379e-07,Early_Burst_Up,0.995362431795325,0.28805305963979
MX1,1.00686312574006,1.04562309777601,0.983411312552742,7.58468231772925e-22,6.23097001462417e-21,Early_Burst_Up,0.998717273485262,1.04562309777601
SLC25A24,0.371780115141377,0.422960269217115,0.326466220357859,4.07976056685662e-16,2.05643654981107e-15,Early_Burst_Up,0.978468212309293,0.422960269217115
LGALS4,0.302334266843106,0.319357350062544,0.317685520678826,0.00625218087259466,0.00980415474311904,Early_Burst_Up,0.998804902454653,0.319357350062544
WDR44,0.0948931385916517,0.0972970525809795,0.0991250024176976,0.000252221673948034,0.000466131194891304,Early_Burst_Up,0.999363619348377,0.0991250024176976
CD163,0.562871119709735,0.574996095764492,0.63966805287937,9.95519851952997e-19,6.23849112044642e-18,Early_Burst_Up,0.99358849724981,0.63966805287937
ERC1,0.252959676462117,0.235429890046238,0.235040510461229,5.32958019189071e-15,2.4423329491693e-14,Early_Burst_Up,0.997606631682265,0.252959676462117
RUVBL2,0.211358189178053,0.180132673771933,0.180642781203368,2.83085091045437e-07,6.90657909023785e-07,Early_Burst_Up,0.988478936495261,0.211358189178053
PFAS,-0.183161411098885,-0.222169250024194,-0.165100809233048,7.57555342637467e-20,5.18878647031194e-19,Early_Loss_Down,0.970028297268144,0.222169250024194
PPFIBP1,0.43413491719677,0.437492689308662,0.423113907197935,1.45282827293515e-30,2.71086028864715e-29,Early_Burst_Up,0.999595216482108,0.437492689308662
PTK7,0.710872918155758,0.704894827705426,0.673035448356887,4.09937171357481e-33,1.00043904399911e-31,Early_Burst_Up,0.998864017221228,0.710872918155758
PSMC1,-0.123259656170876,-0.147185451560967,-0.115113996008835,1.07086105800563e-07,2.72779483462591e-07,Early_Loss_Down,0.978295007490021,0.147185451560967
FABP5,-0.50251971358337,-0.454707969885607,-0.425188285518431,4.81203453416826e-14,2.05362827658196e-13,Early_Loss_Down,0.990572306341848,0.50251971358337
HIBCH,-0.884231269885076,-0.906787023413727,-0.935127500969751,3.7257535716707e-32,8.1809290827028e-31,Early_Loss_Down,0.998951479491544,0.935127500969751
BAZ1B,0.0573001574032058,0.0455979116358693,0.105241531151948,0.0047780345893997,0.00759992428382728,Monotonic_Up,0.907813844123148,0.105241531151948
SPTBN2,-0.210986741160454,-0.196072593027079,-0.217213306262616,0.00045566331928241,0.000817600289579175,Early_Loss_Down,0.996385602843353,0.217213306262616
ASPH,0.725736221246696,0.717315097959276,0.678799918288676,6.52826046749157e-36,2.25458498234295e-34,Early_Burst_Up,0.998335069041923,0.725736221246696
IFI30,0.447655057163088,0.513709983932659,0.50253537248297,4.30795611536124e-19,2.77913261953769e-18,Early_Burst_Up,0.993073147509485,0.513709983932659
PPA2,-0.203057482211394,-0.281232752085217,-0.279851195540243,7.24216229761398e-08,1.86997439158373e-07,Early_Loss_Down,0.961237916415702,0.281232752085217
GOT2,-0.12023609411093,-0.127319744493266,-0.21929507585815,0.0026807606589464,0.00440720865344764,Monotonic_Down,0.954447693530189,0.21929507585815
STK10,0.419648522414493,0.411640352411513,0.464470318762165,6.05935326877895e-20,4.17779104414072e-19,Early_Burst_Up,0.994255768824851,0.464470318762165
SEC23A,0.651506620937547,0.663779920885624,0.642724799537114,1.35110025520469e-34,3.91771997345415e-33,Early_Burst_Up,0.999650102377548,0.663779920885624
MTDH,-0.181692456383446,-0.182696230636918,-0.164099475828212,8.25790592021732e-07,1.93148659550446e-06,Early_Loss_Down,0.995332839203923,0.182696230636918
S100A8,0.753845485405796,0.852234130761748,0.949367491967466,6.37041700601276e-09,1.79771482957064e-08,Early_Burst_Up,0.982887085182683,0.949367491967466
CRIP1,0.352681244674124,0.424886029996601,0.323022855282664,3.59591441715387e-08,9.530318401132e-08,Early_Burst_Up,0.973868450061569,0.424886029996601
DDX58,0.22315647843342,0.262859213182116,0.295291348965448,7.42728482390749e-07,1.7435786827802e-06,Early_Burst_Up,0.975288333990494,0.295291348965448
SKIV2L,-0.18074420166248,-0.213889075893676,-0.17107486280005,1.24965063452186e-11,4.39171983973435e-11,Early_Loss_Down,0.981614199376659,0.213889075893676
MCCC1,-0.960902607505982,-0.980900066116101,-0.922434612369747,2.87291125490388e-46,4.26935133273394e-44,Early_Loss_Down,0.998710934715747,0.980900066116101
LRRC47,-0.195412410006673,-0.203008093014709,-0.191244349792914,4.69684670901636e-10,1.46888982759993e-09,Early_Loss_Down,0.998774474369177,0.203008093014709
GBP1,0.687956585268204,0.734515312523991,0.801324251639543,1.82453576048089e-27,2.42940585579552e-26,Early_Burst_Up,0.992212323660426,0.801324251639543
UNC45A,0.11886962250975,0.105026997126918,0.12142662454281,0.000263087467037772,0.000485027448092234,Early_Burst_Up,0.992256718579823,0.12142662454281
PLCG2,0.270238338101902,0.267255416462359,0.316661745251123,8.22246062773118e-08,2.110651367797e-07,Early_Burst_Up,0.987610399904787,0.316661745251123
SRSF1,0.360878864163937,0.33590262606396,0.3144626035301,1.24269335898973e-08,3.41197430996784e-08,Early_Burst_Up,0.993726825740495,0.360878864163937
OGN,0.56387390017848,0.417125233537643,0.317650182962382,0.00529561940835942,0.00837676196851685,Early_Peak,0.967873797832819,0.56387390017848
HIP1,0.643375945240435,0.624848371837298,0.586491911870136,1.28096804138625e-46,2.09023843929733e-44,Early_Burst_Up,0.997076634981779,0.643375945240435
ACTR1B,-0.304341018010644,-0.328094872269653,-0.33926558479085,1.00462573437939e-19,6.7971507004108e-19,Early_Loss_Down,0.995981254515056,0.33926558479085
SH3PXD2B,0.598082034645361,0.616228227021971,0.601378447992542,2.16253786388175e-40,1.30410435530608e-38,Early_Burst_Up,0.999660038006929,0.616228227021971
PSMA1,0.290723964828796,0.261509740132486,0.25535526923037,5.71175411176462e-07,1.3565416015441e-06,Early_Burst_Up,0.993494599048816,0.290723964828796
NEXN,0.454244749087486,0.490465646905182,0.434457893864802,7.61717244489982e-13,2.96909176048976e-12,Early_Burst_Up,0.994949069945592,0.490465646905182
SNX2,0.188633895054854,0.142178477269922,0.166077583863761,1.51764137459156e-07,3.81104753148792e-07,Early_Burst_Up,0.974759093009257,0.188633895054854
ASCC3,-0.138531038273957,-0.137130951857202,-0.104412645742198,4.50515933776598e-06,9.8897219754388e-06,Early_Loss_Down,0.970403322217099,0.138531038273957
NBAS,-0.199639033738846,-0.205725217082605,-0.184453754310789,1.657595413606e-09,4.92837050090357e-09,Early_Loss_Down,0.995885607442651,0.205725217082605
PGM3,-0.367168888085365,-0.378439181674303,-0.333749029711379,3.11587126055268e-12,1.15143342052928e-11,Early_Loss_Down,0.994481920419618,0.378439181674303
PHB2,0.127173849900847,0.120303551028669,0.149009253688118,0.0095027212521331,0.0145799495317573,Early_Burst_Up,0.983278953294623,0.149009253688118
ALDH1B1,-0.21231999505064,-0.24834314883286,-0.26484503580347,0.000282553128862996,0.000519189034753336,Early_Loss_Down,0.983946782656114,0.26484503580347
GOLGA2,-0.162592469967618,-0.16522421636115,-0.167588452618932,1.34041830349429e-09,4.01980580961422e-09,Early_Loss_Down,0.999694748330954,0.167588452618932
SPATS2L,0.561280167537837,0.60762801812515,0.554498120351987,5.13266474586e-49,1.25629517691314e-46,Early_Burst_Up,0.996638782499426,0.60762801812515
PCYOX1,-0.321743694521396,-0.394360159626961,-0.322052791817353,8.95391973012101e-25,9.26797512364017e-24,Early_Loss_Down,0.981064097583782,0.394360159626961
SUSD2,0.270895553264598,0.278178946202653,0.172652354162019,3.63589531228658e-05,7.32637307236052e-05,Early_Burst_Up,0.928461172734757,0.278178946202653
RCC2,0.162396917925914,0.162045015239078,0.190627970166472,5.93296042346273e-07,1.40626877368433e-06,Early_Burst_Up,0.988049429483755,0.190627970166472
NASP,0.247910309580327,0.233620088559619,0.27004331214157,2.6292403187489e-07,6.43734567008778e-07,Early_Burst_Up,0.992921115719607,0.27004331214157
EIF4G3,0.185743193875428,0.183358152094548,0.184307782609584,1.97429506557223e-15,9.3618709605083e-15,Early_Burst_Up,0.999943513041446,0.185743193875428
G3BP1,0.110610176621575,0.10978277374182,0.117246822941495,8.5980337379795e-05,0.000166054390270284,Early_Burst_Up,0.998242518428612,0.117246822941495
DOCK2,0.47192828666043,0.422413499222665,0.48886318615838,9.77664293440544e-16,4.74686245624983e-15,Early_Burst_Up,0.992604438100658,0.48886318615838
PSMC6,0.139557297870856,0.0943539893580907,0.121057802142627,0.0158963361235925,0.0235683786247171,Early_Burst_Up,0.954170715244191,0.139557297870856
TOR1AIP1,0.114452413219662,0.128649698673079,0.0743040116817073,0.00174603322661953,0.00293426666234406,Early_Burst_Up,0.916982381346939,0.128649698673079
ARPC5,0.460050830769179,0.506365904071345,0.478449827470142,1.03440353241137e-29,1.76038981528169e-28,Early_Burst_Up,0.996888642536678,0.506365904071345
RPLP0,-0.770065973325386,-0.787277723531681,-0.718381481795124,7.97184515656479e-29,1.2195164594289e-27,Early_Loss_Down,0.997034163919778,0.787277723531681
H4C6,0.43905046033757,0.304322223738276,0.303502003902831,0.00350824993627657,0.00568340587301802,Early_Burst_Up,0.939345208223932,0.43905046033757
SRRT,0.104674900777245,0.115104966973588,0.118028698331314,3.19599338101837e-05,6.47603041559163e-05,Early_Burst_Up,0.99485815244612,0.118028698331314
CEP170,0.589794141445434,0.587674474182045,0.598262104463404,3.5750519215134e-37,1.47285059855617e-35,Early_Burst_Up,0.999880589619429,0.598262104463404
EDC4,0.0969925354576664,0.0893253652815441,0.114580454160165,2.23423584552854e-05,4.60572472293498e-05,Early_Burst_Up,0.978493312009818,0.114580454160165
OSBP,-0.108643037123905,-0.115349156598404,-0.0982281381800077,0.00269304242095064,0.00442565146665704,Early_Loss_Down,0.991507122540908,0.115349156598404
C8A,0.697955316034263,0.633829258056847,0.611583696346601,6.00555097970232e-18,3.48522979449671e-17,Early_Burst_Up,0.993670301889698,0.697955316034263
CUL3,-0.0688296823892466,-0.0897157852343224,-0.050843894218944,0.00102690378012936,0.00177484802870956,Mid_Trough,0.955226526098437,0.0897157852343224
VWA8,-0.5820470332264,-0.586763616988837,-0.599644962251982,1.93382674876649e-29,3.18049529708197e-28,Early_Loss_Down,0.999681768194681,0.599644962251982
ERP29,-0.459566446334884,-0.466626408503353,-0.39989279694944,9.1122295224795e-19,5.72749048988477e-18,Early_Loss_Down,0.990952658452154,0.466626408503353
ANXA10,0.820659190839623,0.91663820259448,0.850331441551958,8.60880974004419e-16,4.2117880456583e-15,Early_Burst_Up,0.995700120676208,0.91663820259448
PHPT1,-0.533838016549722,-0.563105921117418,-0.558538671692052,1.06282486679089e-27,1.44997189203833e-26,Early_Loss_Down,0.998916177412052,0.563105921117418
GOT1,-0.0757273593705835,-0.155682640579425,-0.156210673609023,0.0346127849584957,0.0488050824169097,Mid_Plateau_Down,0.980287479316168,0.156210673609023
AGO2,0.299804591564665,0.287418343011649,0.296477113324882,3.87447921421186e-25,4.1738361669682e-24,Early_Burst_Up,0.999369160772488,0.299804591564665
LMAN2,-0.133418989191043,-0.166171790133345,-0.141488176228993,0.0134462403572689,0.0201584601428916,Early_Loss_Down,0.9825090812516,0.166171790133345
SRI,0.310528331707271,0.320970503186458,0.354641284877674,6.28082511761621e-09,1.7736351078657e-08,Early_Burst_Up,0.993505861669458,0.354641284877674
DOCK1,0.224223328187763,0.197592777283253,0.214479858188856,1.26491922237009e-12,4.824316117582e-12,Early_Burst_Up,0.994662118091331,0.224223328187763
INPP5D,0.47307350434032,0.490172581155685,0.510426674147643,5.50511339639484e-16,2.74661592834519e-15,Early_Burst_Up,0.998073587569163,0.510426674147643
CIRBP,-0.450876196892837,-0.470732348716994,-0.464153727162553,2.09923512416488e-15,9.93733487104673e-15,Early_Loss_Down,0.999361310231371,0.470732348716994
SORBS3,0.305256697809979,0.296911946868044,0.243552170447977,5.60650139594108e-08,1.46169500679892e-07,Early_Burst_Up,0.981711276429241,0.305256697809979
LAD1,0.47927871344893,0.573883961814607,0.451126202237534,2.07373206440689e-16,1.06528384197495e-15,Early_Burst_Up,0.978766284079504,0.573883961814607
MNDA,0.664496326090718,0.719421186171878,0.734940972678414,7.91972669011776e-19,5.01964703085758e-18,Early_Burst_Up,0.996358140741117,0.734940972678414
TPM3,0.405932117803958,0.409958169990173,0.372111388775289,1.68543792838952e-26,2.06267859412612e-25,Early_Burst_Up,0.99634642779753,0.409958169990173
CORO1B,0.164700042842316,0.155836148500231,0.135345049395677,4.21109214367198e-05,8.45673475377371e-05,Early_Burst_Up,0.987162122830305,0.164700042842316
RPL6,-0.123506656810421,-0.162277844516625,-0.0964288156187651,0.0174385942444356,0.0256538768432372,Mid_Trough,0.957403754113703,0.162277844516625
IDE,-0.157804389809725,-0.183749477681685,-0.161645555281236,7.5990380651333e-06,1.63493264679522e-05,Early_Loss_Down,0.990834973948992,0.183749477681685
MAT2A,-0.474854095781914,-0.484890278337475,-0.442321840897498,1.8048735143387e-29,2.98018995760449e-28,Early_Loss_Down,0.996990786955614,0.484890278337475
SHTN1,-0.351726536980546,-0.338999756765422,-0.290264210857913,9.38115668423252e-12,3.3434683480164e-11,Early_Loss_Down,0.987129132005764,0.351726536980546
PCCA,-0.644675638117053,-0.711498015974747,-0.685647452787383,9.69191783335128e-41,6.11031365220828e-39,Early_Loss_Down,0.996747946864789,0.711498015974747
ANKFY1,0.204719019278093,0.174290657369139,0.225357449272156,3.34005292132685e-11,1.14057941777932e-10,Early_Burst_Up,0.978999291923478,0.225357449272156
CTRC,-1.51015183814697,-1.66523032444699,-1.5651133166614,2.04055401262892e-30,3.76529722685097e-29,Early_Loss_Down,0.996714992051292,1.66523032444699
SWAP70,0.192853802286744,0.19517674921373,0.194650815038816,4.20154690806955e-08,1.10754746179774e-07,Early_Burst_Up,0.999947565342584,0.19517674921373
SERPINB5,1.28759565797823,1.48619483070149,1.24364576338465,1.1341324281237e-31,2.36547620722943e-30,Early_Burst_Up,0.987809664407548,1.48619483070149
AP2M1,0.527311194357914,0.471899237639155,0.464601569583154,1.07368085784837e-27,1.46238495892212e-26,Early_Burst_Up,0.993478195271455,0.527311194357914
NOP58,-0.214267771861041,-0.228001982673621,-0.195937615893019,5.69015983145325e-10,1.76494633311047e-09,Early_Loss_Down,0.992461680929538,0.228001982673621
WASHC5,0.191366698205678,0.18877987884801,0.205928380448125,4.88785292317099e-14,2.08171504742216e-13,Early_Burst_Up,0.997027400793092,0.205928380448125
SRSF2,0.22046870758296,0.227781974025051,0.241531004536384,1.57091375923583e-08,4.28346798963322e-08,Early_Burst_Up,0.997128257214659,0.241531004536384
APOE,0.785752493366535,0.695820801791486,0.774416417762776,1.77657589572858e-19,1.17618652380694e-18,Early_Burst_Up,0.994391379147561,0.785752493366535
NCOR2,0.138355158909214,0.148734394879889,0.136902255114804,3.52508591431416e-09,1.01578133583526e-08,Early_Burst_Up,0.997231980310859,0.148734394879889
CHGA,-0.567049863323357,-0.735009562446753,-0.773476428651198,3.08053893838973e-08,8.20359841448938e-08,Early_Loss_Down,0.968033251479458,0.773476428651198
NME1-NME2,0.230955816973351,0.237186025539526,0.266698026155341,4.9825126082472e-09,1.41662008629427e-08,Early_Burst_Up,0.991995943699982,0.266698026155341
PDS5A,0.0535528071481088,0.0283254685323989,0.0818636778708242,0.0193961285525795,0.0283581485970778,Monotonic_Up,0.81348361663338,0.0818636778708242
S100A9,0.542585038745144,0.670870498663806,0.735035518020664,1.00867976900027e-05,2.1474118796675e-05,Early_Burst_Up,0.970966361393447,0.735035518020664
SLC4A1,-0.802270666770396,-0.917528142682479,-0.695321532647652,8.4347010433225e-14,3.52023982359728e-13,Early_Loss_Down,0.975521656807159,0.917528142682479
CPT2,-0.446993339015342,-0.496323544485347,-0.488548739789365,6.94010221853512e-17,3.7094110894444e-16,Early_Loss_Down,0.995907913329373,0.496323544485347
ACSL5,0.467140771592318,0.478301046138989,0.309688147997043,2.058997911436e-06,4.66004368206972e-06,Early_Burst_Up,0.9384595878338,0.478301046138989
ENSG00000290316,0.693349389185372,0.587547477429262,0.563534164476406,1.10410407925511e-12,4.23231420891801e-12,Early_Burst_Up,0.983585830277428,0.693349389185372
ATXN2L,0.141426935650353,0.139469174455867,0.163645533553646,7.25838133019966e-07,1.70537124308079e-06,Early_Burst_Up,0.989226234447406,0.163645533553646
ORM2,0.345473582377455,0.34461171918567,0.348974393780534,0.000393371039643448,0.000711504845014731,Early_Burst_Up,0.999940668338062,0.348974393780534
FNDC3A,-0.607021397068225,-0.626340624849874,-0.54868137643952,1.2664191794857e-30,2.3844209076199e-29,Early_Loss_Down,0.993879856682472,0.626340624849874
ACACA,0.161423714866952,0.128223115103615,0.174258650655103,4.70310696193507e-05,9.39267005932893e-05,Early_Burst_Up,0.969941826604427,0.174258650655103
SFN,1.29070387848064,1.41590845821229,1.25703031800301,5.87307351861612e-42,4.61091677565315e-40,Early_Burst_Up,0.994689188001978,1.41590845821229
U2AF2,0.134210131417826,0.11143613332551,0.143925216969939,8.11510351407334e-05,0.000157421658377898,Early_Burst_Up,0.978710828570944,0.143925216969939
SH3KBP1,0.547973704999451,0.576987618239302,0.563185835988961,1.91630203226463e-23,1.77786683528498e-22,Early_Burst_Up,0.999114317784918,0.576987618239302
SPON1,0.387964486304552,0.289281871908591,0.235717724322654,0.00034416750564852,0.000626731287091244,Early_Peak,0.954245602465352,0.387964486304552
CDC37,0.197919561430131,0.225645287602078,0.21155675139756,4.08636364569707e-13,1.62633755425591e-12,Early_Burst_Up,0.994331000428802,0.225645287602078
BAG3,0.159556608959554,0.172858365362304,0.150126354033715,4.74021898279139e-05,9.46451592485363e-05,Early_Burst_Up,0.993344901839423,0.172858365362304
TRAP1,-0.286077166421511,-0.308916434443512,-0.326362678382511,8.72601208801942e-12,3.11932442424818e-11,Early_Loss_Down,0.994279794860038,0.326362678382511
RUFY1,0.292015807047332,0.285887396844534,0.263942866918281,1.03003636079709e-21,8.403884896621e-21,Early_Burst_Up,0.996331277895494,0.292015807047332
XPO7,0.0659420239318851,0.0134923766935722,0.078742975935571,0.0144193415990726,0.0215088296804952,Unclassified,0.682522440010902,0.078742975935571
DIDO1,0.0820741793248301,0.0742091845921708,0.0872495381810858,0.00408602275175725,0.00654172399771524,Early_Burst_Up,0.991388835828638,0.0872495381810858
FMNL1,0.55613786931111,0.550372273732989,0.60567218842913,1.36622443750104e-20,1.00706109556099e-19,Early_Burst_Up,0.996238392940383,0.60567218842913
ALDH1A3,0.269044227415872,0.264709088695443,0.334881556230158,0.000352850835030173,0.000641701190804436,Early_Burst_Up,0.976279836098635,0.334881556230158
HNRNPH3,0.306752645643563,0.301959445631933,0.299705845580612,2.10859853189779e-13,8.52660689137679e-13,Early_Burst_Up,0.999811714143598,0.306752645643563
VDAC3,-0.261646935847373,-0.335123367286626,-0.363287372645763,3.69835818562447e-06,8.19209447103985e-06,Early_Loss_Down,0.965967262710516,0.363287372645763
ATM,-0.116031074574657,-0.141176491117855,-0.0765534644186277,0.0029547438881103,0.00482712576302589,Mid_Trough,0.934745311791026,0.141176491117855
NAGK,0.180241685019701,0.173420567480846,0.240100250568737,2.73385189709031e-07,6.67775623351498e-07,Early_Burst_Up,0.95711277005031,0.240100250568737
CUL4A,0.141635693199916,0.124351936715996,0.148970821244135,6.51794236025702e-09,1.83561138145715e-08,Early_Burst_Up,0.989048146065052,0.148970821244135
WNK1,0.167593635383909,0.158175395657584,0.203629350457439,4.30152773371901e-13,1.71115266730448e-12,Early_Burst_Up,0.976231505123942,0.203629350457439
HARS1,-0.497547828232041,-0.520552690707583,-0.49444694504977,1.80731058591252e-27,2.4103267140968e-26,Early_Loss_Down,0.998934872082445,0.520552690707583
C8B,0.712025540086809,0.651368532254402,0.630859106553362,4.46457064125098e-20,3.13537188831145e-19,Early_Burst_Up,0.994668154910183,0.712025540086809
NUCB1,0.654636019594714,0.659086373794018,0.598815064422861,3.25888770828085e-36,1.16898549604798e-34,Early_Burst_Up,0.996319605448631,0.659086373794018
RO60,0.21486476781147,0.183092590601397,0.180934658021684,6.17704505887413e-08,1.6039116686412e-07,Early_Burst_Up,0.987322066250066,0.21486476781147
CYB5R3,0.12472941295516,0.06308952625518,0.0890467546079547,0.0268906102518972,0.0386033566528011,Early_Burst_Up,0.877103622174847,0.12472941295516
ECH1,-0.200158771357186,-0.248661444791155,-0.207510202542746,0.000242085798280104,0.000448295063036721,Early_Loss_Down,0.981491248887579,0.248661444791155
H6PD,0.612258711079279,0.559366544814943,0.562702891653052,1.55480750077219e-37,6.66964331001349e-36,Early_Burst_Up,0.996517823011498,0.612258711079279
OAS3,0.85151407390425,0.889217878248253,0.918235136679592,2.05320786789997e-35,6.59721848519829e-34,Early_Burst_Up,0.998105769845176,0.918235136679592
ERP44,-0.399121339053536,-0.421051929064724,-0.423297262203571,4.84187688820405e-20,3.38321574001966e-19,Early_Loss_Down,0.99861824306979,0.423297262203571
POR,0.178277884305194,0.193943640281797,0.180087611137952,4.13816406436215e-06,9.12743210803653e-06,Early_Burst_Up,0.997123183177948,0.193943640281797
MAP1S,0.186989151987388,0.18439746500516,0.181630967699063,2.20685203820621e-11,7.6047298807255e-11,Early_Burst_Up,0.999718389242524,0.186989151987388
GSS,0.257445361944108,0.210376561740725,0.228592931597592,6.06386539437081e-07,1.43688746617181e-06,Early_Burst_Up,0.986347386877427,0.257445361944108
GAK,-0.094179688441626,-0.0597985106507813,-0.0488012965493802,0.0268614854066685,0.0385681990259308,Early_Trough,0.973345583820128,0.094179688441626
PCNA,0.159370497943054,0.145060934583865,0.158133920918377,0.0328936049285053,0.0465703607034742,Early_Burst_Up,0.996492795417939,0.159370497943054
ATP13A1,-0.223547472766651,-0.196482047529207,-0.160089894823234,0.000146172154277165,0.000276968275932279,Early_Loss_Down,0.965694562924633,0.223547472766651
NUP205,0.154009376131995,0.126322182290244,0.153682327627401,1.8541827594338e-06,4.21023435852881e-06,Early_Burst_Up,0.984289780530835,0.154009376131995
POF1B,0.326570233332212,0.417981402258788,0.319049017248772,3.93820975231381e-08,1.04010731700271e-07,Early_Burst_Up,0.969296975473203,0.417981402258788
HTT,0.126715779567339,0.101000087239833,0.129025766478253,2.49231543030841e-05,5.11241040449263e-05,Early_Burst_Up,0.977932815607893,0.129025766478253
THOC2,0.128649772274689,0.105646745081705,0.130353477243115,3.29225423690975e-05,6.65973256187723e-05,Early_Burst_Up,0.983246768985059,0.130353477243115
PTPN11,0.127488341436719,0.103821334639642,0.138214634154749,0.000939234577845224,0.00162873726960366,Early_Burst_Up,0.973847883059634,0.138214634154749
EIF2A,-0.404677452857023,-0.402740477906055,-0.361755787161987,2.13736055774931e-20,1.54402036124911e-19,Early_Loss_Down,0.99488105199066,0.404677452857023
DKC1,-0.225597763741466,-0.230273946600056,-0.212573567935855,1.35857070460783e-08,3.71664214455829e-08,Early_Loss_Down,0.997748103052573,0.230273946600056
PCM1,0.0328955258348538,-0.0455620046727398,-0.00281255260377165,0.0325471846024556,0.0461112819648682,Unclassified,0.588415755383665,0.0455620046727398
DOCK7,0.251730715459301,0.244171984972847,0.237361752250785,2.0029751773291e-21,1.5950965957639e-20,Early_Burst_Up,0.998848952741326,0.251730715459301
FARSA,-0.116171092800863,-0.137174799786991,-0.134413289135735,0.000801072295182694,0.00139906057513334,Early_Loss_Down,0.989763321158039,0.137174799786991
CILP,0.690115177511335,0.889948650609535,0.883960930918099,1.6838395906247e-17,9.44903106755142e-17,Early_Burst_Up,0.975394460488882,0.889948650609535
DDX60,0.49537804383369,0.526321122421311,0.504000827623622,2.37949438348527e-20,1.71003041963424e-19,Early_Burst_Up,0.99868799933213,0.526321122421311
DPT,0.456735131204983,0.414464381876221,0.305558632717808,1.42579609840443e-05,2.99784616748905e-05,Early_Burst_Up,0.951114458407728,0.456735131204983
FKBP5,-0.0689946730700541,-0.127126392001836,-0.0284977926350592,0.0237128560123074,0.0342720367722165,Mid_Trough,0.941284492020921,0.127126392001836
MYO5C,-0.6364266154978,-0.586408884040382,-0.564654094494593,6.68710164508066e-18,3.85922745425529e-17,Early_Loss_Down,0.994951765251604,0.6364266154978
TFG,-0.436892403397482,-0.432006015219297,-0.397246583814509,1.47229622765414e-25,1.66473494654045e-24,Early_Loss_Down,0.996520218699531,0.436892403397482
AIMP1,-0.423231239373647,-0.41920981313831,-0.39010025330792,3.89722227343226e-28,5.61119096185178e-27,Early_Loss_Down,0.997427999688917,0.423231239373647
TXNL1,-0.248876332892678,-0.265788436125357,-0.236282385987592,1.20135629134153e-18,7.4777016129725e-18,Early_Loss_Down,0.995367788462028,0.265788436125357
ARHGEF1,0.327875333400013,0.324947051059108,0.309458426201624,4.90143634785911e-20,3.41909080359459e-19,Early_Burst_Up,0.998733157122494,0.327875333400013
DBN1,0.685354614197126,0.699803047328555,0.677953240789554,3.81275754041649e-40,2.23449072192577e-38,Early_Burst_Up,0.999652025072648,0.699803047328555
ARAP1,0.349378150303913,0.327602016880933,0.353918664800555,6.03969307833403e-23,5.4692411096731e-22,Early_Burst_Up,0.997772920397317,0.353918664800555
ACSL4,0.52956752096995,0.499844702670759,0.510520075265111,3.07672967215923e-40,1.82889602369351e-38,Early_Burst_Up,0.998854783329158,0.52956752096995
FKBP9,0.558188188205083,0.555890931018686,0.50448867754234,1.13374714714481e-26,1.40402436883023e-25,Early_Burst_Up,0.995803955970818,0.558188188205083
TWF1,0.165104649964357,0.196000433860542,0.165898715174202,4.22862073254007e-11,1.43225810892139e-10,Early_Burst_Up,0.986860124166818,0.196000433860542
CLASP1,0.0358134067609696,0.0207122681653596,0.0690763112238653,0.0353823439894537,0.0497973730221941,Late_Burst_Up,0.863348451430616,0.0690763112238653
MCM3,0.440203869577424,0.380841880977524,0.424685224159525,8.70669973392082e-09,2.42493825922654e-08,Early_Burst_Up,0.992750379777777,0.440203869577424
PLOD3,0.842794080227963,0.835966222880883,0.751329331801015,6.85550079824825e-55,6.33905307144689e-52,Early_Burst_Up,0.994766208002947,0.842794080227963
PSMD13,0.0887176137704654,0.0758260626117485,0.121699929357693,2.52995233850243e-05,5.18705675314541e-05,Early_Burst_Up,0.92689777462227,0.121699929357693
AP1G1,0.153303860859875,0.143565677075297,0.158227155643208,1.1514281659193e-05,2.43945651649196e-05,Early_Burst_Up,0.996789940894977,0.158227155643208
SNX1,0.20386146964044,0.207013361028445,0.204562451488174,1.05368586564275e-11,3.73139309526765e-11,Early_Burst_Up,0.999913240671119,0.207013361028445
AHSG,0.41080637093315,0.308754696069807,0.296129485500545,8.79792930077666e-05,0.000169757402367409,Early_Burst_Up,0.956953339255707,0.41080637093315
DAB2,0.476081115434203,0.421942686114832,0.45377648036139,1.99628745078618e-16,1.02740285500572e-15,Early_Burst_Up,0.995173675423836,0.476081115434203
PDLIM4,0.824246219190909,0.886406209618435,0.760885610247695,2.03798998056363e-41,1.37887419660573e-39,Early_Burst_Up,0.992350651496391,0.886406209618435
SEC13,-0.455965857886732,-0.458952497221729,-0.433840081063795,3.57983619029302e-27,4.62599328813952e-26,Early_Loss_Down,0.998760953414969,0.458952497221729
EEF1A2,-0.19374329928606,-0.178501329699774,-0.192253984539857,0.000965624575445337,0.00167240951443415,Early_Loss_Down,0.997351468421668,0.19374329928606
COL5A1,1.11711866938091,1.10208358916622,0.981111039196188,2.0462654862554e-38,9.30547616208601e-37,Early_Burst_Up,0.99354891221158,1.11711866938091
RSU1,0.17825672382622,0.203288431060682,0.143813154615542,1.74661789502705e-05,3.63838651374596e-05,Early_Burst_Up,0.963348427370037,0.203288431060682
MTOR,0.100158572035923,0.0881791040952218,0.10592339296637,0.000314453910443738,0.000574760694643705,Early_Burst_Up,0.988835076926206,0.10592339296637
SLC9A3R1,-0.397943184676572,-0.396017609509241,-0.380101232429653,3.20638927564782e-14,1.38400267385587e-13,Early_Loss_Down,0.999166213540673,0.397943184676572
ACSL1,0.214521391694434,0.203375767954736,0.138831955135096,0.000468900068140646,0.000840083179131637,Early_Burst_Up,0.941012523787809,0.214521391694434
DECR1,-0.366289886341104,-0.47629481312966,-0.486764260048551,1.65311930375488e-15,7.87479040975851e-15,Early_Loss_Down,0.971060657291029,0.486764260048551
EIF3E,-0.429426178396704,-0.437384963393756,-0.404662831351246,3.29947690965322e-25,3.57995395594968e-24,Early_Loss_Down,0.997845343700632,0.437384963393756
SNX9,0.18701561323749,0.204813626694409,0.197071920358902,6.70573479016422e-08,1.73469458886374e-07,Early_Burst_Up,0.997255707810862,0.204813626694409
DNM1,0.43713202827546,0.343669025595189,0.348439565190742,1.78459427757112e-17,9.96069321123194e-17,Early_Burst_Up,0.974903591386074,0.43713202827546
MMP9,0.297262114644245,0.381293540447907,0.499477505528374,0.000483554729473805,0.000865220911348314,Monotonic_Up,0.958499668806846,0.499477505528374
ECM1,0.866253965709378,0.888236715699473,0.792912460843122,6.31279870458129e-28,8.87417412491985e-27,Early_Burst_Up,0.995424316204384,0.888236715699473
PLOD2,1.13953300550172,1.24460597414933,1.13306414374325,7.44192320572108e-38,3.24249659256601e-36,Early_Burst_Up,0.996218424158688,1.24460597414933
MTA2,0.296097765683641,0.289053607121127,0.295398900239352,1.8552345264619e-14,8.12165267186528e-14,Early_Burst_Up,0.99976697606955,0.296097765683641
CSTB,0.570508542893986,0.576205097925385,0.492115007011282,3.89689459562391e-20,2.75530644220749e-19,Early_Burst_Up,0.99027743725909,0.576205097925385
TINAGL1,-0.120944987118704,-0.129450406066161,-0.215109682534462,0.00571861283706308,0.00900478638222119,Monotonic_Down,0.954049987772424,0.215109682534462
RPS16,-0.409548156708848,-0.4139109664948,-0.350498010518164,1.12110362074062e-16,5.88632449956051e-16,Early_Loss_Down,0.989252416578511,0.4139109664948
NEK9,0.0714990866895167,0.0369782343026051,0.0845314218245187,0.0211007810447435,0.0306940569575871,Early_Burst_Up,0.848492781465578,0.0845314218245187
SH3BGRL,0.308870004828245,0.30282682628373,0.259935764715848,1.23549681664717e-08,3.39333482116757e-08,Early_Burst_Up,0.988943567198399,0.308870004828245
ESYT2,0.248829744724239,0.235534630735878,0.22962352391903,1.37540621392314e-13,5.65799827596065e-13,Early_Burst_Up,0.997729979734905,0.248829744724239
THBS4,0.579444020085156,0.65214647128258,0.602650368144504,3.10548166241199e-13,1.24428591211327e-12,Early_Burst_Up,0.995117464821016,0.65214647128258
ADH1B,-0.745455569432993,-0.976009251397399,-0.904212066890812,2.11068806690557e-14,9.20122896426829e-14,Early_Loss_Down,0.976619093321717,0.976009251397399
STT3A,-1.10778779302831,-1.09448319765082,-1.04929140242343,3.14802657328013e-24,3.07848145039215e-23,Early_Loss_Down,0.998934586796126,1.10778779302831
ITSN1,0.347517636203876,0.321334114873436,0.311111515566789,5.05953448556046e-12,1.8362601826792e-11,Early_Burst_Up,0.99562315092392,0.347517636203876
DTX3L,0.414747866143631,0.458415106550617,0.440134720920359,4.80063973660697e-29,7.52371447985748e-28,Early_Burst_Up,0.996670718104362,0.458415106550617
WDR11,-0.178532402638773,-0.161557487221748,-0.14267917409226,1.01671824145273e-08,2.81381084315583e-08,Early_Loss_Down,0.983838631309563,0.178532402638773
DHX29,-0.300020417528047,-0.322596949724424,-0.265992223556259,3.44627825029267e-18,2.04127598568936e-17,Early_Loss_Down,0.987884512844292,0.322596949724424
NPLOC4,0.240333744144782,0.242073035449209,0.272706729988982,5.48572025488168e-11,1.84378691280797e-10,Early_Burst_Up,0.993094050759556,0.272706729988982
RBM25,-0.232170086845141,-0.217125973131328,-0.185971198296354,4.06472532642339e-10,1.27647713835832e-09,Early_Loss_Down,0.983888606317237,0.232170086845141
RPL30,-0.583190641869424,-0.614475708734165,-0.554648384440976,3.98824694232085e-29,6.28602103295343e-28,Early_Loss_Down,0.996518808300643,0.614475708734165
OPTN,0.33134139778624,0.329429266993984,0.324317411526044,2.16200103834485e-17,1.19708400805761e-16,Early_Burst_Up,0.999836965241272,0.33134139778624
PCBP2,-0.163516927006969,-0.141288512952065,-0.111830427097204,6.20655558684287e-06,1.34718194036793e-05,Early_Loss_Down,0.956535958703158,0.163516927006969
RPL12,-0.755219892711115,-0.751991061213408,-0.691759327543237,4.92192104972845e-37,1.966330693892e-35,Early_Loss_Down,0.996844457434377,0.755219892711115
NAPA,0.178638097897841,0.143586364315573,0.188255188877057,0.000251002278341872,0.000463980666450701,Early_Burst_Up,0.975479140143247,0.188255188877057
NSFL1C,-0.202974501573135,-0.210457315514559,-0.214158647540606,1.61748010623236e-08,4.40466932070212e-08,Early_Loss_Down,0.999012419847778,0.214158647540606
AP2A2,0.239739756006078,0.213042087603486,0.23605609647859,9.53203487708219e-11,3.14784104155071e-10,Early_Burst_Up,0.994747738436744,0.239739756006078
HADH,-0.1543816494523,-0.276493117735512,-0.270412091273851,0.0006717633653819,0.00118365757499644,Mid_Plateau_Down,0.960053815362965,0.276493117735512
HNRNPA0,0.14543538159403,0.125709865354279,0.154370771345941,0.000822372129802666,0.00143505574842059,Early_Burst_Up,0.986044310347023,0.154370771345941
HDAC1,0.208480119541134,0.187649133027119,0.20829565199372,1.33250464078202e-09,3.99751392234605e-09,Early_Burst_Up,0.995323600693806,0.208480119541134
GLO1,-0.181155051977374,-0.19569114381328,-0.14944113980568,0.00028994625305548,0.000532303710109797,Early_Loss_Down,0.976612887594481,0.19569114381328
ELAPOR1,-1.55492617761972,-1.62809678386729,-1.49668609409727,2.02343709157826e-38,9.25222169017269e-37,Early_Loss_Down,0.997632634321367,1.62809678386729
ITPR2,-0.167793171341336,-0.195402197751989,-0.119730229373884,0.000676261246782238,0.0011910785387771,Early_Loss_Down,0.932137106628234,0.195402197751989
CASK,0.168620385742463,0.129228252341408,0.117522155775825,0.0018528591893081,0.00310438779412562,Early_Burst_Up,0.95359846829419,0.168620385742463
SF3A3,0.308433004115668,0.288094435886572,0.310244673973897,2.65696792277154e-16,1.3556889670941e-15,Early_Burst_Up,0.997799710459347,0.310244673973897
PRKCD,0.228203120359086,0.233881144519318,0.240074477721969,3.24681166614728e-09,9.38845263574624e-09,Early_Burst_Up,0.99914303016164,0.240074477721969
PRRC2A,-0.251222840701917,-0.232619742567806,-0.208205402381085,6.98537645127537e-12,2.51328589829285e-11,Early_Loss_Down,0.988538149671533,0.251222840701917
MISP,0.750720981829367,0.854733329601412,0.786159339648964,4.78905386706731e-24,4.63963984653482e-23,Early_Burst_Up,0.994184903134106,0.854733329601412
FAT1,0.560536875422595,0.624480194707523,0.579767194114868,3.67081869954072e-43,3.5939474373621e-41,Early_Burst_Up,0.995878641223719,0.624480194707523
RBM39,0.0789695271156701,0.0608123811209529,0.08437483842134,0.0172258796584023,0.0253768402402592,Early_Burst_Up,0.9654881542021,0.08437483842134
VASP,0.48352388630586,0.515222915297737,0.438183319470652,1.88878154393399e-27,2.50692823103966e-26,Early_Burst_Up,0.991398743393075,0.515222915297737
AFG3L2,-0.548251377470031,-0.624635850740629,-0.626758396487966,3.27394328067863e-22,2.78301899712028e-21,Early_Loss_Down,0.992669563256411,0.626758396487966
SSRP1,0.341765985613697,0.332681558173562,0.339577991873414,3.24694264859751e-12,1.19562197883312e-11,Early_Burst_Up,0.999737763821727,0.341765985613697
PRMT1,0.164978500919119,0.174309274927318,0.223582884321854,2.49877794062158e-09,7.30412013412462e-09,Early_Burst_Up,0.964434746996204,0.223582884321854
COLGALT1,0.725839115329881,0.730265784651498,0.68156025338661,1.51547935663201e-46,2.42534984728685e-44,Early_Burst_Up,0.998100475892791,0.730265784651498
PCOLCE,0.982715395206806,0.955625893912093,0.85581045482409,5.27728283431023e-32,1.13189556049303e-30,Early_Burst_Up,0.993204058668147,0.982715395206806
RAB3GAP2,0.231637727642509,0.232303724757509,0.230621948361559,1.2394790862342e-18,7.70922642424588e-18,Early_Burst_Up,0.999982158155221,0.232303724757509
DNPEP,-0.0569892137210458,-0.0965899801581969,-0.100976685898878,0.00380766708039398,0.00612553749140512,Mid_Plateau_Down,0.958549351278324,0.100976685898878
ZZEF1,-0.223275281947479,-0.223287063668299,-0.194927611683038,2.46494869590759e-09,7.21537215875588e-09,Early_Loss_Down,0.992276021948804,0.223287063668299
TRIP6,0.202904857438622,0.225752940577248,0.169551790083086,2.30983156400608e-09,6.78039445349509e-09,Early_Burst_Up,0.97424287324009,0.225752940577248
RAB3GAP1,0.187458704119736,0.184363952784519,0.182547290273557,9.44963236514459e-16,4.59344862983255e-15,Early_Burst_Up,0.999759302032661,0.187458704119736
PFKM,0.227074803587975,0.16860500987114,0.160200313399784,0.000307619688381203,0.00056313485409335,Early_Burst_Up,0.952138621467311,0.227074803587975
MECP2,-0.40613020900577,-0.483023620390706,-0.415460601212537,2.01444801909232e-17,1.11910790486557e-16,Early_Loss_Down,0.987812498437788,0.483023620390706
CAPZA2,0.454560266134071,0.438714201767359,0.410039010965158,4.57670138034829e-16,2.29441619802762e-15,Early_Burst_Up,0.996421677451236,0.454560266134071
ARFGAP3,-0.236141215263419,-0.237948775251605,-0.232554518639341,4.1345169607304e-05,8.30897129852654e-05,Early_Loss_Down,0.999818893746519,0.237948775251605
TRIOBP,0.31894936784174,0.31085346009895,0.316161704680559,6.80543970563118e-15,3.0931113724884e-14,Early_Burst_Up,0.999773240535304,0.31894936784174
AHCTF1,-0.135786015617471,-0.153469661484367,-0.0767517038494487,3.19779745188856e-08,8.50225891201808e-08,Mid_Trough,0.904603456913382,0.153469661484367
TWF2,0.504810981969247,0.463432114926639,0.460742890236401,3.69850527153777e-28,5.33430864293541e-27,Early_Burst_Up,0.996433047038326,0.504810981969247
STRBP,-0.311849652176443,-0.331683639020185,-0.265663877472143,1.64283572920505e-17,9.23138348308198e-17,Early_Loss_Down,0.983746909111111,0.331683639020185
PLCB3,0.122498659389818,0.165759317977531,0.109814599674034,0.00891979839898216,0.0137387677727798,Mid_Peak,0.959385278986364,0.165759317977531
PSMA4,0.13527948406022,0.134953172316512,0.142603199689939,0.000961608004002222,0.00166579971051342,Early_Burst_Up,0.998685177750138,0.142603199689939
PRPH,-0.133169593120746,-0.293364983863744,-0.284042529428054,0.0300817961891813,0.042873900990986,Mid_Plateau_Down,0.983014878937465,0.293364983863744
STRN,0.20572114863663,0.185124004102851,0.168277311143763,1.95681498295594e-08,5.29236733446842e-08,Early_Burst_Up,0.986767836987535,0.20572114863663
USP8,-0.0994510220193442,-0.0864561397341605,-0.0779614369299023,0.00325518343395215,0.00529715223647825,Early_Loss_Down,0.980402979555191,0.0994510220193442
TBL2,-0.728343415320135,-0.737264594391149,-0.681165640225795,6.6961154228703e-21,5.10770600816926e-20,Early_Loss_Down,0.997642189500833,0.737264594391149
ADK,-0.276695741324825,-0.290710109932998,-0.263093849641573,3.67014526563417e-15,1.70155704181658e-14,Early_Loss_Down,0.996698967944234,0.290710109932998
UBE2O,-0.238679155002115,-0.29151959900932,-0.213049970740104,9.49497694691769e-22,7.75438647225211e-21,Early_Loss_Down,0.966935680118639,0.29151959900932
SUPT6H,0.140634526435891,0.111341197978425,0.135040967354748,3.50682792758999e-06,7.78650533975558e-06,Early_Burst_Up,0.98116982120228,0.140634526435891
SMARCA2,-0.127288027797114,-0.163330214349104,-0.119734511019642,1.98856932568185e-07,4.93082532636523e-07,Early_Loss_Down,0.963428379469089,0.163330214349104
DAG1,-0.62517944118998,-0.662967314179605,-0.653063475923998,4.09547250738415e-36,1.44417466976487e-34,Early_Loss_Down,0.99877965412129,0.662967314179605
CAPZB,0.511841579258493,0.505015993854485,0.499153347585129,7.64905820559492e-31,1.47010305743559e-29,Early_Burst_Up,0.999789518148466,0.511841579258493
ITGAM,0.725060892034587,0.75916384731056,0.777886653253163,1.49902782540277e-20,1.10008020837759e-19,Early_Burst_Up,0.998322000581191,0.777886653253163
PSMB1,0.324990481181987,0.303524611788717,0.322255548424635,3.2379011099085e-12,1.19282040888263e-11,Early_Burst_Up,0.998192647728795,0.324990481181987
RPL7,-0.210534860049731,-0.244028744504151,-0.190476223526615,1.73146693158176e-06,3.93695841656377e-06,Early_Loss_Down,0.97953407051919,0.244028744504151
LSP1,0.741053082816606,0.806389935319802,0.798771736590652,1.04148396785613e-27,1.43259993066094e-26,Early_Burst_Up,0.997229082408686,0.806389935319802
HSD17B10,-0.156239063749404,-0.20837339903503,-0.216096225757728,9.87455047379223e-05,0.000189782930815009,Early_Loss_Down,0.96428570047061,0.216096225757728
HECTD1,0.274180208769955,0.27300886724494,0.28232328856964,7.78141471220805e-30,1.3379531660123e-28,Early_Burst_Up,0.9995514070844,0.28232328856964
TRIP10,0.392564407576065,0.435462139760609,0.382560734240622,2.29119440086808e-26,2.75938057945357e-25,Early_Burst_Up,0.993594952590637,0.435462139760609
ALOX5,0.636302245330178,0.677291035517508,0.660220300287293,1.4270120004285e-35,4.67405666528696e-34,Early_Burst_Up,0.998696800687637,0.677291035517508
PPIF,-1.22062774751652,-1.25166859821844,-1.21053197717985,8.58073701733319e-46,1.13347449933725e-43,Early_Loss_Down,0.999593607014142,1.25166859821844
SUCLA2,-0.486112741365668,-0.505042001260877,-0.510010484826196,1.08293977894118e-25,1.23455134799295e-24,Early_Loss_Down,0.999154296924982,0.510010484826196
ARHGEF2,0.453724030372906,0.442217051824281,0.473323896451791,1.06834412580086e-28,1.60773233542762e-27,Early_Burst_Up,0.998420506498702,0.473323896451791
PEPD,0.133288520556226,0.154537821267483,0.129649965039372,0.0181830369690321,0.026682989535582,Early_Burst_Up,0.987786143373684,0.154537821267483
CTSH,0.334601891978166,0.472671338379499,0.365612976250201,5.42327907669285e-11,1.8264884045422e-10,Early_Burst_Up,0.957144856599127,0.472671338379499
CTSC,0.710037223148332,0.725577607918008,0.662389039242782,5.42202926333528e-21,4.16640143393132e-20,Early_Burst_Up,0.997057468952981,0.725577607918008
FBL,-0.320603219099764,-0.339269643588914,-0.298286744481389,4.34442366793003e-18,2.54249604532445e-17,Early_Loss_Down,0.994542034761813,0.339269643588914
DNM2,0.205998271877073,0.279474420774294,0.243278734127298,3.0635941715885e-17,1.67511371195529e-16,Early_Burst_Up,0.970828874167064,0.279474420774294
TFRC,0.665639679222449,0.686604036322334,0.624097050974226,5.67154762857787e-19,3.62787235703497e-18,Early_Burst_Up,0.996905089068668,0.686604036322334
ACAP2,0.294513195416883,0.294153339867276,0.290622545072817,6.65234049362944e-23,5.97848570064624e-22,Early_Burst_Up,0.999928266935178,0.294513195416883
DOCK8,0.308488542723302,0.297735444804091,0.366581656579191,1.15708811115534e-13,4.79307479394464e-13,Early_Burst_Up,0.983047406521121,0.366581656579191
PC,-0.246789758152062,-0.281835120037816,-0.270735147425029,1.20639369062307e-08,3.31778198723238e-08,Early_Loss_Down,0.994029365187514,0.281835120037816
COPE,-0.119420283403319,-0.0984061692921656,-0.088695168615293,0.0162853903418155,0.0241151278335567,Early_Loss_Down,0.969911786700307,0.119420283403319
ARFGEF2,-0.570783555647016,-0.566382776500368,-0.526905455740645,3.92579931858547e-27,5.04174412488708e-26,Early_Loss_Down,0.997479448006963,0.570783555647016
HSDL2,-0.645807596975389,-0.722109468013043,-0.723649194384124,4.93180348385787e-32,1.06327638841102e-30,Early_Loss_Down,0.994610912632589,0.723649194384124
RPL10,-0.356997112147976,-0.36115504623691,-0.299394668127902,4.1693069947308e-12,1.5251416619846e-11,Early_Loss_Down,0.986469224744704,0.36115504623691
ATP5F1C,-0.527210656694867,-0.594782942673881,-0.600177189005977,2.12801394220238e-32,4.78168336883523e-31,Early_Loss_Down,0.993377462502422,0.600177189005977
NNMT,1.11963266670511,1.15038879501437,1.21371270449249,7.05357503497109e-46,9.76697383890014e-44,Early_Burst_Up,0.997732447490929,1.21371270449249
STK24,0.31168697699922,0.329588719332429,0.289365919546362,2.91984152154962e-22,2.4947557641002e-21,Early_Burst_Up,0.994420460873685,0.329588719332429
ETFB,-0.474401496975053,-0.442778367664553,-0.456631963783227,1.38329238764609e-16,7.19934912444702e-16,Early_Loss_Down,0.998406135617988,0.474401496975053
FLOT1,0.305249131751262,0.294479705336513,0.321864772928958,1.35199672106515e-13,5.56995876866542e-13,Early_Burst_Up,0.997321630940485,0.321864772928958
CSRP2,0.594704150389354,0.608697422014519,0.510813419988109,2.93831137186515e-15,1.37374310318325e-14,Early_Burst_Up,0.988748472938087,0.608697422014519
KCTD12,0.245101433487564,0.198380891310064,0.224925042935712,1.57358522958096e-05,3.29443428442082e-05,Early_Burst_Up,0.98557036238499,0.245101433487564
BCAP31,-0.262073774787309,-0.237184678915768,-0.249227118656205,0.00294096664021696,0.0048065051806531,Early_Loss_Down,0.996698064577683,0.262073774787309
PICALM,0.472599525123836,0.484362809398581,0.480538118992583,5.43777686058155e-40,3.16455797438878e-38,Early_Burst_Up,0.999790983478355,0.484362809398581
MYO1F,0.517181900543198,0.524565332995369,0.554308376663675,1.11262456268607e-21,9.03342596163263e-21,Early_Burst_Up,0.998185413609456,0.554308376663675
GRHPR,-0.265274214170411,-0.290367303147058,-0.28338565654238,5.80595925615582e-10,1.7995230141426e-09,Early_Loss_Down,0.997152891157447,0.290367303147058
FUS,-0.144166309766948,-0.141369457804074,-0.128739008654492,0.00940156965050952,0.0144380628587452,Early_Loss_Down,0.995309473397324,0.144166309766948
IL16,0.355550808701257,0.309663027713185,0.350271447799426,1.59814821885621e-05,3.34249547055073e-05,Early_Burst_Up,0.992743515043045,0.355550808701257
RDX,-0.148270958698034,-0.147569046766105,-0.109370309861909,0.0109266638939499,0.0166176346720488,Early_Loss_Down,0.965643590590954,0.148270958698034
TRIO,0.444671390361185,0.477100031481278,0.472425566940245,1.1436970086495e-40,7.15627556840688e-39,Early_Burst_Up,0.998108297626175,0.477100031481278
HMGB2,0.343148806622692,0.292492741902031,0.340971286886558,2.13621994484808e-07,5.27839144329744e-07,Early_Burst_Up,0.989838109949465,0.343148806622692
NDUFV1,-0.406541555995666,-0.421505121851527,-0.403073147670175,1.70098684396572e-15,8.08892143741872e-15,Early_Loss_Down,0.999241225327139,0.421505121851527
P4HA1,1.12395609776804,1.20814343375246,1.08236856066013,7.31020849386249e-43,6.75950612065818e-41,Early_Burst_Up,0.995800305919202,1.20814343375246
USP15,0.0475607973734377,0.050100294000741,0.114686836242388,0.000424332159501464,0.000763687766299995,Monotonic_Up,0.950232720061688,0.114686836242388
OPLAH,-0.145190560616624,-0.174742331550111,-0.167035885074002,0.0003887330817427,0.000703574751253316,Early_Loss_Down,0.988316917520958,0.174742331550111
PNPT1,-0.334461791034028,-0.37178442346457,-0.377184390297964,2.39983925556258e-13,9.67141030740524e-13,Early_Loss_Down,0.994512533897242,0.377184390297964
EFEMP2,0.96061043466488,0.97266517385251,0.866247651335453,2.40179271117689e-30,4.38327169789783e-29,Early_Burst_Up,0.994840894708129,0.97266517385251
CALM3,0.60687816305223,0.570148324628265,0.531500145271784,2.41956412745455e-11,8.31019920292067e-11,Early_Burst_Up,0.994210030111656,0.60687816305223
CUL2,0.0762685362730958,0.0800112578417263,0.126243696178749,1.49636890189692e-06,3.42674243301765e-06,Monotonic_Up,0.944377982288803,0.126243696178749
HLA-A,0.645028280809676,0.594567436740553,0.653235471198285,1.53154063872978e-19,1.01557619087723e-18,Early_Burst_Up,0.996636684597731,0.653235471198285
ATAD3A,-0.169330525759852,-0.182291914922865,-0.20377585783029,0.000375475947183532,0.000680913234356364,Early_Loss_Down,0.988429369589591,0.20377585783029
SUGT1,0.136551461802158,0.146958011934133,0.111272359413731,6.48788638476674e-05,0.000127550650824542,Early_Burst_Up,0.975034889472944,0.146958011934133
MLEC,-0.84140672935019,-0.851422399424633,-0.74974710308423,1.74521752622519e-22,1.5144630086805e-21,Early_Loss_Down,0.993743716636617,0.851422399424633
MAOA,-0.683405577688189,-0.774521783125601,-0.807188640815209,8.12599408410195e-21,6.12540967100511e-20,Early_Loss_Down,0.990511845801385,0.807188640815209
TRIM29,1.50878926542899,1.54627931157827,1.30297420779701,5.22629748169842e-32,1.12385652823499e-30,Early_Burst_Up,0.989330771115876,1.54627931157827
GSTM2,-0.58486695995026,-0.677449060546311,-0.636488719869023,4.84814049616033e-23,4.40942352011435e-22,Early_Loss_Down,0.992912486367694,0.677449060546311
NUP133,0.0779802147868522,0.0641700199989872,0.111730801775549,0.000400325053221824,0.00072361101062381,Early_Burst_Up,0.904281859359613,0.111730801775549
PPP5C,0.232213554749982,0.199038092482684,0.205301771517427,1.09599387827184e-09,3.31547112140249e-09,Early_Burst_Up,0.990924237860717,0.232213554749982
CUL1,0.239648414755399,0.219121004035214,0.22847520814967,1.05160771755934e-11,3.72561916795608e-11,Early_Burst_Up,0.99732725031376,0.239648414755399
SH3BGRL3,0.629555746782222,0.587816677948356,0.591357602631032,1.05982812470969e-15,5.13381237126544e-15,Early_Burst_Up,0.998041056606319,0.629555746782222
PCMT1,-0.250708664070871,-0.251350996376224,-0.266364633661346,6.31809703869796e-12,2.27615599809716e-11,Early_Loss_Down,0.998408715740779,0.266364633661346
CKMT1B,0.318970550397755,0.317166340978493,0.175682861335621,0.00111015706800368,0.00191317604471456,Early_Peak,0.938844935696352,0.318970550397755
TRIP12,0.290687880967929,0.301673674540768,0.312557374945407,3.21189949189505e-29,5.14027453299051e-28,Early_Burst_Up,0.998252396494168,0.312557374945407
PABPC4,-1.12417725632157,-1.12393205632941,-1.02546553715102,4.84847015917714e-42,3.84275892044497e-40,Early_Loss_Down,0.996391557597974,1.12417725632157
MOGS,-0.485745379382719,-0.453421012576247,-0.402863897958487,3.25637730743111e-14,1.4048508010597e-13,Early_Loss_Down,0.988572090763963,0.485745379382719
H1-5,0.754961119582895,0.766223284032394,0.872179904988818,4.94643071084379e-21,3.81857109236011e-20,Early_Burst_Up,0.991351953968983,0.872179904988818
PLBD1,0.673779287319129,0.827511989331732,0.847308083168705,3.42722155241881e-28,4.97754585675905e-27,Early_Burst_Up,0.980930021017838,0.847308083168705
OXCT1,-0.223613680913981,-0.303231366265716,-0.274628859827798,7.17016648934879e-08,1.85195920311486e-07,Early_Loss_Down,0.970931660405217,0.303231366265716
HIP1R,-0.259278874334972,-0.258184571258287,-0.261109439918543,6.58439453129755e-09,1.85307173789172e-08,Early_Loss_Down,0.999956770039583,0.261109439918543
ACOX1,0.109802374292953,0.155414009575675,0.169547521752753,0.0204767775399247,0.0298594257380854,Early_Burst_Up,0.943316700478707,0.169547521752753
SAE1,0.291696492690536,0.277034483012398,0.327767093363077,2.59357424019614e-23,2.38758017996818e-22,Early_Burst_Up,0.989975313227074,0.327767093363077
SERPINB9,0.871108082182604,0.826395543301746,0.911300366235386,2.4233446559929e-35,7.63904326786853e-34,Early_Burst_Up,0.996834464236877,0.911300366235386
EXOC2,0.127980486222043,0.117341950737138,0.113753228392349,8.22434458411858e-05,0.000159317960030342,Early_Burst_Up,0.994943466146997,0.127980486222043
BZW1,0.49137576800584,0.516387633088107,0.54693800118396,2.70373813039136e-24,2.66404015669234e-23,Early_Burst_Up,0.996177679272354,0.54693800118396
PSMB4,-0.150054283400677,-0.193010046495293,-0.176977037985039,1.93030035807576e-09,5.69643956734272e-09,Early_Loss_Down,0.979726519377606,0.193010046495293
HINT1,-0.058769423135477,-0.11337943507605,-0.081875962650434,0.00732404301651699,0.0113969121135853,Mid_Trough,0.966533240805317,0.11337943507605
TBC1D2B,0.523593994166368,0.511107245421964,0.519245684190611,6.52961160651409e-40,3.74754674409726e-38,Early_Burst_Up,0.999800402853078,0.523593994166368
CMAS,-0.137861304585443,-0.156646030995914,-0.127794597323805,0.00163366566141322,0.00275488665334971,Early_Loss_Down,0.985876144880024,0.156646030995914
IPO7,0.212809585337445,0.195053477928171,0.251932338602741,5.21256464077299e-15,2.39398250223581e-14,Early_Burst_Up,0.97744327570852,0.251932338602741
GP2,-1.43088408025641,-1.49438262570378,-1.39069848529424,2.24945012184359e-27,2.95733395165598e-26,Early_Loss_Down,0.998244088177392,1.49438262570378
PBRM1,0.130146917469865,0.109791221665305,0.137949597718352,0.000821394305240205,0.00143365004366799,Early_Burst_Up,0.98269856095869,0.137949597718352
ENPP1,-0.674220606149133,-0.652873585070463,-0.646356636520256,1.50761991012527e-12,5.73419236383113e-12,Early_Loss_Down,0.999346096274144,0.674220606149133
ENAH,0.19746725616278,0.2062035849297,0.164640886250467,9.49400872177839e-05,0.000182637175703116,Early_Burst_Up,0.982621364123206,0.2062035849297
DBT,-0.817651952857762,-0.850672849404892,-0.804279305183349,2.16979273576317e-42,1.86154795330115e-40,Early_Loss_Down,0.998882576962862,0.850672849404892
EIF3M,-0.125612102953287,-0.136191848575174,-0.0918119463152328,0.000208011442160014,0.000388306689469636,Early_Loss_Down,0.952108888846059,0.136191848575174
RPL17,-0.386126035923364,-0.426791403003869,-0.362795441660979,1.61112173874013e-13,6.5885774495309e-13,Early_Loss_Down,0.991016723103364,0.426791403003869
RPL32,-0.391736275153657,-0.4227564575451,-0.369255787673645,1.54133931868773e-13,6.31251270183035e-13,Early_Loss_Down,0.993876633963626,0.4227564575451
MSH6,-0.120683277857148,-0.181954581331574,-0.105694715609897,0.000225076792590281,0.00041884818156,Mid_Trough,0.982192591914067,0.181954581331574
MPI,-0.328649741856181,-0.344675124550837,-0.313443306457099,1.63953831194413e-12,6.2103950077374e-12,Early_Loss_Down,0.997007513465676,0.344675124550837
DNAJA1,0.0658615394691398,0.0756818722667852,0.0830532642909691,0.0169899499250213,0.0250647692387923,Early_Burst_Up,0.982760051610223,0.0830532642909691
ZNF185,0.620060093567053,0.73554789190618,0.660158006864698,1.8584921955406e-21,1.48429674196631e-20,Early_Burst_Up,0.989998336489701,0.73554789190618
PNLIPRP1,-1.81173094643255,-1.87705241459624,-1.81809517625309,6.5737698158833e-36,2.26061621519755e-34,Early_Loss_Down,0.999487077770461,1.87705241459624
SCRIB,0.106691875435738,0.0773815881207983,0.0972116296088329,0.00141986866607879,0.00241293588709571,Early_Burst_Up,0.967706839725344,0.106691875435738
GIT2,0.108661178901447,0.0989309652288003,0.130660058624317,0.000100956873969626,0.000193764553776575,Early_Burst_Up,0.973388620433552,0.130660058624317
IDH3A,-0.167965732496316,-0.199896521548621,-0.224755498337403,7.24593624328552e-05,0.000141484470710047,Early_Loss_Down,0.973407818808915,0.224755498337403
NHLRC2,-0.370120436197867,-0.379712153886741,-0.365826694735414,5.23426673913587e-27,6.5999345156195e-26,Early_Loss_Down,0.999513098987514,0.379712153886741
PHB1,-0.216758639041814,-0.220953034227517,-0.174143649235062,2.07092447719686e-06,4.68448858364562e-06,Early_Loss_Down,0.979167903040193,0.220953034227517
NDUFA10,-0.662745823446099,-0.636674295277779,-0.632568646900041,5.57599169590832e-38,2.4552065022936e-36,Early_Loss_Down,0.999139914264505,0.662745823446099
P3H1,0.834803375108759,0.83231706515704,0.824802916167287,8.35968302345932e-48,1.73923205303071e-45,Early_Burst_Up,0.999947617101613,0.834803375108759
DMBT1,0.761560238176085,0.618084484691334,0.563216899288953,5.62698350229857e-06,1.22585750539604e-05,Early_Burst_Up,0.968234308717322,0.761560238176085
ECI2,-0.995382476633781,-1.05479421933176,-0.986371297109818,2.00270686745059e-50,7.57569388678353e-48,Early_Loss_Down,0.998206120168871,1.05479421933176
KLC4,0.237713718934196,0.227375244423576,0.193912562511226,2.89240231336365e-05,5.89276056532418e-05,Early_Burst_Up,0.985822834429605,0.237713718934196
THSD4,0.858904188265691,0.78716882955079,0.663607509961638,4.97228804934071e-21,3.83142418024198e-20,Early_Burst_Up,0.978744902906864,0.858904188265691
ETFDH,-0.987404376942087,-0.996741008034019,-0.972115873213759,2.84555046628413e-50,9.4722683921666e-48,Early_Loss_Down,0.999787856222281,0.996741008034019
CD109,0.7075155765323,0.668563022740253,0.645522801058509,2.33693805072303e-23,2.15849039490755e-22,Early_Burst_Up,0.997129392807252,0.7075155765323
GPX1,0.252274944722784,0.254775242939288,0.249622423744933,9.32241941963924e-09,2.59143462742312e-08,Early_Burst_Up,0.999860866821017,0.254775242939288
NMT1,-0.247036358085375,-0.225701289614916,-0.208802261352695,5.3875509623719e-09,1.52760473965448e-08,Early_Loss_Down,0.99064896659547,0.247036358085375
WDFY1,0.438276726707017,0.455571589647164,0.425077444606306,2.4517037750255e-36,8.90964140426298e-35,Early_Burst_Up,0.99839058680076,0.455571589647164
COX4I1,-0.807427294639997,-0.774591569452974,-0.793266791483572,4.08921320604719e-27,5.24351807407161e-26,Early_Loss_Down,0.999423584966796,0.807427294639997
IVD,-0.407487005056648,-0.441922367579447,-0.455194125108545,4.18232785343691e-19,2.70385674727244e-18,Early_Loss_Down,0.99575233696979,0.455194125108545
ATRX,-0.0667636932319961,-0.0860447666154497,-0.026810405342998,0.00576020712637483,0.00906685146693613,Mid_Trough,0.905568212854408,0.0860447666154497
PGM5,-0.448081424056601,-0.541256883027193,-0.465697206018314,2.72804859821445e-06,6.12761685137399e-06,Early_Loss_Down,0.986394860799706,0.541256883027193
PTPN12,0.470960651544367,0.509232179659579,0.473607106221495,7.26564318514562e-36,2.47806076175336e-34,Early_Burst_Up,0.997416420226166,0.509232179659579
DOCK11,0.392594603372006,0.393053035040024,0.455009221775681,4.13663437459531e-17,2.24121557717332e-16,Early_Burst_Up,0.990099343011614,0.455009221775681
VPS4B,0.0714166173087244,0.0805489122349392,0.112586139177226,0.0034909056427031,0.00565640902620234,Monotonic_Up,0.942916154750798,0.112586139177226
GLS,-0.597103203577647,-0.616949733424454,-0.617186314559071,1.57511126653226e-35,5.10041866151031e-34,Early_Loss_Down,0.9995248434254,0.617186314559071
NFKB2,0.317230124558246,0.314446028418477,0.330192538100027,3.8231140480835e-22,3.23332877115355e-21,Early_Burst_Up,0.999085277637638,0.330192538100027
HK2,1.10718108051231,1.15788643439244,1.03446883522295,1.82965016871929e-49,4.89359329135056e-47,Early_Burst_Up,0.995785018766206,1.15788643439244
PSAT1,-1.57680457272259,-1.64633147516595,-1.52754715434771,2.43563064782496e-38,1.09563882438915e-36,Early_Loss_Down,0.998111613827862,1.64633147516595
GNPDA1,0.33151068329045,0.274118054135568,0.310915470872154,7.63939751521202e-17,4.07010666591514e-16,Early_Burst_Up,0.988138697760311,0.33151068329045
S100A4,1.03064864563288,0.852303574243979,0.75626593943712,1.65135031297774e-13,6.74977274292768e-13,Early_Burst_Up,0.968187236815207,1.03064864563288
PRKG1,0.534874878721662,0.450741541552464,0.45411710045036,3.50818794830765e-18,2.0749921894681e-17,Early_Burst_Up,0.987119828700433,0.534874878721662
MTAP,-0.150335812496699,-0.177823930790816,-0.153275742516353,0.000465259785740141,0.000833740727159658,Early_Loss_Down,0.988410246152125,0.177823930790816
STXBP2,0.168746687144593,0.248733475946977,0.22811780330819,1.27422747219602e-14,5.64950507384936e-14,Early_Burst_Up,0.953762599613422,0.248733475946977
STAT5B,0.256229913696824,0.219661271058871,0.269105626929041,1.52624611171842e-13,6.25994092741287e-13,Early_Burst_Up,0.986070770606745,0.269105626929041
COMT,0.168232289187592,0.169301042103913,0.13019399138562,0.00306585190915619,0.00500176819996037,Early_Burst_Up,0.97384350086082,0.169301042103913
DGKA,0.185724464409478,0.233555057406182,0.196449462231099,1.24224417648994e-06,2.85973887600257e-06,Early_Burst_Up,0.980638405484372,0.233555057406182
PRPF40A,0.136733973262314,0.145278827704831,0.159482914331406,1.24916084847882e-06,2.87486631112852e-06,Early_Burst_Up,0.991968408001197,0.159482914331406
FHL3,0.929249409362964,0.962555069322299,0.882362727539773,3.25235905722084e-46,4.58748001257488e-44,Early_Burst_Up,0.997478788605282,0.962555069322299
AGPS,0.384963075791111,0.423134010919824,0.420648036062699,1.54972761554311e-29,2.57936664330995e-28,Early_Burst_Up,0.99639449061506,0.423134010919824
TMED10,0.199846744615706,0.167070573763787,0.169782685317398,0.0312133418061405,0.0443650607191633,Early_Burst_Up,0.986492862359713,0.199846744615706
PLEKHA5,0.09362137574352,0.110496170328358,0.15342414332495,0.00265232892749424,0.0043613280645341,Monotonic_Up,0.95222774879033,0.15342414332495
PACS1,0.0644974514678465,0.056257314709075,0.0865265857136003,0.0234712205294556,0.0339404860549312,Early_Burst_Up,0.937903504160304,0.0865265857136003
MMUT,-0.805751128798558,-0.837263515039083,-0.820291791496856,7.27652460961077e-46,9.76697383890014e-44,Early_Loss_Down,0.999508427758615,0.837263515039083
CC2D1A,-0.138996511772001,-0.127964609744919,-0.149186444252173,6.96021783081641e-05,0.00013632578592459,Early_Loss_Down,0.992284373999926,0.149186444252173
PRKAA1,0.262298601737252,0.249777448090716,0.246712497454681,2.91602658273986e-15,1.36409068136937e-14,Early_Burst_Up,0.998581944449447,0.262298601737252
HBG1,-1.09765056360458,-0.955655818534554,-0.836576644541878,4.76820851900168e-10,1.48952820176922e-09,Early_Loss_Down,0.97632121026206,1.09765056360458
NQO1,1.088335448229,1.03846156610112,1.05948405306288,7.22065684564639e-19,4.59055051714815e-18,Early_Burst_Up,0.999259765075989,1.088335448229
NOLC1,-0.1334420926802,-0.145851039415332,-0.117899431345079,0.0200174256065189,0.0292305695556151,Early_Loss_Down,0.985406488828353,0.145851039415332
RBBP7,0.254830130793348,0.219241234190606,0.239057320149488,2.24718744124099e-07,5.5377832058062e-07,Early_Burst_Up,0.992579655705035,0.254830130793348
GEMIN5,-0.00232687658018043,-0.0599144171354415,-0.00184498426867534,0.0251227117789925,0.0362028064804806,Mid_Trough,0.835407443509588,0.0599144171354415
U2SURP,0.11707609472614,0.119914630530038,0.140732291220098,1.92130410996758e-05,3.98829952685212e-05,Early_Burst_Up,0.986256033909559,0.140732291220098
GIGYF2,-0.222257893912956,-0.22106520455522,-0.201888254757819,3.12288595368946e-12,1.15351340020433e-11,Early_Loss_Down,0.99625413646761,0.222257893912956
GFM1,-0.252515112268888,-0.274738474953503,-0.290605940820549,3.37400668614126e-08,8.95074390885164e-08,Early_Loss_Down,0.993496251111816,0.290605940820549
RAB11B,0.295787248750768,0.302781325101926,0.270299188777224,3.73301400677734e-10,1.17719373112546e-09,Early_Burst_Up,0.995386279950002,0.302781325101926
EIF3G,-0.351157278502872,-0.335607378790423,-0.332548014959663,1.65835020387577e-18,1.01775740388305e-17,Early_Loss_Down,0.9988519037189,0.351157278502872
IL4I1,0.894173735934106,1.04244261094113,0.991344086037005,6.4231247857294e-37,2.50954199374836e-35,Early_Burst_Up,0.992152835600416,1.04244261094113
TMED2,-0.38481469890545,-0.320068500817337,-0.316894697751834,1.8475046407086e-07,4.59639271150284e-07,Early_Loss_Down,0.983529058901138,0.38481469890545
EIF3H,-0.191388199374072,-0.191981120476639,-0.158970301411565,3.9396808933887e-10,1.23907877531295e-09,Early_Loss_Down,0.985752400147384,0.191981120476639
NAPRT,0.162561055570081,0.168838449319532,0.117564321460349,0.0233652457141366,0.03379898745577,Early_Burst_Up,0.95645289293114,0.168838449319532
GSTO1,0.158956584197785,0.195965517411789,0.121904065328513,8.48831597070569e-06,1.81967453653304e-05,Mid_Peak,0.940892628778103,0.195965517411789
RPS12,0.20791801980273,0.145729155196974,0.197846672454911,0.0350255779753869,0.0493202808648342,Early_Burst_Up,0.958741454250393,0.20791801980273
PDHB,-0.200586970617197,-0.262854068581306,-0.246766210743761,9.61179501791231e-06,2.05100918305298e-05,Early_Loss_Down,0.976034232988315,0.262854068581306
APOBR,0.56556150403684,0.612282199672509,0.588221336849783,1.84510588265252e-26,2.24487882389389e-25,Early_Burst_Up,0.997906412537241,0.612282199672509
HDGFL2,-0.103177281560492,-0.100718997048251,-0.0805243489080397,0.0182255432442365,0.0267359370489222,Early_Loss_Down,0.97783986708465,0.103177281560492
KLC1,0.491168093906254,0.510535574831993,0.482003388122181,4.59891745607469e-39,2.27154889351781e-37,Early_Burst_Up,0.998845298661794,0.510535574831993
PITPNB,0.209341136453415,0.19947535614586,0.175899837391117,2.18593290806485e-07,5.39162230613981e-07,Early_Burst_Up,0.989795697313775,0.209341136453415
MICALL2,0.634118567289217,0.683062084195927,0.605006874681861,4.23417891927773e-42,3.38815740059897e-40,Early_Burst_Up,0.994984633088103,0.683062084195927
EPS8,0.388473799975326,0.437750986838469,0.441728652930529,1.2597318669077e-14,5.59119391808313e-14,Early_Burst_Up,0.993495475679318,0.441728652930529
METAP2,-0.263593361657046,-0.295527556442588,-0.290181038116264,5.4832965848235e-14,2.31869889120433e-13,Early_Loss_Down,0.995168340215092,0.295527556442588
COG2,-0.162357078374883,-0.147037534274499,-0.185814914908705,7.66467655959322e-05,0.0001490662265224,Early_Loss_Down,0.981841740449417,0.185814914908705
PLEKHO2,0.299551835165322,0.312828045814401,0.324601042761341,1.0476614156137e-10,3.44746472943344e-10,Early_Burst_Up,0.997860200580959,0.324601042761341
SNX6,0.427252335340219,0.422602693647864,0.413024857124608,3.15582247826934e-25,3.43303982538006e-24,Early_Burst_Up,0.999604245256269,0.427252335340219
PPP3CA,0.35038093247915,0.34542979398859,0.330380901867961,1.50000193335857e-29,2.50662973682931e-28,Early_Burst_Up,0.998765932333231,0.35038093247915
ITIH3,0.616909612242844,0.532778684628554,0.568826891886416,1.86632405808935e-12,7.03421594720089e-12,Early_Burst_Up,0.99283867815132,0.616909612242844
CDC42BPA,0.272045296362839,0.273507079523055,0.232642892249681,4.49878813056234e-16,2.2580768891761e-15,Early_Burst_Up,0.989517768663018,0.273507079523055
BASP1,0.981187106064771,0.971427298140059,0.861499775416405,7.33079989265017e-35,2.16336584066081e-33,Early_Burst_Up,0.993372800131661,0.981187106064771
PCCB,-0.698831663799191,-0.764419266466446,-0.742468288759629,9.83888938069e-38,4.2424475350312e-36,Early_Loss_Down,0.997262071626308,0.764419266466446
CDH1,-0.194627213116587,-0.136881091501726,-0.209844378298375,0.0138587916330315,0.0207135172360072,Early_Loss_Down,0.944347808847933,0.209844378298375
EHBP1L1,0.466760653281575,0.458154003898921,0.445038482011856,5.27579867433017e-30,9.34153118463311e-29,Early_Burst_Up,0.999235792816636,0.466760653281575
SSR4,-0.788684076212431,-0.867498625469291,-0.781308245343838,1.17389225348282e-28,1.760203843871e-27,Early_Loss_Down,0.995421609280839,0.867498625469291
DEFA3,0.848851499272045,0.938230202584576,0.998455157223115,8.77698633577407e-10,2.67161961544666e-09,Early_Burst_Up,0.99135056626132,0.998455157223115
HNRNPLL,0.111898132091075,0.11379915926724,0.116893963312863,6.59357394060746e-07,1.55752830921758e-06,Early_Burst_Up,0.999350544687095,0.116893963312863
ENSG00000272772,-0.0870760105755938,-0.120966843411491,-0.0877062404058479,0.00339030440659939,0.00550304530363179,Mid_Trough,0.953902757601089,0.120966843411491
MAN2A1,-0.236597036503174,-0.25623395788476,-0.228357922718507,1.53144436685721e-07,3.8433896323841e-07,Early_Loss_Down,0.995301413804441,0.25623395788476
SEC63,-0.68743630968546,-0.690955936713217,-0.62496129852068,1.79645091187219e-26,2.19209156724346e-25,Early_Loss_Down,0.995903737152866,0.690955936713217
RPL7A,-0.6978897355589,-0.721693371473415,-0.650072867441967,1.85518785216985e-27,2.46627369101558e-26,Early_Loss_Down,0.996293566235814,0.721693371473415
GFUS,0.281180498250315,0.303980191663798,0.239583183772759,6.03991536903812e-06,1.31238056660927e-05,Early_Burst_Up,0.981705079982455,0.303980191663798
HEXA,0.473919087012264,0.552494239745917,0.580478048498048,1.84913621667986e-32,4.21603057403009e-31,Early_Burst_Up,0.986111034272975,0.580478048498048
CELA3B,-1.51240286113197,-1.589224394087,-1.4591165605372,7.85191790788473e-30,1.34729197586426e-28,Early_Loss_Down,0.997540970068998,1.589224394087
SMS,0.409990743704776,0.390104893167946,0.413941489231823,2.68541346607255e-23,2.46939346570782e-22,Early_Burst_Up,0.998673857849717,0.413941489231823
FAP,1.08153661517873,1.12563879420327,1.07944012086396,2.76320583447736e-51,1.27752216414003e-48,Early_Burst_Up,0.999244741918914,1.12563879420327
AK3,-0.409118226149181,-0.426539394719468,-0.452775520717157,1.05009579624678e-21,8.55078005515232e-21,Early_Loss_Down,0.996526988755899,0.452775520717157
ELP1,0.0887563157987925,0.0344859071411976,0.0535597944348945,0.0141480631271928,0.0211117413205126,Early_Peak,0.861053405713711,0.0887563157987925
EIF2AK2,0.542682032745063,0.548382998215979,0.506820661169125,5.43310761809145e-26,6.39523643532631e-25,Early_Burst_Up,0.997622542161999,0.548382998215979
PPP6R3,-0.0833808788051414,-0.0875639684410499,-0.0509054100109601,0.00317295893900911,0.00516941352592674,Early_Trough,0.915518135369794,0.0875639684410499
DDAH2,0.221123321913223,0.182704152727541,0.187635719594478,0.00227968157528211,0.00377843259699218,Early_Burst_Up,0.985339904343565,0.221123321913223
EFHD2,0.313590255659443,0.350725327039368,0.329907821072824,8.45852750411629e-10,2.57751248221369e-09,Early_Burst_Up,0.995820608324767,0.350725327039368
C1orf116,0.445700432077723,0.521523354622804,0.452488704663375,2.36063877740449e-17,1.29928808899208e-16,Early_Burst_Up,0.989682572683329,0.521523354622804
UBR5,-0.081497789474319,-0.0791798430877553,-0.0300369924112051,0.00476233821177308,0.00757640577296417,Early_Trough,0.955649712621671,0.081497789474319
BUB3,0.231128406011871,0.210656372013225,0.222592181642231,2.19286732896795e-08,5.90966383149978e-08,Early_Burst_Up,0.99713766710987,0.231128406011871
IFIT3,0.648120716460897,0.723116671612266,0.730402042240405,1.17056718141103e-22,1.02433859975842e-21,Early_Burst_Up,0.994410804926079,0.730402042240405
IGFBP7,1.37898624379749,1.4035957444506,1.25222693921762,1.50950804153643e-41,1.03819222493109e-39,Early_Burst_Up,0.99517194413721,1.4035957444506
HERC4,0.217439202389239,0.17728062349887,0.20069001068524,1.79173238153072e-16,9.24987399447806e-16,Early_Burst_Up,0.986505742670012,0.217439202389239
ELMO1,0.430929253420997,0.387544377605333,0.461724071796012,1.25891325324832e-16,6.57256969481339e-16,Early_Burst_Up,0.98998332035958,0.461724071796012
PODN,0.447400521922525,0.392555816561524,0.368527429650693,5.22020363116753e-08,1.36568797920705e-07,Early_Burst_Up,0.986835338546144,0.447400521922525
COL4A2,0.288145876118427,0.262081826657043,0.239818310501398,1.53624989234822e-07,3.85428748993726e-07,Early_Burst_Up,0.988937651472311,0.288145876118427
FTH1,0.422817461808513,0.405049066807131,0.347173820919584,1.96867653245365e-06,4.46169011521767e-06,Early_Burst_Up,0.986673627227937,0.422817461808513
RAE1,-0.113634499956926,-0.11365071141875,-0.098604298447518,1.08073526160865e-05,2.2967004206096e-05,Early_Loss_Down,0.991589696843208,0.11365071141875
MYO5B,-0.164925106064354,-0.151411780579041,-0.138561347298446,0.00871615294121139,0.0134450092264618,Early_Loss_Down,0.990071281101249,0.164925106064354
BCAS1,0.873746697984072,0.961378870991969,0.847821750606646,4.50979038439687e-16,2.26223481488552e-15,Early_Burst_Up,0.994148427642454,0.961378870991969
ARF5,-0.163784259101585,-0.173043218160918,-0.17547235499218,5.56497353879202e-05,0.000110161060394451,Early_Loss_Down,0.998265224637973,0.17547235499218
ARPC3,0.63965143552936,0.711204812070953,0.649676924017985,4.58350899034812e-34,1.24653469992409e-32,Early_Burst_Up,0.995529518864744,0.711204812070953
MCCC2,-0.342723686843662,-0.455217736423408,-0.419570072919647,7.71830716808149e-15,3.48706581176841e-14,Early_Loss_Down,0.97427162157408,0.455217736423408
CHMP2A,0.700509190527688,0.685256495008402,0.66418513668283,3.83156749323804e-18,2.25504276370064e-17,Early_Burst_Up,0.999051355396013,0.700509190527688
COPS3,-0.163095641834535,-0.177426487855039,-0.129918468755186,8.38986032605358e-11,2.78501865310801e-10,Early_Loss_Down,0.969276662432827,0.177426487855039
MSH2,0.0874968955039171,0.0658623847321352,0.128022131415779,0.0146290069437726,0.0218098523443346,Early_Burst_Up,0.87644483063677,0.128022131415779
MTR,-0.298514154325648,-0.329441075803108,-0.30070256067649,5.21977129859976e-15,2.3959700356838e-14,Early_Loss_Down,0.995880982165181,0.329441075803108
PNN,-0.0695305047870536,-0.0814257898851117,-0.0469535475290452,0.0254700871702015,0.0366779832895686,Mid_Trough,0.924671228010371,0.0814257898851117
NUP210,0.181391301332393,0.134035129853574,0.207247324968653,0.000152034062518284,0.000287682462091214,Early_Burst_Up,0.944445012752638,0.207247324968653
AMPD2,0.322083708390383,0.256845132747331,0.268091324360747,6.28354816965886e-16,3.11816862658921e-15,Early_Burst_Up,0.980256768212473,0.322083708390383
LRPAP1,0.350361671291008,0.357223718919336,0.32510471737441,3.08928336464084e-18,1.83898541920895e-17,Early_Burst_Up,0.996796121522175,0.357223718919336
CSK,0.518881013308928,0.516242594972083,0.541068590290588,4.91704608344917e-21,3.79941109623621e-20,Early_Burst_Up,0.999103133599294,0.541068590290588
TBC1D5,0.153782300695777,0.122640336677317,0.136039823245788,6.95895522741702e-07,1.63779483604537e-06,Early_Burst_Up,0.983219272220057,0.153782300695777
MYO1G,0.362626925826383,0.34443890991876,0.383165001113064,2.55681335764862e-12,9.53306485768452e-12,Early_Burst_Up,0.996231538407082,0.383165001113064
SH3D19,0.2525714082302,0.170905862754844,0.166978182000419,0.00126151014426723,0.00215747789161362,Early_Burst_Up,0.928176622004626,0.2525714082302
ETF1,-0.530121314627968,-0.530364474406829,-0.476704254532256,1.7683769857093e-22,1.53296179948675e-21,Early_Loss_Down,0.995182749315796,0.530364474406829
VILL,0.79242191336394,0.849467482206738,0.715306047277061,1.77480985766111e-22,1.53693731898603e-21,Early_Burst_Up,0.990350791559607,0.849467482206738
LRRC59,-0.770435812257602,-0.794038978974557,-0.675622986183593,2.46861029920655e-21,1.95468838344404e-20,Early_Loss_Down,0.990736640359639,0.794038978974557
CACYBP,0.175752013071998,0.152437623796892,0.175432991017558,7.00869148378688e-05,0.000137077157527789,Early_Burst_Up,0.991649170571924,0.175752013071998
DLST,-0.41778999855422,-0.431096681231925,-0.460958351312661,5.83174636298606e-26,6.85477305547599e-25,Early_Loss_Down,0.996599225500619,0.460958351312661
LY75-CD302,0.646015277067122,0.658793740224742,0.575066903833127,2.39301279570412e-26,2.86954646770168e-25,Early_Burst_Up,0.993162246542369,0.658793740224742
ATRN,0.297643200224771,0.237230000809154,0.281835232492207,1.00524243883025e-05,2.14064165198193e-05,Early_Burst_Up,0.98279573349024,0.297643200224771
SCYL1,-0.0983549396056004,-0.104473837392344,-0.0754331667437867,0.00151684455009721,0.00256568706217662,Early_Loss_Down,0.965544091357795,0.104473837392344
SLFN5,0.380138067297913,0.389541987112041,0.437078746206449,1.03635406644138e-15,5.02302768836644e-15,Early_Burst_Up,0.992409566216036,0.437078746206449
SAFB2,-0.189503461436673,-0.199844655572958,-0.172861563630778,8.56404901629785e-09,2.38840535903588e-08,Early_Loss_Down,0.993037324389101,0.199844655572958
CNP,0.110749340564318,0.0880411370698186,0.100450809168366,0.0114276091003218,0.0173319779356439,Early_Burst_Up,0.983111858785088,0.110749340564318
PPFIA1,0.27408089291919,0.28445731414959,0.26878380219506,1.57515615044459e-22,1.37117672426777e-21,Early_Burst_Up,0.998887441317387,0.28445731414959
DSTN,-0.34491065943284,-0.331386694791578,-0.358854096402989,1.08666972948495e-13,4.51035685225624e-13,Early_Loss_Down,0.997894239799079,0.358854096402989
GPHN,-0.866457886975806,-0.894721962384582,-0.838804707188748,1.46843361327337e-50,5.81919263317191e-48,Early_Loss_Down,0.998615203864428,0.894721962384582
HEBP1,-0.346889791877591,-0.416855207096575,-0.405671382516723,1.07110543376536e-11,3.78502735447785e-11,Early_Loss_Down,0.987830489019991,0.416855207096575
ALAD,-0.196632465278481,-0.242153450476656,-0.171454342420554,1.17725909285529e-07,2.99058308020199e-07,Early_Loss_Down,0.96102494024037,0.242153450476656
SH3GL1,0.365879453623582,0.381441415110351,0.323726065208459,1.66894210457434e-17,9.37175181799439e-17,Early_Burst_Up,0.99080073061709,0.381441415110351
OGA,0.125663543781337,0.117549841171064,0.12483617476811,4.21054725003677e-05,8.45673475377371e-05,Early_Burst_Up,0.998238726613828,0.125663543781337
OXR1,0.175604030292777,0.159131184566606,0.0909540130421679,5.68430536521995e-06,1.2376972592716e-05,Early_Peak,0.961932179238812,0.175604030292777
CTSG,0.314950698052799,0.381909848889203,0.45849099986459,9.35074572969865e-05,0.000180048371037835,Early_Burst_Up,0.956619668292674,0.45849099986459
SNTB1,-0.875851615405986,-0.918798443967258,-0.880134079545415,4.67146323730157e-37,1.87806362612675e-35,Early_Loss_Down,0.999062688783643,0.918798443967258
RPL23,-0.81323305591779,-0.859149795970554,-0.826176470109908,9.98351348287785e-25,1.02571357042604e-23,Early_Loss_Down,0.998924298610006,0.859149795970554
DNAJC3,-0.172256812995258,-0.204998550937678,-0.184959750588955,0.00341066057889406,0.00553500728111474,Early_Loss_Down,0.989812898523052,0.204998550937678
HEATR1,0.141493264154284,0.118731550937012,0.154460346168967,0.001385674427155,0.00235819684719508,Early_Burst_Up,0.97792515362614,0.154460346168967
BPNT1,0.280134145321348,0.248284108940608,0.180841556881707,3.41718702642733e-05,6.90573832781161e-05,Early_Burst_Up,0.943804703871878,0.280134145321348
PPP1R18,0.717383677423938,0.732589026079041,0.728931098759795,3.76922366524667e-37,1.53762153638151e-35,Early_Burst_Up,0.999840831562155,0.732589026079041
HGS,0.0585828670560745,0.0675872714227282,0.0649295952395625,0.0346279122699584,0.0488181409301361,Early_Burst_Up,0.993040118034653,0.0675872714227282
DNAJB1,0.482358751185258,0.500167112935354,0.41134053359835,1.78382884489419e-25,1.99192100903559e-24,Early_Burst_Up,0.986632327357723,0.500167112935354
CYRIB,0.449659529220572,0.441269890184331,0.428160852334184,4.59116300171845e-27,5.84214961778302e-26,Early_Burst_Up,0.999191296577336,0.449659529220572
EMILIN2,0.709593344811361,0.780728257494792,0.732746080906946,5.78397525055078e-27,7.2600666719583e-26,Early_Burst_Up,0.99681877931863,0.780728257494792
KRT16,1.11496949846383,1.16421196393739,1.11316273048752,2.46888123771311e-19,1.61907247125678e-18,Early_Burst_Up,0.999126257798696,1.16421196393739
RPL37A,-0.161622308666895,-0.260102404777425,-0.23909609706221,0.00501940704823429,0.0079549619987442,Early_Loss_Down,0.93337457650977,0.260102404777425
GORASP2,-0.108060453180816,-0.123696111984125,-0.11773038038134,0.00753031029173236,0.0117047520074331,Early_Loss_Down,0.993938517923669,0.123696111984125
NAXE,-0.300644374329693,-0.377494127108461,-0.379038325970909,8.90180841909079e-15,4.00004587816812e-14,Early_Loss_Down,0.97910318494645,0.379038325970909
ERLEC1,-0.245410830884128,-0.254157309181669,-0.235246491269306,1.89065487517008e-07,4.69953102484032e-07,Early_Loss_Down,0.998015254303527,0.254157309181669
PDXK,0.297508221977675,0.324856980330898,0.307230927737904,1.70480853018547e-11,5.93864235588257e-11,Early_Burst_Up,0.997341737844856,0.324856980330898
DOCK9,0.275576725009795,0.269242746914647,0.255295216791976,7.73686867983616e-17,4.1193999458475e-16,Early_Burst_Up,0.997987941183467,0.275576725009795
EPHX2,-1.09191022022489,-1.12149287297072,-1.08805532803696,1.20042117871471e-39,6.44510003178312e-38,Early_Loss_Down,0.999631739021985,1.12149287297072
SCIN,0.432139931732129,0.444104758390119,0.384784826825831,8.34879317018267e-06,1.79161054054307e-05,Early_Burst_Up,0.992655557925866,0.444104758390119
SVEP1,0.377792826951184,0.427039911834908,0.38992250083582,4.86923431641982e-11,1.64321849072367e-10,Early_Burst_Up,0.994510994603491,0.427039911834908
TXN,0.0454476309266754,0.066067119097172,-0.042640283206807,0.0291138465686449,0.0416012072706496,Late_Loss_Down,0.822460624537311,0.066067119097172
GRB2,0.448108419937275,0.484518277233461,0.521944339657408,4.52861161293851e-20,3.17231530663925e-19,Early_Burst_Up,0.992357886645919,0.521944339657408
PGM2L1,0.674604889467299,0.79800029192463,0.696288915551573,2.32068010150088e-44,2.54228249904863e-42,Early_Burst_Up,0.989108587909305,0.79800029192463
CLUH,-0.208184214300295,-0.247697634394246,-0.177555516033577,9.74022335415032e-09,2.70103761257044e-08,Early_Loss_Down,0.964950898565776,0.247697634394246
ARHGAP17,0.0878748300232276,0.0884918274699602,0.108207732697143,0.0139235939481605,0.0207968864130522,Early_Burst_Up,0.980750735424732,0.108207732697143
YTHDF3,-0.12072002296467,-0.116376324149485,-0.118967103052479,7.93625483961328e-06,1.70528047444518e-05,Early_Loss_Down,0.999548305656026,0.12072002296467
ANKRD17,-0.101318818173491,-0.103114790040247,-0.0738631174316323,7.24185132075116e-06,1.56131312671739e-05,Early_Loss_Down,0.960787722852736,0.103114790040247
PPP1R9B,0.1210609212239,0.115068008096905,0.126350651639504,0.00577456986697715,0.00908774024829497,Early_Burst_Up,0.997102342892701,0.126350651639504
TBC1D4,-0.269483897401541,-0.330874950283103,-0.281668806891617,6.37366708776999e-17,3.4134318460536e-16,Early_Loss_Down,0.984092663816407,0.330874950283103
PPP1R13L,0.439254680797171,0.484091729668036,0.395363564227073,9.0671939470848e-23,8.02736042847231e-22,Early_Burst_Up,0.986688635668442,0.484091729668036
GPD1,-0.657071633980206,-0.728882347997763,-0.716215977220545,3.38923995492057e-09,9.78330034854284e-09,Early_Loss_Down,0.996034112664963,0.728882347997763
P4HA2,0.939019515670411,0.986005971109923,0.901619959475412,7.20643016089685e-33,1.70860147575452e-31,Early_Burst_Up,0.997325522538069,0.986005971109923
EIF3F,-0.103510879225295,-0.130351347765323,-0.10266929021943,0.00490064444019096,0.00778156134922136,Early_Loss_Down,0.974724597834695,0.130351347765323
PHF3,-0.0994298502535888,-0.101020886086455,-0.0275646075057828,8.27256810097592e-05,0.000160214828336797,Early_Trough,0.93798840085993,0.101020886086455
CAVIN2,-0.676825395839429,-0.769984642576683,-0.714735634636698,6.46751474567445e-21,4.93785850582594e-20,Early_Loss_Down,0.994410445834023,0.769984642576683
CHMP4B,0.256003922139624,0.295147200589381,0.275899683159251,9.94987751648826e-15,4.45655977891363e-14,Early_Burst_Up,0.993346355290604,0.295147200589381
METAP1,-0.12019365707471,-0.104767704851536,-0.110449863098259,0.000229180864873482,0.00042581896795649,Early_Loss_Down,0.993570347347239,0.12019365707471
TBC1D9B,0.205405692340945,0.196343086547012,0.193039821756664,1.29945075410112e-14,5.7552044574931e-14,Early_Burst_Up,0.998612415341687,0.205405692340945
ATP1B1,-0.52003703838572,-0.603338416186472,-0.651727620344259,9.35849827974028e-11,3.09298739809367e-10,Early_Loss_Down,0.983518402821117,0.651727620344259
FKBP1A,-0.240324604547393,-0.277030215224271,-0.285749903910781,1.0825412322818e-11,3.82057172818029e-11,Early_Loss_Down,0.989360109976043,0.285749903910781
MCM6,0.30238744853777,0.282669902258511,0.305330445140923,7.80121717863712e-05,0.000151615435218632,Early_Burst_Up,0.997709823685072,0.305330445140923
PSMB3,-0.163983976673755,-0.221676405344903,-0.163708521585144,3.83628446991143e-06,8.48181704532489e-06,Early_Loss_Down,0.958420056001692,0.221676405344903
GNB1,0.222469783365001,0.218730123939115,0.128953913248953,0.00330374445686221,0.00537407376270666,Early_Peak,0.936354756939512,0.222469783365001
PPP2R2A,-0.177108199903942,-0.177423318832657,-0.148072337876241,6.13256641340744e-07,1.45233971805284e-06,Early_Loss_Down,0.986770873848671,0.177423318832657
OGT,0.0926444091817446,0.0693951154153694,0.111988116512318,2.32615475135686e-05,4.78809296086862e-05,Early_Burst_Up,0.934390441536603,0.111988116512318
EPB41,-0.518070664039493,-0.592861965573512,-0.456116173840363,2.76780977538038e-18,1.65710165113061e-17,Early_Loss_Down,0.977846775374374,0.592861965573512
RBP1,-0.534550177569655,-0.613691895685609,-0.609122081169501,6.19520428140083e-13,2.43190990706687e-12,Early_Loss_Down,0.9924161663928,0.613691895685609
RBP4,0.259957541196539,0.232438247804708,0.282879383402523,0.00375273565830219,0.00604768902951023,Early_Burst_Up,0.987503749728992,0.282879383402523
ACOT9,0.186603139803068,0.200597088866252,0.151083435532689,1.7176522037778e-09,5.10146382578116e-09,Early_Burst_Up,0.974062672691732,0.200597088866252
SCG2,-0.32627937986929,-0.452155592261293,-0.418750129212556,0.000238743634240607,0.000442302877148337,Early_Loss_Down,0.966195231079286,0.452155592261293
AP1M1,-0.0632665502864186,-0.0805952119993007,-0.0631113577135055,0.0102547999902957,0.0156605195785955,Early_Loss_Down,0.972854397980001,0.0805952119993007
HOOK3,0.511009568729756,0.515409685952849,0.480129601436476,1.60512405683936e-38,7.46248178827775e-37,Early_Burst_Up,0.99805159367037,0.515409685952849
TSNAX,-0.140562981437787,-0.164151093246561,-0.134515465451163,2.56319057197159e-06,5.76198593731701e-06,Early_Loss_Down,0.985088154628644,0.164151093246561
ITPRID2,0.12025882455617,0.171947058483446,0.147366890054109,0.00118718686575855,0.00203874723418131,Early_Burst_Up,0.960904803052795,0.171947058483446
GRN,0.584221445174189,0.638414766775449,0.571477366113339,1.54643129330231e-31,3.16980325686252e-30,Early_Burst_Up,0.995323282504428,0.638414766775449
ALDH4A1,-0.554063367072544,-0.552243572640176,-0.566227571808861,1.68357171683676e-22,1.46402129859097e-21,Early_Loss_Down,0.999752122458394,0.566227571808861
ASNS,-1.08242609221334,-1.14118519502234,-1.03639463935245,1.57552965241515e-32,3.64209937983302e-31,Early_Loss_Down,0.99689947219027,1.14118519502234
ACAD9,-0.579963744417021,-0.636576769385902,-0.617166346715736,5.82863204111269e-33,1.39384700707298e-31,Early_Loss_Down,0.997059350205396,0.636576769385902
AGO1,-0.0838355512154593,-0.102372622316657,-0.0862701728828919,0.00357841549607438,0.0057880609831547,Early_Loss_Down,0.983991827389224,0.102372622316657
RAB5C,0.184854489959377,0.173507945086368,0.188912299301737,1.95438865509185e-08,5.28760519654974e-08,Early_Burst_Up,0.997455542635157,0.188912299301737
EFL1,-0.161634122924188,-0.159976182308361,-0.144997870628734,1.00761518535548e-06,2.33771217522396e-06,Early_Loss_Down,0.995403410486071,0.161634122924188
VAV2,-0.172161139765379,-0.185012942751468,-0.169771381775573,5.25703454881639e-05,0.000104437912425997,Early_Loss_Down,0.99710854668122,0.185012942751468
ARID1A,-0.0867823631534922,-0.117749202663959,-0.0460999340271631,0.000187478485759159,0.000351712344113552,Mid_Trough,0.941709191474109,0.117749202663959
EVL,0.446762168160638,0.402407015187682,0.471004125069118,6.27804178841485e-10,1.93934163931657e-09,Early_Burst_Up,0.991770852518444,0.471004125069118
BCAT2,-0.772160827981869,-0.824114766363109,-0.783739872719267,1.24030339867526e-35,4.12872195351019e-34,Early_Loss_Down,0.998427781685583,0.824114766363109
VPS26A,0.127239271285878,0.12277059813096,0.111432750444256,0.000578994897150954,0.00102847289948564,Early_Burst_Up,0.99395664275647,0.127239271285878
ARFGAP2,-0.278709604897387,-0.27459321909986,-0.276068529992342,9.08306791665428e-16,4.43079080905023e-15,Early_Loss_Down,0.999924131070693,0.278709604897387
AIP,0.434847964852354,0.428830076801861,0.406263303543285,2.20030400451037e-22,1.89750569176532e-21,Early_Burst_Up,0.998314540504647,0.434847964852354
PSIP1,-0.0847785175366844,-0.170649631558432,-0.0753767623042334,0.00579946839123693,0.00912519870521341,Mid_Trough,0.997545939602114,0.170649631558432
ERBIN,0.160445893279028,0.181513853055315,0.178796538616933,1.4340734702667e-11,5.01865408728321e-11,Early_Burst_Up,0.99423876898568,0.181513853055315
GATD3,-0.200568236716696,-0.26412686079274,-0.260965037334017,1.57438220313308e-07,3.9400546576603e-07,Early_Loss_Down,0.971987082025655,0.26412686079274
S100A10,0.505929945229861,0.502545995604705,0.451761967382742,1.27821873689884e-14,5.6641833484942e-14,Early_Burst_Up,0.994858061671701,0.505929945229861
XRN1,0.0855108423476868,0.0750979518702035,0.101322876472846,0.000228039966095435,0.000423888451607374,Early_Burst_Up,0.970830157648521,0.101322876472846
MZB1,0.439880673794979,0.392203269583548,0.455457406855878,3.80675379592149e-06,8.42100082128086e-06,Early_Burst_Up,0.992229294133724,0.455457406855878
SFRP4,1.3149504575742,1.29268133268123,1.27158633121594,4.45737440318631e-27,5.68930518149026e-26,Early_Burst_Up,0.999625237624559,1.3149504575742
RAPH1,0.354395258149799,0.343341112634073,0.290354448870956,1.95448568116531e-20,1.41930452344308e-19,Early_Burst_Up,0.985900859027783,0.354395258149799
UMPS,0.214867845737765,0.200042055908246,0.219888265886214,1.51934732027997e-05,3.18649405226056e-05,Early_Burst_Up,0.996844132308708,0.219888265886214
TM9SF2,-0.526692529259334,-0.491809168809058,-0.539418470088131,2.44006179430112e-12,9.10591670501074e-12,Early_Loss_Down,0.997009536497538,0.539418470088131
QSOX1,0.722489998395478,0.749096040494792,0.64424562293752,4.17306256614201e-24,4.04757886660068e-23,Early_Burst_Up,0.992131078884887,0.749096040494792
FKBP3,-0.14355958370405,-0.165969691427954,-0.147792045719963,0.00290884862439676,0.00475962214947499,Early_Loss_Down,0.991964198881119,0.165969691427954
DNAJB11,-0.719709478856523,-0.699427640048465,-0.64432786961522,1.49679322151724e-31,3.07563288628801e-30,Early_Loss_Down,0.995739007597257,0.719709478856523
PXN,0.0882560914802916,0.145719985223204,0.130528854205115,6.19628324649745e-05,0.000122135170955357,Early_Burst_Up,0.928412813113088,0.145719985223204
NCKAP1L,0.499027744269738,0.509921922833755,0.548071531739301,4.18477227888356e-19,2.70385674727244e-18,Early_Burst_Up,0.996733196992706,0.548071531739301
ALDH16A1,-0.0818696799729054,-0.107933363156329,-0.092725245751341,0.00282233441103377,0.00462078830781488,Early_Loss_Down,0.97518668073152,0.107933363156329
YBX1,-0.356881707634177,-0.321559676319228,-0.288713780778905,3.08366934629598e-12,1.14003981785318e-11,Early_Loss_Down,0.985415306049943,0.356881707634177
SIN3A,0.0372287435860712,0.0181878228588933,0.0804522342755526,0.00954911490098477,0.0146447021738537,Late_Burst_Up,0.897820929593867,0.0804522342755526
MAN2B1,0.249283964275125,0.263306864551519,0.277197268800357,1.91457865294214e-14,8.3770365666585e-14,Early_Burst_Up,0.996273569622887,0.277197268800357
EIF4H,-0.109325940013346,-0.10454075794343,-0.124736674869791,0.0123112138190323,0.0185705857172352,Early_Loss_Down,0.988542725583448,0.124736674869791
MGST3,0.187718324450325,0.140053393573712,0.0727600382046935,0.00941781395230299,0.0144603409061006,Early_Peak,0.995813020967886,0.187718324450325
UBE2I,0.094872933297174,0.112124401034982,0.138871361934405,0.00251059352088119,0.00413761034615136,Early_Burst_Up,0.954068252482331,0.138871361934405
FNBP1,0.309387407058172,0.269041364054333,0.318272363790028,1.72512473203339e-06,3.92468234553906e-06,Early_Burst_Up,0.989881875908131,0.318272363790028
PRMT5,-0.121951548162751,-0.170960059102423,-0.116035188593724,2.59933617704773e-07,6.36787626299417e-07,Mid_Trough,0.963118841983902,0.170960059102423
STAG1,-0.0103184143442492,-0.0527426034941149,-0.0012495087996327,0.0226921347733579,0.0328767314735175,Mid_Trough,0.865714858683363,0.0527426034941149
PLIN1,-0.924605140587829,-0.893613245896297,-0.856363429129924,4.19873430449118e-11,1.42329396667925e-10,Early_Loss_Down,0.998047228618845,0.924605140587829
SH3BP1,0.431608860518211,0.404135255496543,0.431277010539862,2.45792388160628e-15,1.15368542260166e-14,Early_Burst_Up,0.998146888770712,0.431608860518211
SAMD9,0.664551864554884,0.712342438780194,0.697014186957725,9.769277394465e-47,1.65918217299465e-44,Early_Burst_Up,0.998342832649209,0.712342438780194
FILIP1L,0.558798412607269,0.606886737502871,0.600450195534351,2.20770170115413e-27,2.90704011977922e-26,Early_Burst_Up,0.997388603853902,0.606886737502871
ATP6V1C1,0.142398472981243,0.131227858360214,0.152962613674687,4.10740091338858e-05,8.25647111140573e-05,Early_Burst_Up,0.992300091310551,0.152962613674687
ATP6V1H,0.268422449165608,0.224920877389721,0.248415322466298,6.10426623983345e-13,2.39960810807246e-12,Early_Burst_Up,0.989817319099256,0.268422449165608
AGFG1,0.263163056714907,0.257672358077655,0.266919190604266,1.86125772848481e-16,9.59689393832131e-16,Early_Burst_Up,0.99958205671479,0.266919190604266
PURA,-0.281342015089277,-0.313234733712932,-0.355687680231606,6.85424137001144e-15,3.11113119082286e-14,Early_Loss_Down,0.982010829523686,0.355687680231606
PARP9,0.618008098723084,0.655969536182911,0.666724942692568,1.771076753914e-42,1.56796816447578e-40,Early_Burst_Up,0.997919553618198,0.666724942692568
TPD52L2,0.420607911242293,0.424390050366947,0.448054952841671,4.79043099274973e-28,6.82636416466837e-27,Early_Burst_Up,0.998415635103449,0.448054952841671
MCM2,0.220813411865751,0.194105308169583,0.220926744653931,0.0042024558946804,0.00671908510192706,Early_Burst_Up,0.992987023544442,0.220926744653931
NDUFS2,-0.344061557062228,-0.341969045821724,-0.316119566626905,6.45668510599441e-20,4.440705243974e-19,Early_Loss_Down,0.997118305677234,0.344061557062228
MFGE8,0.710212337310611,0.740602499166412,0.636604583881365,2.5626044040344e-17,1.40672782654184e-16,Early_Burst_Up,0.992216692285113,0.740602499166412
CHDH,-0.457762896530475,-0.508369646061163,-0.550071745370462,1.6105534261013e-18,9.90743695419253e-18,Early_Loss_Down,0.989029043530685,0.550071745370462
CPSF1,0.159731640543276,0.126522803379409,0.179706711627192,1.81062731546926e-11,6.28096728609219e-11,Early_Burst_Up,0.962349258367398,0.179706711627192
FKBP2,-1.16269241115863,-1.15844668884958,-1.07586378326584,3.78949060463731e-49,9.55640630660355e-47,Early_Loss_Down,0.997517483722571,1.16269241115863
BAIAP2L1,0.701176658418396,0.82774955024023,0.712295945362292,2.26806823784689e-26,2.73548751816838e-25,Early_Burst_Up,0.988467234441019,0.82774955024023
TPM4,0.735362288108724,0.747682650397064,0.685245887448144,1.70842453722357e-36,6.31889288834424e-35,Early_Burst_Up,0.99722026263681,0.747682650397064
C11orf54,-0.543523183570361,-0.58689530972808,-0.554197311564456,5.74445465128993e-25,6.05897992497273e-24,Early_Loss_Down,0.997847482640238,0.58689530972808
TMF1,-0.140369689214027,-0.128345817540617,-0.125550265915243,7.26422659920567e-05,0.00014180833628569,Early_Loss_Down,0.995247797390172,0.140369689214027
RCN3,0.76506614808354,0.744234610551952,0.681478178743724,3.07563553951121e-30,5.55215595657533e-29,Early_Burst_Up,0.995299835608602,0.76506614808354
RHOA,0.238132519487053,0.227527333280426,0.186647393690181,3.87065145828187e-09,1.11074349778695e-08,Early_Burst_Up,0.97978698189935,0.238132519487053
MKI67,0.376612841254099,0.404222597852864,0.452278265028208,2.28564788357322e-10,7.29898760057418e-10,Early_Burst_Up,0.988626483390897,0.452278265028208
THOP1,0.269739613610046,0.290266966624076,0.243703008405993,1.54333658092012e-17,8.70165787697645e-17,Early_Burst_Up,0.990034149914027,0.290266966624076
PLEKHA7,-0.356758619925566,-0.364269221024274,-0.384300537728862,5.07303100429745e-14,2.15726949503134e-13,Early_Loss_Down,0.998014980047801,0.384300537728862
TXLNA,0.093862314181598,0.112760957311043,0.138946119758953,8.35543607791164e-05,0.00016170683497763,Early_Burst_Up,0.952159974302474,0.138946119758953
LYPLA2,0.228910554120915,0.237470048464965,0.200008661183001,1.98228216066296e-12,7.45438415772128e-12,Early_Burst_Up,0.989747462134355,0.237470048464965
GALE,0.262121906532306,0.356260622466905,0.287609363619944,8.69420455041273e-09,2.42226884059373e-08,Early_Burst_Up,0.967044108513894,0.356260622466905
LIG3,-0.118322297171539,-0.127729910930157,-0.119765624929413,0.0001710156906846,0.000322135033471534,Early_Loss_Down,0.997706121322112,0.127729910930157
SRSF4,0.14132731452036,0.13168115913438,0.135950060074211,0.000281193603273186,0.000516919188522079,Early_Burst_Up,0.998327801471724,0.14132731452036
MIA2,-0.664402261613328,-0.623427222498867,-0.604284957730329,6.08943175385952e-24,5.86530683514108e-23,Early_Loss_Down,0.996853285713471,0.664402261613328
DIAPH2,0.142684984440307,0.163301563288647,0.147186941071901,6.6397705414798e-07,1.56710636546214e-06,Early_Burst_Up,0.993204201653164,0.163301563288647
PROS1,0.535359432478171,0.457817021509986,0.467660892165599,2.13232086754664e-09,6.27259606211493e-09,Early_Burst_Up,0.990126991368365,0.535359432478171
SEC22B,-0.187789923522251,-0.232950411781135,-0.176848831549227,7.17736505510168e-05,0.000140277200536769,Early_Loss_Down,0.971543207519506,0.232950411781135
MAPRE1,0.318598022297344,0.340515588728704,0.304554656631336,9.65081748851984e-15,4.32726848811757e-14,Early_Burst_Up,0.995782454793813,0.340515588728704
NCF2,0.804708169253565,0.868423752472044,0.884698613240184,3.64072048187167e-32,8.01536398151747e-31,Early_Burst_Up,0.996738071203597,0.884698613240184
SERPIND1,0.540413490001355,0.447882346447354,0.509756305915025,8.35982635520796e-09,2.3337965423697e-08,Early_Burst_Up,0.988327637723227,0.540413490001355
NRDC,0.285447115839522,0.243558887729943,0.297497747659361,1.77999561349046e-17,9.94169362111919e-17,Early_Burst_Up,0.98621011390682,0.297497747659361
DAP,-0.602161730822517,-0.58803313439269,-0.58396626636759,2.58170855753144e-24,2.5516601681445e-23,Early_Loss_Down,0.999652472971735,0.602161730822517
ARHGAP12,-0.145021050094768,-0.130580822529066,-0.0999380964773374,0.00225214631702816,0.00373726054841642,Early_Loss_Down,0.957741700054026,0.145021050094768
TEP1,0.350431383451428,0.351900111307228,0.321173602554609,5.23620668462172e-18,3.06224258815333e-17,Early_Burst_Up,0.996576731948296,0.351900111307228
RPS7,-0.508926457357527,-0.491305659709833,-0.422850422215857,1.60998221967691e-16,8.33744370389e-16,Early_Loss_Down,0.987969102224143,0.508926457357527
BRD4,0.170654799720817,0.138134791859665,0.180996076721055,1.26356606948621e-08,3.46699532814516e-08,Early_Burst_Up,0.975877155543971,0.180996076721055
RANGAP1,0.138599231131579,0.134631637859923,0.140945166921656,6.45278320586499e-05,0.000126920495956532,Early_Burst_Up,0.999288329244707,0.140945166921656
SPCS2,-0.966220575693465,-0.96715012210452,-0.884564201104164,9.39878396373796e-27,1.17266387025828e-25,Early_Loss_Down,0.996619791641581,0.96715012210452
PRRC1,-0.173598631580275,-0.206542477435017,-0.157620617340197,0.000285851485230706,0.000524902043267859,Early_Loss_Down,0.975135437906544,0.206542477435017
EXOC7,0.15088615455045,0.164353324064443,0.141130902963416,2.21877516490862e-06,5.0134800223648e-06,Early_Burst_Up,0.992256857876609,0.164353324064443
RPL8,-0.585505888727028,-0.63338302389119,-0.550830997689793,6.22751263076247e-22,5.16188845749056e-21,Early_Loss_Down,0.993480842804909,0.63338302389119
APPL2,0.180151121583678,0.17447310007752,0.231196654515421,5.53107626611765e-08,1.44338716483635e-07,Early_Burst_Up,0.967528885623558,0.231196654515421
CTPS1,0.164094617432534,0.128914958953226,0.153576494546929,0.000485910310746054,0.000869248840504871,Early_Burst_Up,0.9809397967662,0.164094617432534
COTL1,0.736985399878139,0.723306066324683,0.790863693374335,2.2745471263486e-24,2.2615031284914e-23,Early_Burst_Up,0.996992907591827,0.790863693374335
ARRB1,-0.136567449582286,-0.172541679793741,-0.173880871500025,9.49616749900725e-05,0.000182637175703116,Early_Loss_Down,0.97772004155748,0.173880871500025
WDR33,-0.214792579574321,-0.194893976667564,-0.165280468880887,8.33280932775067e-11,2.76718432663771e-10,Early_Loss_Down,0.978202195864421,0.214792579574321
ARHGAP4,0.369903537099369,0.334622863341899,0.409540793173644,1.22612861326525e-13,5.07149220655735e-13,Early_Burst_Up,0.98668872130967,0.409540793173644
PSMD6,0.168544243224381,0.150083857868094,0.15705204102801,7.38838277873282e-08,1.90595540869853e-07,Early_Burst_Up,0.995422889863476,0.168544243224381
NUTF2,0.352976701372937,0.348407187768121,0.290067861703283,9.47276696037756e-06,2.02237985234125e-05,Early_Burst_Up,0.985310680454131,0.352976701372937
QDPR,-0.338517930538681,-0.411045837540593,-0.378258864394419,3.19123661230096e-18,1.89696222054062e-17,Early_Loss_Down,0.987783048137131,0.411045837540593
SPECC1,0.559994129611433,0.562279477264697,0.531030830973165,1.98884494195297e-40,1.21699761815681e-38,Early_Burst_Up,0.998670569001163,0.562279477264697
VAC14,0.0948233923782304,0.0795286657459575,0.101865690418095,0.00563972342542558,0.00889571234768607,Early_Burst_Up,0.980098999915124,0.101865690418095
ALCAM,-0.307802719652725,-0.296182958487234,-0.332997235550201,4.29168013914936e-07,1.03015177727144e-06,Early_Loss_Down,0.995193811018907,0.332997235550201
TRAPPC8,0.0611978724427077,0.0532146034940497,0.101250578286149,0.000506910365911817,0.000905842401786158,Monotonic_Up,0.917049584786569,0.101250578286149
MCM5,0.317475132841998,0.282264753449968,0.31017248526939,6.34664990516514e-06,1.37628794952583e-05,Early_Burst_Up,0.995032217169432,0.317475132841998
GBP2,0.779542697258255,0.768993207754471,0.809031618995413,3.14203014457926e-35,9.83006573804082e-34,Early_Burst_Up,0.999071498206081,0.809031618995413
NIT1,-0.283845584111723,-0.300126976586856,-0.268385351037086,2.23474147145567e-15,1.05308711922164e-14,Early_Loss_Down,0.995864463248004,0.300126976586856
TAOK3,0.116635319582495,0.172022076699178,0.168351953318084,5.91275053864177e-12,2.13474663698815e-11,Early_Burst_Up,0.949058192719883,0.172022076699178
TUBG1,-0.0664205155201156,-0.0702731999392441,-0.0593360636672495,0.011600966001494,0.0175756852474846,Early_Loss_Down,0.990525910567334,0.0702731999392441
IST1,-0.170831857163085,-0.142876616163861,-0.132651041523808,4.19363424946201e-06,9.24488058914513e-06,Early_Loss_Down,0.977270975825911,0.170831857163085
GOLM1,0.55600217876106,0.538666423426375,0.390045582217006,3.89470804837634e-10,1.22632464542519e-09,Early_Burst_Up,0.957561853084993,0.55600217876106
PITPNA,0.262440963009548,0.255211605185397,0.249927526000998,3.07657333924539e-12,1.13792192574223e-11,Early_Burst_Up,0.999197235260413,0.262440963009548
PRKACA,-0.00834172476042655,-0.0986588432182013,-0.0762081148731326,0.00839719679346876,0.0129842942614729,Mid_Plateau_Down,0.960142122471163,0.0986588432182013
NUDT5,-0.228034022687458,-0.255623817750717,-0.281038545813985,4.86009117228505e-09,1.38275824737628e-08,Early_Loss_Down,0.985883081974301,0.281038545813985
ATP5PO,-0.0875091322065033,-0.169358366161629,-0.1512211547588,0.0169299646199315,0.0249895646624814,Mid_Plateau_Down,0.957263003708232,0.169358366161629
GLB1,0.0178886242091111,0.0269513435546823,0.0968792411615214,0.0269788647409533,0.0387233722618512,Late_Burst_Up,0.964613362947114,0.0968792411615214
IPO9,0.252655750104018,0.209746224001139,0.233886110490803,5.80854948330709e-13,2.2920222285482e-12,Early_Burst_Up,0.988740250989427,0.252655750104018
RRM1,0.166217739772823,0.101718306197142,0.159903584872738,0.00837090713661532,0.0129484552399466,Early_Burst_Up,0.926179060027625,0.166217739772823
SPARC,0.915823952374812,0.924471092876698,0.821302102732487,1.30143963345351e-35,4.28086190893284e-34,Early_Burst_Up,0.994497275026539,0.924471092876698
SLC12A2,0.35359875500832,0.281440041361931,0.203315453273586,0.000639204676458251,0.00112891793664804,Early_Peak,0.963470664858253,0.35359875500832
MCM4,0.384900649860542,0.356944420861196,0.379976763658455,5.16751848999871e-06,1.12842007015926e-05,Early_Burst_Up,0.99788310014688,0.384900649860542
PPID,0.201069755677204,0.210758495256131,0.203059334124059,3.70614979845605e-10,1.16960859396099e-09,Early_Burst_Up,0.999169970362496,0.210758495256131
CYC1,-0.221405841761059,-0.249934857550559,-0.267463817127955,3.48724346987249e-09,1.0052248062445e-08,Early_Loss_Down,0.98832666312601,0.267463817127955
F12,0.573999422826579,0.608042490089151,0.577757465836625,3.82760931407723e-15,1.77357264542042e-14,Early_Burst_Up,0.998652835247712,0.608042490089151
UAP1,-0.249365744571989,-0.256259522495615,-0.246465930826013,7.74736469722131e-07,1.8171806372682e-06,Early_Loss_Down,0.999463527912541,0.256259522495615
DLAT,-0.190154417932574,-0.227232785409427,-0.251760813879295,1.61262117955309e-06,3.68283025692669e-06,Early_Loss_Down,0.975175249660615,0.251760813879295
VPS16,0.26016280627009,0.244491518109654,0.267081518611841,4.21902005810669e-18,2.4725834453214e-17,Early_Burst_Up,0.997311758465284,0.267081518611841
SF3A2,0.121516913579259,0.0969720317978658,0.128249302456438,0.000891475908999445,0.00154882307196104,Early_Burst_Up,0.974000795026206,0.128249302456438
TNRC6B,-0.0942493065492714,-0.0694346309186028,-0.0573169983474712,0.0172890425996745,0.025459221983686,Early_Trough,0.953764653356382,0.0942493065492714
COL5A2,1.00168980735387,0.994859395208041,0.918927328538857,4.1899827299909e-42,3.38534332805673e-40,Early_Burst_Up,0.99703396463918,1.00168980735387
TBL1XR1,0.181662875964669,0.18532967771481,0.197935102046842,9.86219468897863e-09,2.73395017327382e-08,Early_Burst_Up,0.997271824083467,0.197935102046842
CROCC,-0.194598351089865,-0.223400311150984,-0.199681271046607,2.51988446269271e-11,8.65118749939306e-11,Early_Loss_Down,0.992648700910089,0.223400311150984
DPP9,0.233031830032325,0.280503175664755,0.289033703740997,8.17364013307288e-24,7.82750669590708e-23,Early_Burst_Up,0.983458435609645,0.289033703740997
SNRNP40,-0.219981996466884,-0.234429300883149,-0.203649186630043,3.34352427841051e-16,1.69353676475547e-15,Early_Loss_Down,0.993492450040223,0.234429300883149
PSMB5,-0.255924863582922,-0.281951392580319,-0.26306860726339,7.73023209860986e-10,2.36250427927401e-09,Early_Loss_Down,0.996634520853148,0.281951392580319
GGT5,0.387014484017484,0.302042198271497,0.274001618664877,2.09864016592768e-07,5.18707557494808e-07,Early_Burst_Up,0.957996601831059,0.387014484017484
APCS,0.478614441476586,0.324270816756188,0.131172955840388,8.28028498645335e-05,0.000160326969886609,Early_Peak,0.997592866108328,0.478614441476586
SCLY,-0.577553968563145,-0.581529251817743,-0.547879750661714,6.69558951038489e-23,6.01086255721931e-22,Early_Loss_Down,0.99861042121978,0.581529251817743
ARHGAP45,0.37549836297366,0.335250177079124,0.410957771957536,7.86838390848323e-11,2.61818036331058e-10,Early_Burst_Up,0.986590392217823,0.410957771957536
POGLUT3,0.496323062995652,0.453200832137814,0.441062567614603,7.27757397764384e-22,5.99050154717627e-21,Early_Burst_Up,0.994806723342475,0.496323062995652
RNASET2,0.384106294428238,0.47386230012986,0.428750210856355,1.29622231057571e-10,4.23191921091056e-10,Early_Burst_Up,0.985714340159537,0.47386230012986
ADAM10,0.267849312578478,0.234114996496515,0.212855699436706,1.66579941761006e-07,4.15925075108038e-07,Early_Burst_Up,0.982414148038679,0.267849312578478
LGALS3,0.629684575042728,0.61119350525261,0.592934213588531,5.97484952723818e-20,4.12294342998973e-19,Early_Burst_Up,0.998797302397385,0.629684575042728
NF1,0.10493495602966,0.0956510665555782,0.109691319469451,0.00202183254068503,0.00337053093020448,Early_Burst_Up,0.993704171339841,0.109691319469451
EMC1,-0.1703476140914,-0.165306408796058,-0.124207202452078,6.15791420880311e-05,0.000121407633370432,Early_Loss_Down,0.965519195749073,0.1703476140914
OLFML3,0.38000455982502,0.342338325426922,0.310674081793654,0.000230234429536603,0.000427490165685768,Early_Burst_Up,0.986722354400643,0.38000455982502
ATG7,0.110397405920924,0.0998733971050535,0.166462177933926,5.63379695235974e-07,1.33840874215066e-06,Monotonic_Up,0.911257848640815,0.166462177933926
PPM1G,0.115847062301625,0.122219023878906,0.100332056978994,0.0017306972285155,0.00291261119023377,Early_Burst_Up,0.986979012354302,0.122219023878906
ALYREF,-0.16747364956182,-0.20269532228205,-0.216001006350695,4.40715881774857e-08,1.15917748676686e-07,Early_Loss_Down,0.978738760884718,0.216001006350695
CCDC80,1.08822655932408,1.18215007786382,1.11821066684765,7.11481749870289e-40,4.02785790640853e-38,Early_Burst_Up,0.997603436087098,1.18215007786382
OSTF1,0.429791756974541,0.44770954103847,0.431654254645244,1.37520502582905e-19,9.18495684185342e-19,Early_Burst_Up,0.999321198123084,0.44770954103847
FAM98B,-0.165971304314038,-0.156420584260987,-0.106486704240466,1.31166119216011e-09,3.93640261130777e-09,Early_Loss_Down,0.939410362139252,0.165971304314038
PYCR1,-0.470256713347287,-0.521114258075099,-0.495010223413678,2.62965306029343e-13,1.0568216934114e-12,Early_Loss_Down,0.996505439633188,0.521114258075099
PLCD1,0.349185405062325,0.327184897166012,0.302598741419124,1.23240413481608e-09,3.70522659318622e-09,Early_Burst_Up,0.99326791790292,0.349185405062325
CRYBG3,-0.246774859434826,-0.235628818548652,-0.211089967798443,1.76750963845387e-17,9.87858644137882e-17,Early_Loss_Down,0.991785993372315,0.246774859434826
INS,-0.670902242452726,-0.804242403861465,-0.702231663144659,2.02300926056755e-07,5.01205211861958e-07,Early_Loss_Down,0.987918162073691,0.804242403861465
SERPINB3,1.02139134835727,1.04695528682211,1.04849494184399,5.53355339788934e-10,1.71829221556847e-09,Early_Burst_Up,0.999713857705119,1.04849494184399
VPS11,0.185842672143438,0.176899703642206,0.210296851992869,8.58371227518722e-15,3.86127857049233e-14,Early_Burst_Up,0.989253132002707,0.210296851992869
MX2,0.86680471860096,0.881871636938332,0.864461811779926,1.54900641323272e-34,4.4604952840563e-33,Early_Burst_Up,0.999843163812752,0.881871636938332
BAG6,0.0830562612930024,0.0562670101750736,0.0780867009589655,0.0123263523331441,0.0185900514890223,Early_Burst_Up,0.95211642832043,0.0830562612930024
SEL1L,-0.649691518617711,-0.662060232699406,-0.568948789699453,6.91684558069516e-22,5.70485519549506e-21,Early_Loss_Down,0.991436150681503,0.662060232699406
STXBP1,-0.0968009020110657,-0.20997033823781,-0.179614887531167,0.000110132899012837,0.000210792544982711,Mid_Plateau_Down,0.963302540577041,0.20997033823781
ZC3H18,-0.195168276999602,-0.1678356366312,-0.15222603290385,6.14068084205752e-07,1.45384768044389e-06,Early_Loss_Down,0.979303461758109,0.195168276999602
GDA,0.331175842162929,0.322033232558203,0.148546336516048,0.00442592640019834,0.00705875038375825,Early_Peak,0.954481418357159,0.331175842162929
CAMK2G,0.276751151730372,0.220987244191596,0.197368611664215,4.50966602300038e-06,9.8970043890847e-06,Early_Burst_Up,0.961125497447998,0.276751151730372
DOCK5,0.375489056450869,0.378385162378902,0.371798446883383,1.04710506728947e-23,9.93656103022334e-23,Early_Burst_Up,0.999896802592734,0.378385162378902
FAM114A2,-0.323889075410361,-0.366395965112049,-0.337183508491518,1.82306615627722e-24,1.82789837982398e-23,Early_Loss_Down,0.994668372645644,0.366395965112049
FNTA,0.402653564892803,0.389698346663628,0.35201776234702,1.27823411604037e-16,6.66507789078194e-16,Early_Burst_Up,0.993719252924156,0.402653564892803
STAT6,0.222636112852126,0.239538836270844,0.266012777363669,2.64062992524553e-14,1.14454803322361e-13,Early_Burst_Up,0.989354639933553,0.266012777363669
EIF3J,-0.517809824798935,-0.486932718536374,-0.487249248597261,9.89794800722742e-25,1.01817952183123e-23,Early_Loss_Down,0.998308514142455,0.517809824798935
FCHO2,0.334391877142148,0.34165161377146,0.352765002427334,6.00478259248134e-19,3.83513436182884e-18,Early_Burst_Up,0.999030587311282,0.352765002427334
CNBP,-0.109977918294808,-0.108651235825412,-0.124698616052803,0.0161689675225053,0.023955518554796,Early_Loss_Down,0.992020494433748,0.124698616052803
HMGCS2,-0.458957209807226,-0.487612961845315,-0.606461737089379,0.00312346986176811,0.0050917759431213,Early_Loss_Down,0.970887090811521,0.606461737089379
PSMD14,0.210415954390201,0.183841508659209,0.164648135205238,1.73848687237733e-05,3.62235547118781e-05,Early_Burst_Up,0.980305966120772,0.210415954390201
NBEAL2,0.359475914649191,0.391081828982724,0.382329121372164,5.09147800137291e-25,5.41140228958178e-24,Early_Burst_Up,0.997519355886529,0.391081828982724
RCN2,0.536819802923665,0.537780328753338,0.535131286461631,1.99234256515607e-37,8.37387617536809e-36,Early_Burst_Up,0.999991671163005,0.537780328753338
MICAL1,0.513480031153813,0.542113265667295,0.512157906820539,3.65076597254865e-22,3.09701064460243e-21,Early_Burst_Up,0.998604194845299,0.542113265667295
ADSS2,0.384978302918572,0.413701848778836,0.387941742988773,4.31059884565901e-28,6.18496613682316e-27,Early_Burst_Up,0.997879870828059,0.413701848778836
ACAT2,0.17827637079298,0.131278990048418,0.146086273344498,0.00634365147669892,0.00994197129738012,Early_Burst_Up,0.9682103631402,0.17827637079298
NCF1,0.483240528481405,0.554394609190484,0.571622050520519,2.57546008420223e-12,9.59828876880025e-12,Early_Burst_Up,0.989980826745741,0.571622050520519
OXSR1,0.381368216893941,0.360751936923845,0.342758349936604,1.09956455773165e-16,5.7805282687573e-16,Early_Burst_Up,0.996215987165492,0.381368216893941
PCYT1A,0.249006525284304,0.225283247975759,0.194594374184467,1.08775726918397e-05,2.31044308171236e-05,Early_Burst_Up,0.980617671098,0.249006525284304
ENSG00000260836,-0.339156187694038,-0.350360487453569,-0.328181951184305,2.15304909828421e-10,6.89141330612352e-10,Early_Loss_Down,0.998578204191031,0.350360487453569
NUP54,0.143894140513112,0.126843467521616,0.125167756463575,0.00041144966573255,0.000742107524539722,Early_Burst_Up,0.991879919381429,0.143894140513112
HSPE1,-0.257541123436143,-0.256159156338312,-0.275584474418894,6.70654096318418e-05,0.000131600645827915,Early_Loss_Down,0.997744894294804,0.275584474418894
VPS18,0.175629232946934,0.160181116463638,0.179821969488664,3.70161592632736e-12,1.35943723472623e-11,Early_Burst_Up,0.995205498123114,0.179821969488664
RPL27,-0.688332378913227,-0.71077889411474,-0.626168986150425,1.83549744213026e-26,2.2364582303672e-25,Early_Loss_Down,0.99442644615905,0.71077889411474
BAIAP2,0.565344980495408,0.668357037117961,0.587788817033955,1.09365515183045e-26,1.35639317042221e-25,Early_Burst_Up,0.98955279248146,0.668357037117961
RPS5,-0.228155982534763,-0.246517160114463,-0.177457223350143,3.85917596176273e-05,7.7668832778209e-05,Early_Loss_Down,0.965741738135741,0.246517160114463
CALB2,0.854736481772005,0.987131338838342,0.933140812690879,9.75596869271558e-14,4.0614893176978e-13,Early_Burst_Up,0.993164677166579,0.987131338838342
GIT1,0.135353270623755,0.12130908134284,0.121204510723448,8.52950893433683e-05,0.000164845734676152,Early_Burst_Up,0.994479058757583,0.135353270623755
FUCA1,0.171097803347717,0.200719194364246,0.163714096926065,0.0307324071694801,0.0437337709412471,Early_Burst_Up,0.984327647226811,0.200719194364246
BCKDHA,-0.703857407436875,-0.726785386358957,-0.698245047158346,2.1512804501584e-41,1.4437867666305e-39,Early_Loss_Down,0.999395212686914,0.726785386358957
NUFIP2,0.0483273118497976,0.0956119159805031,0.105377241246937,0.00258346370928662,0.00425145046246456,Mid_Plateau_Up,0.981519592448003,0.105377241246937
ANKRD44,0.2943211629989,0.276348476120996,0.312554770708752,9.28120339929804e-11,3.06866009888591e-10,Early_Burst_Up,0.994996364299426,0.312554770708752
PTGES2,-0.117737062505762,-0.148610414500097,-0.157521682968908,0.000717496336892299,0.00125917429684051,Early_Loss_Down,0.972098666147459,0.157521682968908
UBA7,0.410251918684822,0.395393263756114,0.397717324635407,1.77093071765688e-20,1.29277942388952e-19,Early_Burst_Up,0.999471034081659,0.410251918684822
ACOT1,-0.174319763475182,-0.198910075744923,-0.191386139941979,0.000167659355838618,0.000316099039258944,Early_Loss_Down,0.994077002900684,0.198910075744923
LCN2,0.745200885247142,0.903362018542776,0.698167020479401,8.60665590616272e-17,4.57080985648284e-16,Early_Burst_Up,0.975733761286464,0.903362018542776
ACSS1,-0.79068318340553,-0.890721213495108,-0.82023597740031,1.68512612683364e-32,3.86325609573267e-31,Early_Loss_Down,0.994973083622544,0.890721213495108
NCK1,0.238121530956919,0.223579389932103,0.250255066122886,6.2440846611396e-11,2.0893957599519e-10,Early_Burst_Up,0.995803531283847,0.250255066122886
LACTB,0.284381200136672,0.318366887792777,0.317140421257697,2.33919487872212e-15,1.09919705142436e-14,Early_Burst_Up,0.994771356641534,0.318366887792777
NT5C2,0.407951288211192,0.421443282831319,0.40234322809576,5.31535870791004e-36,1.85858887257258e-34,Early_Burst_Up,0.999238539044864,0.421443282831319
HSPA4L,-0.38462727605995,-0.482175704462825,-0.413870358167674,1.57739464398365e-18,9.72376164980144e-18,Early_Loss_Down,0.982153593540212,0.482175704462825
CCDC22,0.171313679089391,0.170005258611896,0.185648393360456,1.01767190578578e-07,2.59628007355894e-07,Early_Burst_Up,0.996761122398095,0.185648393360456
EXOC5,0.0474593795054823,0.0687332683508872,0.0706860097864895,0.0167586888000437,0.0247587090704711,Early_Burst_Up,0.947425896557628,0.0706860097864895
KIF21A,-0.622068499087213,-0.591269538490193,-0.556155977947018,7.05700866867075e-41,4.55259117369596e-39,Early_Loss_Down,0.995857394612988,0.622068499087213
INPPL1,0.196201009353322,0.189839269252675,0.208077742718834,4.74900822348914e-19,3.05892000277683e-18,Early_Burst_Up,0.997099326609012,0.208077742718834
DNMT1,0.163461989335879,0.17055146265664,0.193906588828741,2.11561255498806e-05,4.37528023921736e-05,Early_Burst_Up,0.989249446669819,0.193906588828741
DNAJC10,0.22758174394114,0.220246078529938,0.219635081770232,4.74919756887481e-07,1.13669318861594e-06,Early_Burst_Up,0.999473668481837,0.22758174394114
MAP7,-0.632792093626385,-0.606981006751464,-0.622906486465268,1.6585901030197e-23,1.54739762750336e-22,Early_Loss_Down,0.999413954820343,0.632792093626385
SNTB2,0.16879212589476,0.122406332576142,0.14721175422073,0.00253114917639196,0.00416865692577358,Early_Burst_Up,0.967969472485846,0.16879212589476
BCAT1,-0.781935209387058,-0.713562398492283,-0.699104390399477,2.98570210909952e-15,1.39355092271039e-14,Early_Loss_Down,0.99515825668545,0.781935209387058
FABP4,-0.686691080840168,-0.738402420462096,-0.736676572273337,3.15064657063849e-06,7.03129009408783e-06,Early_Loss_Down,0.99779234658382,0.738402420462096
VPS13A,-0.157434078512728,-0.201521151285345,-0.199006623176835,9.11856812610601e-13,3.52788116901228e-12,Early_Loss_Down,0.977175848005339,0.201521151285345
ERAP2,0.446387740243557,0.419598753554351,0.317796629336471,0.0169467860309832,0.0250099580333113,Early_Burst_Up,0.962772041675314,0.446387740243557
USP4,0.13828775294665,0.119525417520418,0.144337268855875,4.48658767053173e-09,1.28219033633809e-08,Early_Burst_Up,0.987807438893096,0.144337268855875
EML1,-0.147000692325443,-0.209043856304327,-0.177950814263152,0.00042489845018929,0.000764541600535194,Early_Loss_Down,0.961806938949001,0.209043856304327
FXR1,0.126631958278674,0.118709466719006,0.139108779071111,0.000262155340272161,0.0004834160739519,Early_Burst_Up,0.991522293828218,0.139108779071111
NUP107,0.071322170369136,0.0751326243251462,0.119853729132502,1.25463235802453e-05,2.64934039164683e-05,Monotonic_Up,0.946677021389661,0.119853729132502
SUN2,0.452124504258795,0.477775354065929,0.418741261688955,6.77217159686301e-26,7.92658397033671e-25,Early_Burst_Up,0.994268549498107,0.477775354065929
RPL15,-0.146798539754403,-0.194600193700339,-0.112809962338187,0.0174053239830957,0.0256094600755521,Mid_Trough,0.959454372884095,0.194600193700339
EGFR,0.192920563734054,0.195448982869734,0.149591045132732,0.000781809623648164,0.00136627880890383,Early_Burst_Up,0.973536820938861,0.195448982869734
PTPN1,0.326124518927841,0.372723700369529,0.373695221764238,7.70572766639183e-23,6.89538340211966e-22,Early_Burst_Up,0.992376672440382,0.373695221764238
MCM7,0.426378644890703,0.382707699781829,0.408146853901882,8.1817542639647e-08,2.10182304687111e-07,Early_Burst_Up,0.996126043616903,0.426378644890703
EEFSEC,-0.39784441840849,-0.432510753864288,-0.380491601173618,2.66020571649282e-25,2.91676310575142e-24,Early_Loss_Down,0.994307589431046,0.432510753864288
WASHC4,0.20367308399516,0.205117090785201,0.228635873654814,2.41967445342735e-16,1.23917112624138e-15,Early_Burst_Up,0.994249713619088,0.228635873654814
PPP1R21,0.221265565071702,0.200166640909148,0.221525104141629,9.13110415035281e-12,3.25853553770309e-11,Early_Burst_Up,0.995667273605749,0.221525104141629
PARVA,0.600677311826416,0.610977982378945,0.544260902199565,2.62920784955606e-22,2.25337463686977e-21,Early_Burst_Up,0.99501675398121,0.610977982378945
SPECC1L,0.209195584722015,0.204781557580477,0.185238301889204,5.20494544243808e-13,2.06068296726783e-12,Early_Burst_Up,0.994610935524181,0.209195584722015
UBE2N,-0.296046940830284,-0.255761471250692,-0.233437353169678,1.55743034174523e-12,5.91283544890683e-12,Early_Loss_Down,0.980962758518432,0.296046940830284
SBF1,0.167499489878814,0.136178706521435,0.152959203596456,6.37330900755332e-10,1.9658516516256e-09,Early_Burst_Up,0.98615507044274,0.167499489878814
SEC24B,0.122153963050479,0.0907519486646079,0.102953797947995,0.000208230592987159,0.000388541478663484,Early_Burst_Up,0.971155329445801,0.122153963050479
RBM12,0.30053446820794,0.262964934232724,0.279103652496151,9.61154774232291e-10,2.92031034361487e-09,Early_Burst_Up,0.994049956353936,0.30053446820794
ASAP1,0.479030721498315,0.479408972386925,0.472970744238544,8.12862363247558e-37,3.14634445904473e-35,Early_Burst_Up,0.999923562076757,0.479408972386925
SSC5D,0.615104861147205,0.604171794296558,0.503492118619989,5.45962081344645e-14,2.31103582957789e-13,Early_Burst_Up,0.985036842066038,0.615104861147205
ARFIP1,0.230203199593145,0.265614173720731,0.232393114805494,6.31234296481084e-15,2.87370449415513e-14,Early_Burst_Up,0.991207607834257,0.265614173720731
DGLUCY,-0.535846365724564,-0.484704705813931,-0.469899424431128,1.15891183724213e-09,3.49563766202575e-09,Early_Loss_Down,0.99359450826459,0.535846365724564
HLA-B,0.361010283100811,0.324083573037286,0.401585304551795,3.43901908246969e-09,9.91667248936687e-09,Early_Burst_Up,0.985070315603254,0.401585304551795
PDPR,-0.101532254308901,-0.130798511796858,-0.153710197331391,2.20725862904822e-05,4.5591477565002e-05,Early_Loss_Down,0.949092164288175,0.153710197331391
STRN3,0.109790632411672,0.109508133181617,0.108408476883877,0.00207520747930041,0.00345604895792235,Early_Burst_Up,0.9999404216948,0.109790632411672
NFXL1,-0.736388400272061,-0.724328190824628,-0.667713404696681,7.43838038995439e-30,1.29149230981239e-28,Early_Loss_Down,0.996457519604853,0.736388400272061
CTSZ,0.489912124981775,0.511382565839635,0.569889898268651,7.96970449533036e-28,1.10724341920099e-26,Early_Burst_Up,0.991773666381421,0.569889898268651
ACY1,0.335549809276573,0.289050391115968,0.224347497574105,0.000423175426336621,0.000762100389087504,Early_Burst_Up,0.951790921707928,0.335549809276573
SULF1,1.52899615088143,1.63716503003387,1.51328722011671,7.66484162947423e-68,6.37868120404846e-64,Early_Burst_Up,0.997516457852704,1.63716503003387
UBA3,0.259187104237025,0.225636430037419,0.244836510575261,5.34903556093531e-11,1.80221351976128e-10,Early_Burst_Up,0.993673550547437,0.259187104237025
CAMK2D,0.374758510574584,0.318355892634044,0.27352653959395,8.41906016530982e-09,2.34954455720014e-08,Early_Burst_Up,0.968507085370661,0.374758510574584
STIM1,-0.218789325907319,-0.165842382472137,-0.156969385922799,0.000114574664491632,0.000218841027748305,Early_Loss_Down,0.957204682271249,0.218789325907319
APIP,-0.20419767500803,-0.161723607908664,-0.148995142556908,8.17214652330173e-05,0.000158454341488623,Early_Loss_Down,0.964201356074291,0.20419767500803
NT5E,0.319801777135153,0.316254050384716,0.303489395102667,0.000522587508771515,0.000933055835227751,Early_Burst_Up,0.999000946373358,0.319801777135153
NAT10,0.0968909477923461,0.0577866048203624,0.11811465441268,0.00976890523623841,0.0149525159786603,Early_Burst_Up,0.876371618067722,0.11811465441268
HPRT1,-0.253720316656284,-0.237888887029756,-0.233664520919542,1.15764227982103e-08,3.19108945103366e-08,Early_Loss_Down,0.997459575298532,0.253720316656284
PCYT2,-0.370624109450309,-0.380389897474136,-0.387689019620209,7.90087663032116e-25,8.23948562876349e-24,Early_Loss_Down,0.999322232426473,0.387689019620209
RBM3,0.364212135075598,0.334249620453297,0.285923564429666,2.6860845100177e-14,1.16364369038872e-13,Early_Burst_Up,0.981219372171515,0.364212135075598
TMEM214,-0.99957435716115,-0.99119508894639,-0.931903164637767,3.16879490275893e-22,2.69639173627401e-21,Early_Loss_Down,0.998093706403043,0.99957435716115
SNW1,-0.166033789936317,-0.168846629399253,-0.154260808727278,1.2306719935708e-07,3.12150330097416e-07,Early_Loss_Down,0.997010346028782,0.168846629399253
RAP1B,0.151545545093972,0.173490597579151,0.151774139385943,2.6742680095314e-05,5.47081081005906e-05,Early_Burst_Up,0.991718276519204,0.173490597579151
PREX1,0.402782459117493,0.403786034253834,0.465244320446392,8.86747075901457e-23,7.86728056039651e-22,Early_Burst_Up,0.990637533881029,0.465244320446392
VAV1,0.561224710444437,0.612584990631814,0.635963107210002,4.98876317579973e-27,6.30949652720446e-26,Early_Burst_Up,0.994687220937383,0.635963107210002
ATP5PD,-0.210404293820466,-0.298202813597588,-0.318616878557752,5.28466911642842e-08,1.38125051466449e-07,Early_Loss_Down,0.946626382317231,0.318616878557752
DYNLL1,0.234600697921388,0.220567606858034,0.231788071903963,1.7772159841705e-11,6.17020918659444e-11,Early_Burst_Up,0.998601240788414,0.234600697921388
SARS2,-0.349231942169074,-0.369142522813698,-0.30807713906843,1.42026013910033e-18,8.79420005773285e-18,Early_Loss_Down,0.989133566192472,0.369142522813698
ATXN2,0.109327421183011,0.115615133792617,0.128049551947907,0.00359341334103856,0.00581119040499862,Early_Burst_Up,0.991370571487755,0.128049551947907
PMM2,-0.534478504857964,-0.552364468565014,-0.527431979950998,1.00382630978947e-20,7.51244833639208e-20,Early_Loss_Down,0.99924013445868,0.552364468565014
FBLIM1,0.74469986909802,0.778157533106629,0.701278905945638,1.24359617958744e-34,3.63130084439532e-33,Early_Burst_Up,0.996414960197708,0.778157533106629
HNMT,0.427159982763603,0.405405544882288,0.398923014561819,3.26645448300176e-15,1.51747925113798e-14,Early_Burst_Up,0.998273456722893,0.427159982763603
RPS6,-0.481225020333725,-0.490616022461216,-0.391763446171237,8.31828881136262e-18,4.78071819669612e-17,Early_Loss_Down,0.981322635059402,0.490616022461216
UCHL3,-0.114173335177098,-0.141940344216527,-0.145233506696122,0.00118344091460709,0.0020327338062663,Early_Loss_Down,0.978994855827929,0.145233506696122
INPP4B,0.622220812669965,0.774011933001373,0.717806067130416,6.85562053741866e-29,1.05457438285394e-27,Early_Burst_Up,0.984552128395779,0.774011933001373
TRNT1,0.27152172904805,0.248489080435025,0.263194989502411,1.17858101911368e-12,4.50328339810102e-12,Early_Burst_Up,0.997349711999764,0.27152172904805
STAT2,0.541654704157364,0.564831535590067,0.599920235144305,1.13989649067458e-47,2.25862347509377e-45,Early_Burst_Up,0.996472347944732,0.599920235144305
PBLD,-0.859873738247606,-0.874228768500698,-0.858732248465591,1.20476721285478e-22,1.05205380329249e-21,Early_Loss_Down,0.999866893792575,0.874228768500698
SF1,0.0793487868547855,0.0979487910138435,0.0950319022818828,0.0131617198899636,0.0197568241205406,Early_Burst_Up,0.984190897556319,0.0979487910138435
PANK4,0.113219342689175,0.0860451650212155,0.139548603456767,0.000285452219696119,0.000524284566830965,Early_Burst_Up,0.932653228641047,0.139548603456767
OSBPL8,0.15249222616026,0.161382445080011,0.195934687372478,2.24833215764927e-06,5.07750887814306e-06,Early_Burst_Up,0.976534927683816,0.195934687372478
PSMD4,0.237873658600273,0.192881899283996,0.191701678084087,0.000566048420594164,0.00100719584267364,Early_Burst_Up,0.979206342038042,0.237873658600273
TP53I3,0.279779264733351,0.381744992035509,0.300498589591049,3.74201945795648e-11,1.27210318337883e-10,Early_Burst_Up,0.964341466793995,0.381744992035509
EIF2B3,-0.317432036011148,-0.351537672708747,-0.295372323412237,5.72682373497754e-20,3.95507279024756e-19,Early_Loss_Down,0.989824955076694,0.351537672708747
HAGH,-0.458718892783174,-0.455617129333623,-0.430154252259422,1.96300126752925e-27,2.60128925929592e-26,Early_Loss_Down,0.998373226254641,0.458718892783174
FLOT2,0.304581069581542,0.296817982963209,0.327477320470795,2.36195285505415e-09,6.92850604855855e-09,Early_Burst_Up,0.996484827748217,0.327477320470795
ALDH1L1,-0.998204962669347,-1.12914138639829,-1.0702105171271,4.95955940231567e-25,5.28469313009872e-24,Early_Loss_Down,0.994990736196608,1.12914138639829
LIMS1,0.504927999293806,0.507432468709103,0.449786040325595,1.19675578649687e-20,8.86856781409348e-20,Early_Burst_Up,0.994093531563477,0.507432468709103
SACM1L,-0.334952849990818,-0.361131393565393,-0.341338034643536,6.93247260699687e-11,2.31656063842428e-10,Early_Loss_Down,0.99792910993004,0.361131393565393
CFHR2,0.361911388487613,0.34671585862802,0.321469176242309,3.18888588201636e-05,6.46320221873847e-05,Early_Burst_Up,0.995313753737953,0.361911388487613
PIK3C2A,0.0869389412002732,0.0731001475723607,0.103200993691023,0.000438682408733127,0.000788661699174138,Early_Burst_Up,0.962865099232088,0.103200993691023
AMPD3,0.534110775207441,0.561470252637591,0.58049029767427,5.71761274385164e-29,8.84423294690211e-28,Early_Burst_Up,0.997686152150328,0.58049029767427
NBN,-0.0751532831335774,-0.0875546943755438,-0.0455071663765827,0.00848851941246423,0.0131230649360073,Mid_Trough,0.918190325358462,0.0875546943755438
RPS9,-0.485403017170856,-0.518910681951237,-0.449257282909354,5.59486444421136e-15,2.5568622682442e-14,Early_Loss_Down,0.993178507124732,0.518910681951237
TMED9,-0.416531345976986,-0.38975912845215,-0.351758992508016,2.05908079613713e-12,7.72573056152083e-12,Early_Loss_Down,0.990653424747714,0.416531345976986
ENSG00000284292,-0.16885527294441,-0.192926897817433,-0.155737000114608,3.69474293149798e-06,8.1862754728238e-06,Early_Loss_Down,0.984430941739682,0.192926897817433
MANF,-0.321417998376357,-0.341782053373771,-0.311258710263067,6.38563650816013e-08,1.65600707450634e-07,Early_Loss_Down,0.996960781207532,0.341782053373771
HLA-DRA,0.290587043837266,0.225453714371204,0.267527308538749,0.000112326459033082,0.000214842746971572,Early_Burst_Up,0.97934067807607,0.290587043837266
FMOD,0.548654090395442,0.51625895362815,0.407700143900411,3.36134528835167e-10,1.0636165585423e-09,Early_Burst_Up,0.971139164804684,0.548654090395442
SBDS,0.223497347376922,0.207516312143122,0.193976430427004,5.85102189121156e-05,0.000115685921070712,Early_Burst_Up,0.993358289722369,0.223497347376922
MAGED2,0.373093866210094,0.356236525916136,0.379485053411962,1.29961219238283e-26,1.60227743185332e-25,Early_Burst_Up,0.998595026418904,0.379485053411962
PRPF4B,-0.10637021496184,-0.103846190316226,-0.0597703253327537,0.00141367339632195,0.00240338917348136,Early_Trough,0.941015363724998,0.10637021496184
DDX24,0.232268386376506,0.212904503950211,0.235649788776498,1.0748087875603e-12,4.12571897143763e-12,Early_Burst_Up,0.996123184851646,0.235649788776498
GALNT7,0.719395867827418,0.795540484674001,0.735005376175297,2.00579605976317e-27,2.65377341961035e-26,Early_Burst_Up,0.996187187210462,0.795540484674001
RBM4,0.168991646110656,0.162524842463432,0.173884304969712,5.32806173249731e-05,0.000105697567909041,Early_Burst_Up,0.9984782480865,0.173884304969712
RPL9,-0.813068902162801,-0.814995702443269,-0.723367916449314,4.72505803135137e-32,1.02400867023193e-30,Early_Loss_Down,0.994103948277951,0.814995702443269
EXOC3,0.265069887177301,0.258148694241829,0.270522835426148,3.09608619780564e-15,1.44264441982859e-14,Early_Burst_Up,0.999268271829298,0.270522835426148
PDE4DIP,-0.253410949352505,-0.241354619179031,-0.217645616247716,9.70881301216366e-17,5.13321104747306e-16,Early_Loss_Down,0.992262118398196,0.253410949352505
GPX3,1.02618927257211,0.980900419090493,0.857882935342105,1.60578668625071e-21,1.28989930530679e-20,Early_Burst_Up,0.989091687298196,1.02618927257211
SDCBP,0.151575732298137,0.163076485088658,0.165435400167013,0.00192623097563914,0.00322018766156467,Early_Burst_Up,0.997149372969256,0.165435400167013
CREBBP,0.0830766803872157,0.0744831013480081,0.0994629089265696,0.00187715469665151,0.00314382801077357,Early_Burst_Up,0.971967938722163,0.0994629089265696
PRPS2,-0.353029153932622,-0.421803930591707,-0.362498842417272,7.65072634911573e-28,1.0664881855501e-26,Early_Loss_Down,0.987354026504278,0.421803930591707
AKR7A3,-0.199835183422104,-0.185744679575088,-0.247347976776899,0.0345789451861059,0.0487738952269107,Early_Loss_Down,0.970180631281512,0.247347976776899
PSMA3,0.151666406332737,0.132823369031436,0.147860226599776,0.00278206593329076,0.00455754974347357,Early_Burst_Up,0.993687148614888,0.151666406332737
VPS53,-0.191397998550201,-0.167776549968193,-0.130220198078621,1.4069096631992e-09,4.21313501876349e-09,Early_Loss_Down,0.955470271803187,0.191397998550201
CCDC47,-0.750508708735758,-0.730481416005533,-0.680722216910311,3.95962222311767e-33,9.73615778568608e-32,Early_Loss_Down,0.996700661492236,0.750508708735758
HIBADH,-0.109723435634939,-0.150377767743212,-0.139995229522508,0.0152615082439523,0.0226877941418669,Early_Loss_Down,0.968143773948685,0.150377767743212
ARHGEF6,0.321035576469753,0.296883241497648,0.342022012179796,4.05699414408889e-12,1.48536318817016e-11,Early_Burst_Up,0.993421283820079,0.342022012179796
TRA2B,0.329388122047028,0.348588759269518,0.347415633790676,2.07296746793636e-12,7.77432864721334e-12,Early_Burst_Up,0.998680546099956,0.348588759269518
SUCLG1,-0.69274846031944,-0.690467249290345,-0.708884740453232,2.70422394198388e-30,4.90295242814594e-29,Early_Loss_Down,0.999723759271795,0.708884740453232
AP3M1,-0.164332335391633,-0.17294069339225,-0.147220222751845,9.4037042411875e-08,2.40570632324508e-07,Early_Loss_Down,0.991350652201361,0.17294069339225
CADPS,-0.149494085210902,-0.25410052944682,-0.213610133827794,0.00242167970963861,0.00400183052891432,Mid_Trough,0.930210628244858,0.25410052944682
CST3,0.296701334223427,0.279077697634786,0.218234205216236,6.40332659677267e-05,0.000125977503400336,Early_Burst_Up,0.96922061996123,0.296701334223427
MYL9,0.351226773688794,0.345132812129977,0.28982750029172,0.00270228670721719,0.00443909000739468,Early_Burst_Up,0.986173424031736,0.351226773688794
CERT1,0.15625240860126,0.166247965175438,0.189585074212506,1.52746284955078e-09,4.55774321762695e-09,Early_Burst_Up,0.986873378084653,0.189585074212506
MAT2B,0.254808139390293,0.229278849710408,0.247379771698159,1.71936228629993e-09,5.10472099414485e-09,Early_Burst_Up,0.996155058542895,0.254808139390293
DARS2,-0.298237832969176,-0.326351987160039,-0.304508535775658,1.32367277593109e-11,4.64401553174474e-11,Early_Loss_Down,0.996985815045727,0.326351987160039
ELOC,0.318493916121799,0.320097920392052,0.276155248034269,9.45476613822221e-14,3.94003824748549e-13,Early_Burst_Up,0.991211255220985,0.320097920392052
ASH2L,-0.175222227260635,-0.180479697654471,-0.149712332073926,1.28979259038017e-09,3.8749653202685e-09,Early_Loss_Down,0.987514607543258,0.180479697654471
SEH1L,0.0803515370189817,0.0344036961499466,0.0763927728339843,0.00131228590452875,0.00224109240662595,Early_Burst_Up,0.837455563388359,0.0803515370189817
GYS1,0.221437460617318,0.253736851134884,0.265299453123554,1.81705524390289e-08,4.92558102272309e-08,Early_Burst_Up,0.988877712387542,0.265299453123554
TRMT10C,-0.370539748918522,-0.402062757330168,-0.380172623085047,4.94164215799008e-22,4.12895040550135e-21,Early_Loss_Down,0.997651938923441,0.402062757330168
ITGB5,0.712895005316349,0.69442495560899,0.632547087434398,1.62490449954615e-40,1.00166335149801e-38,Early_Burst_Up,0.99493153617504,0.712895005316349
JCAD,-0.301750121571726,-0.270257003484602,-0.233234532615799,4.0759705306736e-09,1.16845424582383e-08,Early_Loss_Down,0.978919297678596,0.301750121571726
FABP1,-0.703016882882804,-0.52139540722544,-0.606106010572042,0.000282157353002894,0.000518576301168305,Early_Loss_Down,0.971673309918766,0.703016882882804
CPVL,0.462739918572356,0.443909543250445,0.491310327305267,3.66879050441201e-10,1.15869732742758e-09,Early_Burst_Up,0.996520622712852,0.491310327305267
TBC1D15,-0.143794514178421,-0.153669405298582,-0.0952533100800179,7.09646908623599e-06,1.53195371558122e-05,Early_Loss_Down,0.931636442869116,0.153669405298582
GMPPA,-0.612706318100299,-0.59578932724829,-0.584988342921965,1.17902736645523e-30,2.23504914433723e-29,Early_Loss_Down,0.999272610915756,0.612706318100299
NXF1,0.14066241617812,0.125239050281047,0.147520019769733,5.03759671626459e-05,0.00010026998295325,Early_Burst_Up,0.990980511088277,0.147520019769733
DMXL1,-0.11208052940709,-0.131206106962421,-0.0896760232760612,1.6332323247924e-06,3.72785502109774e-06,Early_Loss_Down,0.95627564521489,0.131206106962421
PLCG1,0.367498915910576,0.330040017795124,0.353237477971805,8.75725188060419e-21,6.58931737345281e-20,Early_Burst_Up,0.996137663934334,0.367498915910576
RABGGTA,0.0708753673858239,0.0543336462327932,0.0834667515195816,0.0172909784489057,0.025459221983686,Early_Burst_Up,0.945899195833392,0.0834667515195816
LAMC3,-0.457005132322726,-0.479809632174997,-0.383200590349073,3.06323652662342e-07,7.44734279128252e-07,Early_Loss_Down,0.982887397316891,0.479809632174997
RPS18,-0.886200033537517,-0.90641762000525,-0.841503433347385,3.73505989397044e-34,1.02924398800073e-32,Early_Loss_Down,0.998097165409178,0.90641762000525
GMFB,0.216928159751423,0.179472499965077,0.196382614126007,1.5671871580317e-05,3.28269104685119e-05,Early_Burst_Up,0.988197236474163,0.216928159751423
DHX38,0.173824197790715,0.168063546399229,0.178125751755264,3.14124689542622e-09,9.1021785040867e-09,Early_Burst_Up,0.998870787537245,0.178125751755264
STOML2,-0.361249728244579,-0.329888551998197,-0.310666696301455,1.2507582906494e-12,4.7724944955453e-12,Early_Loss_Down,0.992294850754231,0.361249728244579
ZCCHC8,-0.197223584962741,-0.18258535632949,-0.122095253748433,5.98794954994054e-11,2.00536642805325e-10,Early_Trough,0.938096842963167,0.197223584962741
OS9,-0.715032589123031,-0.687697285906762,-0.633357012610547,2.4612187078282e-28,3.59996616405582e-27,Early_Loss_Down,0.995033930062461,0.715032589123031
PRSS3,-1.74119534494251,-1.94731065067986,-1.68491100898359,5.02082293987856e-33,1.20760949438351e-31,Early_Loss_Down,0.99216166669425,1.94731065067986
TOM1,0.174017268127732,0.186121623680425,0.177709191984484,5.12041314036985e-07,1.22132640166689e-06,Early_Burst_Up,0.998407336990198,0.186121623680425
CD99,-0.251737648453917,-0.318711560648088,-0.318631548733106,1.37952209910583e-07,3.48312588251174e-07,Early_Loss_Down,0.978071955708481,0.318711560648088
SRSF9,0.27345111953476,0.253815869325334,0.237615555921559,5.14038859404127e-05,0.00010221819326072,Early_Burst_Up,0.993459496625235,0.27345111953476
ACADSB,-1.00157895603482,-1.09427975356026,-1.07490621844753,3.48494917784595e-50,1.11545180992438e-47,Early_Loss_Down,0.997158365756252,1.09427975356026
RANBP3,-0.0761152933473532,-0.0953044534339881,-0.0896513835750058,0.0124423713695794,0.0187514332737485,Early_Loss_Down,0.983308210395388,0.0953044534339881
RAP1GDS1,0.165908862527506,0.172585553064597,0.208989251357028,1.88674554266576e-09,5.57890363786331e-09,Early_Burst_Up,0.979147255310901,0.208989251357028
WDR61,-0.11988391902051,-0.161796598860656,-0.133614216150786,0.00679161546715658,0.0106120585650914,Early_Loss_Down,0.969670596820411,0.161796598860656
SNX27,0.122969851658865,0.118370287241049,0.0984232483902241,4.29607357923491e-05,8.61492152443203e-05,Early_Burst_Up,0.982757482567199,0.122969851658865
MFAP4,1.21647675617892,1.06325708256258,0.998646346055316,3.96892315936094e-16,2.00178051710314e-15,Early_Burst_Up,0.986311145066913,1.21647675617892
GALM,-0.169177333595469,-0.204396467609271,-0.19455836588828,0.000361275100847179,0.000656304603634627,Early_Loss_Down,0.987944419184563,0.204396467609271
FGL2,0.450917616217666,0.448364497811315,0.436543056755272,4.69349949860474e-10,1.46839484313491e-09,Early_Burst_Up,0.999604709814174,0.450917616217666
CPSF7,0.167946249808554,0.152798650636307,0.157896064855774,2.49358224068802e-05,5.11374849852285e-05,Early_Burst_Up,0.996902759717291,0.167946249808554
CBX1,0.162254447204914,0.116143793221853,0.122458500921298,0.0166140185764331,0.0245624200733835,Early_Burst_Up,0.956360253939382,0.162254447204914
SMC2,0.302077590877395,0.297470123891807,0.344255431617008,3.4478857491833e-07,8.33623044878076e-07,Early_Burst_Up,0.991162063255447,0.344255431617008
RIPK1,0.0399017422325485,0.05455263099837,0.0996219602994522,0.00117892495405752,0.00202539501809799,Monotonic_Up,0.983951104314086,0.0996219602994522
RPS11,-0.253648054700039,-0.282761276800727,-0.229162599134144,1.05790107390246e-08,2.92486801894228e-08,Early_Loss_Down,0.98557686899883,0.282761276800727
AIMP2,0.241419878351176,0.223532027670588,0.218904390993939,3.99269660821807e-07,9.5976953129956e-07,Early_Burst_Up,0.996391611497145,0.241419878351176
DDT,-0.722065676462271,-0.765896740336988,-0.737078420639505,8.77203891090146e-37,3.36243945936457e-35,Early_Loss_Down,0.998799516683233,0.765896740336988
MAPRE2,0.168706764497392,0.162168779322057,0.165275322572535,5.20363240352173e-05,0.000103451096182771,Early_Burst_Up,0.999479045871637,0.168706764497392
RAC1,0.20856478209323,0.159750464418472,0.160217069552853,0.00958267827694778,0.0146890861338662,Early_Burst_Up,0.967825087889758,0.20856478209323
NEMF,-0.213886776463238,-0.229450261171893,-0.202462496964488,5.43287905085228e-11,1.82750280764724e-10,Early_Loss_Down,0.99476124030105,0.229450261171893
CLEC3B,0.814769834648009,0.7535488733994,0.666303304135698,2.56970815939218e-18,1.54293732340993e-17,Early_Burst_Up,0.986884473930779,0.814769834648009
DOCK10,0.400478824036849,0.371912225050594,0.444812668151904,7.14426595626117e-16,3.51761986426304e-15,Early_Burst_Up,0.98924710043812,0.444812668151904
SGPL1,0.198246544170846,0.157280140175824,0.177267321333978,0.00026885099151764,0.000495104658422173,Early_Burst_Up,0.982718929128334,0.198246544170846
CCDC88A,0.200687927909865,0.168423304749832,0.194682017815288,6.38093651493286e-09,1.80007300600919e-08,Early_Burst_Up,0.989066495613232,0.200687927909865
CTR9,0.091050437717821,0.0395925948745752,0.0837819117868449,0.00586141357160738,0.00921569690967629,Early_Burst_Up,0.843697183343843,0.091050437717821
SFRP2,1.09980823628283,1.08390967798503,1.00234194864663,2.57924752164148e-29,4.19869239021535e-28,Early_Burst_Up,0.996783242102783,1.09980823628283
GALK2,-0.440569051383611,-0.428007813344296,-0.406746335662309,1.39954815426201e-18,8.67240486952233e-18,Early_Loss_Down,0.997850337976864,0.440569051383611
MIOS,-0.179109814514068,-0.170078264319086,-0.120879838883479,3.02922455552723e-11,1.03656277759447e-10,Early_Loss_Down,0.950583151124535,0.179109814514068
SETD3,-0.132863000716867,-0.132991397748006,-0.115531821165604,3.96841303436082e-07,9.54207837964483e-07,Early_Loss_Down,0.991780691856615,0.132991397748006
RBM47,-0.40940188859174,-0.408493319992378,-0.411742885699457,1.36623653001597e-19,9.1323858656971e-19,Early_Loss_Down,0.99997769210647,0.411742885699457
VBP1,0.379124934478753,0.359403849364599,0.350849759625644,4.99872967090972e-14,2.12676013912631e-13,Early_Burst_Up,0.997880641040178,0.379124934478753
RPS21,-0.650191405438215,-0.680704244055122,-0.628553085215649,3.76456072434432e-34,1.03394964844863e-32,Early_Loss_Down,0.99786125850959,0.680704244055122
LRRC40,0.444640426697213,0.406441357640697,0.440310659827434,1.22124949611919e-13,5.05382312615809e-13,Early_Burst_Up,0.996866675223283,0.444640426697213
SSR1,-1.26935630483361,-1.27120024369092,-1.2037990393382,9.72718183620036e-35,2.85033828312885e-33,Early_Loss_Down,0.998740763096334,1.27120024369092
STK3,0.40679983465233,0.403314591549811,0.398776063677637,3.66180378105471e-30,6.5867479663104e-29,Early_Burst_Up,0.999867106039311,0.40679983465233
RPL26L1,-0.419643697234047,-0.509901191651486,-0.43962225660854,6.01504559707075e-19,3.83874305665819e-18,Early_Loss_Down,0.985916607761909,0.509901191651486
ACSS2,-0.0471999499059268,-0.126028190274765,-0.113659334611198,0.0302525056404631,0.0430950619547987,Mid_Plateau_Down,0.986160333397488,0.126028190274765
ZFYVE16,0.117987938494786,0.115831163840253,0.146980600097143,2.3152175522294e-08,6.21925128135993e-08,Early_Burst_Up,0.975862793497936,0.146980600097143
SEPTIN5,0.245764852057712,0.23826946826496,0.206988655722234,2.7963865888596e-06,6.27264937802955e-06,Early_Burst_Up,0.989535398258008,0.245764852057712
CCDC6,0.106708325657351,0.13176048147962,0.130146427523288,0.000410156614227271,0.000740096128273927,Early_Burst_Up,0.983077314611518,0.13176048147962
PMPCA,-0.204161399354284,-0.260388035196089,-0.259316131310216,7.3592804808323e-13,2.87125795412501e-12,Early_Loss_Down,0.977126784505506,0.260388035196089
CFD,0.532774957861455,0.577254088907809,0.533981361423023,5.05611521139675e-17,2.71815185977027e-16,Early_Burst_Up,0.997161443908598,0.577254088907809
CLMN,-0.30917438736664,-0.328584466292806,-0.255401963282613,5.5260116166704e-07,1.31392767639803e-06,Early_Loss_Down,0.979055910804082,0.328584466292806
MUC1,0.723964105610026,0.90274611116861,0.838398354272596,1.01734503114147e-16,5.36523786385256e-16,Early_Burst_Up,0.984190515730067,0.90274611116861
RPL23A,-0.61239838967508,-0.632384155583962,-0.549524552400544,8.57293526202662e-24,8.18164762047999e-23,Early_Loss_Down,0.993103145857383,0.632384155583962
NOP2,-0.184669792457698,-0.155955523014064,-0.0663978020451791,0.00157791471400568,0.00266573411489144,Early_Trough,0.983335773831362,0.184669792457698
ZC3H15,-0.459428759133074,-0.442750122055559,-0.431116961500378,8.59216802479681e-20,5.83706304509053e-19,Early_Loss_Down,0.998635771490871,0.459428759133074
ACADM,-0.869069674433475,-0.930225590260559,-0.877623830528012,1.53806085222535e-40,9.55204657628311e-39,Early_Loss_Down,0.998168521208455,0.930225590260559
VPS33A,0.133277413278093,0.1312737911695,0.159302355203522,3.01271001262022e-09,8.73885420879243e-09,Early_Burst_Up,0.984058832892552,0.159302355203522
CD44,0.157325312967116,0.157250420351234,0.198394246345574,0.00276247134037167,0.00452812418644339,Early_Burst_Up,0.975263155504417,0.198394246345574
PHLDB2,0.152840846156572,0.121229948832623,0.14149866308717,7.65833991183218e-05,0.000148977804455978,Early_Burst_Up,0.982642875342036,0.152840846156572
SCPEP1,0.592983861850604,0.615739141992813,0.661016619368016,5.08250425414559e-30,9.01846490469075e-29,Early_Burst_Up,0.995908282619553,0.661016619368016
CTSA,0.335818097740304,0.392835659605184,0.421089670079502,8.24174867505656e-20,5.62195348146071e-19,Early_Burst_Up,0.983300293510114,0.421089670079502
RAB11FIP5,0.34210830003863,0.360551061323443,0.287639519227199,1.38003115066923e-17,7.80735502098528e-17,Early_Burst_Up,0.98286499468559,0.360551061323443
SRSF3,-0.168363577048906,-0.178998475689387,-0.136436572885108,7.77197432021093e-07,1.82243928692013e-06,Early_Loss_Down,0.975755673309478,0.178998475689387
MOV10,-0.0849816705732182,-0.122313391936352,-0.0908171829314416,0.00729655624402866,0.011361870436417,Mid_Trough,0.954380958238593,0.122313391936352
MPST,-0.332162203850591,-0.3934933082735,-0.370386871486195,5.44822398867018e-18,3.17493304713016e-17,Early_Loss_Down,0.990551833958653,0.3934933082735
TRIM47,0.266067812026026,0.30015412243697,0.309649797813158,3.19337560381422e-16,1.6204434009111e-15,Early_Burst_Up,0.991883947194176,0.309649797813158
ZW10,-0.241354153332088,-0.231354712751663,-0.198664564004537,1.0004396335876e-11,3.55147741461762e-11,Early_Loss_Down,0.986986891468678,0.241354153332088
WDR37,-0.228806194799913,-0.269873532484857,-0.229293292992282,4.8847422629019e-10,1.52364411963529e-09,Early_Loss_Down,0.987651907211583,0.269873532484857
NCLN,-0.180714862256348,-0.194978509439269,-0.170330193733458,0.00679021590791547,0.0106118641851028,Early_Loss_Down,0.993892679072219,0.194978509439269
SFXN1,0.241779469615357,0.222648298864885,0.181242491212788,6.96947248268616e-07,1.63980633307646e-06,Early_Burst_Up,0.97352752963576,0.241779469615357
EPS8L1,0.742225509476997,0.878226343854408,0.782960374388668,7.48945616506854e-37,2.91248851428506e-35,Early_Burst_Up,0.99003019328521,0.878226343854408
ALDH5A1,-0.592511527674222,-0.698181879872574,-0.621232496325727,9.36573409942491e-29,1.42750254900026e-27,Early_Loss_Down,0.990341444952367,0.698181879872574
PHIP,-0.0342962631257649,-0.0726575033798067,0.013073486120515,0.00333798753791245,0.00542553365048972,Mid_Trough,0.772525124925648,0.0726575033798067
FECH,-0.277682899771066,-0.277241838880979,-0.22698596802922,2.14451354818014e-12,8.03179196577639e-12,Early_Loss_Down,0.983735152465026,0.277682899771066
COPS5,0.195296714172821,0.154128114792767,0.20341786816758,3.69933802237055e-06,8.19209447103985e-06,Early_Burst_Up,0.973658420550375,0.20341786816758
PLPBP,-0.617846841276562,-0.608883395198782,-0.59966185456503,2.77878373168218e-29,4.49029868253575e-28,Early_Loss_Down,0.999702700179127,0.617846841276562
PAPOLA,-0.0848018052181974,-0.0892679545979093,-0.0416747113870341,0.00286849784010212,0.00469544434015143,Early_Trough,0.93105960498766,0.0892679545979093
EIF4A2,-0.337800441890725,-0.354237969061826,-0.328248346625757,7.35602057765886e-14,3.07931605871615e-13,Early_Loss_Down,0.998013790750658,0.354237969061826
STT3B,-0.502806642010471,-0.498833361498488,-0.465260771321585,1.3199820938606e-10,4.30611171505603e-10,Early_Loss_Down,0.997635884105241,0.502806642010471
ABR,0.44474284063157,0.482590963812092,0.475990454998809,1.36612476596218e-38,6.42310186572725e-37,Early_Burst_Up,0.997518598006716,0.482590963812092
GMPPB,-0.244478709670494,-0.262144989096874,-0.220473948382276,1.76598315589825e-08,4.79338285172383e-08,Early_Loss_Down,0.990215684306703,0.262144989096874
VPS36,-0.0837989843470046,-0.0909257684173705,-0.0729640055500748,0.0127724733339629,0.0192141220327619,Early_Loss_Down,0.984373573072006,0.0909257684173705
MROH1,-0.164392592591185,-0.116054866472803,-0.132187533867249,0.00130053270688629,0.00222193249573141,Early_Loss_Down,0.959866785993465,0.164392592591185
NAPG,0.253024887988268,0.197814018694252,0.17470084288229,1.9061808979111e-06,4.32594421391223e-06,Early_Burst_Up,0.953752392636534,0.253024887988268
PNPO,-0.361533180866506,-0.350785782461392,-0.344607242829429,5.23319369555645e-25,5.55492830796184e-24,Early_Loss_Down,0.999212870075155,0.361533180866506
EML3,0.287840780489458,0.250145472499535,0.310496179146722,2.43335143099702e-14,1.05690765181405e-13,Early_Burst_Up,0.984859239799185,0.310496179146722
SRSF7,0.16731457986683,0.153852754388861,0.144829451152721,0.000821180136108897,0.0014335769021813,Early_Burst_Up,0.992998821055362,0.16731457986683
RASA1,0.490795799647743,0.508552397776187,0.458967748532105,1.04714780383392e-23,9.93656103022334e-23,Early_Burst_Up,0.996457540698827,0.508552397776187
LTBP3,0.770381452986369,0.783495201659914,0.742950849743967,4.61569115438098e-48,1.01083636280944e-45,Early_Burst_Up,0.999027751470763,0.783495201659914
OAS2,1.10753084339857,1.18358281010272,1.14920661284658,7.32841480590395e-40,4.12074783883329e-38,Early_Burst_Up,0.998532698650209,1.18358281010272
GLUL,0.353744597478941,0.360760208984585,0.330347494376227,2.99161445805039e-12,1.108962829394e-11,Early_Burst_Up,0.997224107139831,0.360760208984585
TPPP3,-0.0195083449988182,-0.136844992399769,-0.262332443144041,0.00372656522329889,0.00601016972641345,Monotonic_Down,0.962918805842958,0.262332443144041
POGZ,0.0534735883242189,0.039929518155818,0.0696628779503095,0.0303456778771932,0.0432203887205206,Early_Burst_Up,0.912866245584112,0.0696628779503095
SERPINF2,0.548089709265024,0.491830109055085,0.519727453086541,1.18308109817659e-09,3.56485664980955e-09,Early_Burst_Up,0.996119053159306,0.548089709265024
LRG1,0.49075736729828,0.488757891502074,0.473928403514663,5.49021768042649e-08,1.43362383233477e-07,Early_Burst_Up,0.999520226201184,0.49075736729828
NCOR1,-0.0865650650734623,-0.0968344984358412,-0.0582639462598303,0.00856674194933741,0.013234161221902,Early_Loss_Down,0.926889521171226,0.0968344984358412
CGNL1,-0.315153090892393,-0.303595400151841,-0.26998237808038,6.6748123962634e-07,1.57493021723005e-06,Early_Loss_Down,0.991737795755525,0.315153090892393
ABCF3,-0.112863361840739,-0.128170295079671,-0.0941169568546387,0.00111444225754562,0.00192016324374631,Early_Loss_Down,0.970300773612521,0.128170295079671
JCHAIN,0.778295622529759,0.778109781117557,0.761983377967761,6.66712998410459e-09,1.87382153757914e-08,Early_Burst_Up,0.999804265137377,0.778295622529759
HPCAL1,0.168409313308047,0.206998949755689,0.187652923879582,0.000234638576168267,0.000435085167306666,Early_Burst_Up,0.986199676534402,0.206998949755689
WASL,0.146760536508607,0.142749796626794,0.0599165553865145,0.0058685294373583,0.00922514204338794,Early_Peak,0.95566647592926,0.146760536508607
IMPA1,-0.170277026762459,-0.162489715691175,-0.188387741866948,1.2000339975313e-05,2.53791179859098e-05,Early_Loss_Down,0.99228936876284,0.188387741866948
KPNA1,0.0825660620228576,0.0821411339109602,0.099865775192291,0.0180024384220523,0.0264366141782811,Early_Burst_Up,0.982915617049771,0.099865775192291
ATP5PF,-0.0860416573242922,-0.143850008633531,-0.14789179938419,0.0204199956285531,0.0297818443078898,Mid_Plateau_Down,0.954354205196537,0.14789179938419
NDUFV3,-0.435735678509836,-0.41280806018009,-0.380265557260755,1.51100239961893e-19,1.0059649575703e-18,Early_Loss_Down,0.993882153111897,0.435735678509836
PPIP5K2,-0.175075339542197,-0.178121890454115,-0.14613073109761,3.6786342921792e-11,1.25157786506604e-10,Early_Loss_Down,0.985325111303118,0.178121890454115
VPS8,0.0614461058365989,0.0550897928904545,0.0861219201553404,0.0157635076312396,0.0233797737492739,Early_Burst_Up,0.929668433450372,0.0861219201553404
UBE4A,0.126449013896687,0.0933932522377418,0.101952090046803,0.00188767048823693,0.00316016773347571,Early_Burst_Up,0.967542236764142,0.126449013896687
PARN,-0.217174688711957,-0.230371142216856,-0.199120548211075,1.80203661772739e-10,5.81261578787883e-10,Early_Loss_Down,0.993011406119233,0.230371142216856
CDC40,-0.243916626349302,-0.248777070711774,-0.181906864820103,9.43325908568664e-19,5.92033047594904e-18,Early_Loss_Down,0.965245176992617,0.248777070711774
SFXN3,0.514788781260927,0.532251746893135,0.434332673534915,1.78559609798192e-25,1.99192100903559e-24,Early_Burst_Up,0.985409685286823,0.532251746893135
SEC61A1,-0.964751367439542,-0.992487649052421,-0.911356631108456,2.09262634198456e-25,2.32507829345734e-24,Early_Loss_Down,0.997529482336428,0.992487649052421
RPL13A,-0.563750621675592,-0.59297228647749,-0.494079043562424,1.21460395233851e-23,1.14472639766263e-22,Early_Loss_Down,0.988823543103124,0.59297228647749
ATP2B4,0.256130951330484,0.233302857811866,0.187004966053339,3.36045047725108e-06,7.467468323547e-06,Early_Burst_Up,0.96897327911893,0.256130951330484
NEK7,0.225978687549445,0.254596604780816,0.244933780469792,5.78529820930678e-18,3.36209858225217e-17,Early_Burst_Up,0.995202904081027,0.254596604780816
SPARCL1,0.256429943926103,0.289160563512932,0.299839793985256,4.33026399972402e-07,1.03911352380921e-06,Early_Burst_Up,0.991519412942889,0.299839793985256
RELA,0.302184713298434,0.313226813644445,0.313778938219777,3.26026622300545e-25,3.54202813418425e-24,Early_Burst_Up,0.999405995553366,0.313778938219777
PEAK1,0.310951638376998,0.312229712073515,0.310856175452907,7.89628085518539e-22,6.47417234254708e-21,Early_Burst_Up,0.999991909582797,0.312229712073515
PSMF1,-0.118319152695797,-0.132886055721743,-0.0963099551294264,0.000187576407722995,0.00035181673767653,Early_Loss_Down,0.967920829728509,0.132886055721743
IGFBP2,-0.911698839444286,-0.89159005136873,-0.930388497495266,1.83727642713163e-24,1.83992953388561e-23,Early_Loss_Down,0.999395974314892,0.930388497495266
SCYL2,0.133166716553651,0.156315324218294,0.184906721184568,7.02823165076405e-11,2.34706837069255e-10,Early_Burst_Up,0.965998049778779,0.184906721184568
PTK2B,0.25907332833745,0.282572098964481,0.277622866383134,1.20837277010069e-08,3.32212692196167e-08,Early_Burst_Up,0.997267581734835,0.282572098964481
CPNE1,0.552262908158693,0.610545559425855,0.575738798848156,7.58591635436398e-15,3.43097803809875e-14,Early_Burst_Up,0.996603378689601,0.610545559425855
CAB39,0.107948667455646,0.15056159448435,0.132808524041074,3.75117627979776e-07,9.04586757475427e-07,Early_Burst_Up,0.9659201923021,0.15056159448435
FAM91A1,0.203974690205479,0.186007409671551,0.213325219427595,4.8022629457842e-06,1.05086595411034e-05,Early_Burst_Up,0.993705091484444,0.213325219427595
PON1,0.30598949288558,0.232221044433858,0.217009929953773,0.0226670759306088,0.0328461441571524,Early_Burst_Up,0.955500740768015,0.30598949288558
UCHL1,0.543316740872708,0.4334271429125,0.416535075824285,6.08559137803206e-08,1.58263410774946e-07,Early_Burst_Up,0.971931989089789,0.543316740872708
FEN1,0.139458135747435,0.132607144699703,0.168794196443191,0.0171629898514076,0.0253021083336429,Early_Burst_Up,0.977938054825593,0.168794196443191
SIPA1L1,0.0954782277577194,0.0784003918008358,0.0685927612958227,0.0255235854451551,0.036748664026744,Early_Burst_Up,0.964232010839561,0.0954782277577194
MCTS1,-0.234358966902244,-0.208383546459491,-0.191799102210629,1.60494843465912e-09,4.77866936430525e-09,Early_Loss_Down,0.986560931874675,0.234358966902244
CTSS,0.42506211946118,0.490083332916788,0.482914782488758,6.08686735646753e-13,2.39389934501525e-12,Early_Burst_Up,0.992286845901576,0.490083332916788
SUN1,0.392576052401768,0.417999875182908,0.315413714807731,2.78513027935694e-16,1.41847332832365e-15,Early_Burst_Up,0.974034401121196,0.417999875182908
IGF2BP2,0.589987833361677,0.694516995340119,0.624609549129305,5.84413496512203e-22,4.86348911797456e-21,Early_Burst_Up,0.990793530841606,0.694516995340119
GPS1,0.157930149594552,0.110989713326804,0.155980208184307,6.93935649792876e-05,0.000135976747764924,Early_Burst_Up,0.956183434108018,0.157930149594552
UBA5,-0.513582540403851,-0.525337165270675,-0.469600031135042,1.07365728764509e-21,8.7340918355645e-21,Early_Loss_Down,0.995478914327697,0.525337165270675
MICU1,0.512163668989146,0.526724388004347,0.439036979409729,2.81350145808002e-24,2.76760746266453e-23,Early_Burst_Up,0.988085402150471,0.526724388004347
PIK3AP1,-0.212914370758385,-0.221930436021379,-0.195722967376437,0.00397271366080643,0.00637626289011207,Early_Loss_Down,0.994692340864412,0.221930436021379
NAE1,-0.165323477031616,-0.185809051097984,-0.15634551437461,6.89279633183637e-10,2.11980233087739e-09,Early_Loss_Down,0.989539786397934,0.185809051097984
PSMB7,-0.581494617887048,-0.585500315824827,-0.575815181574095,1.62328220745856e-32,3.73175539515751e-31,Early_Loss_Down,0.999906443603033,0.585500315824827
PCNP,0.311974575230913,0.321034493689561,0.307391008411949,2.38841391327244e-08,6.40553676643674e-08,Early_Burst_Up,0.999346521939458,0.321034493689561
WASF2,-0.107254908209729,-0.113476280102425,-0.141071505829669,0.000845269266159246,0.00147223332628239,Early_Loss_Down,0.971562530882579,0.141071505829669
VPS26B,0.248831651964184,0.215626983898199,0.211921125157088,1.10200791013259e-12,4.22622572724583e-12,Early_Burst_Up,0.98933704130637,0.248831651964184
NUP88,-0.138819345043204,-0.137215459882056,-0.107723740952791,8.72549830040093e-08,2.23495219624305e-07,Early_Loss_Down,0.975920423390961,0.138819345043204
U2AF1,0.37914959938826,0.350982610904106,0.380131434936658,1.27628376449863e-07,3.23423675035251e-07,Early_Burst_Up,0.997343282099371,0.380131434936658
KPNA4,0.232404139591192,0.258461719419492,0.265342691836599,6.80243834412026e-13,2.66283550166995e-12,Early_Burst_Up,0.993724726723701,0.265342691836599
CLPX,-0.684320863881731,-0.681553891423719,-0.625645265308766,1.80116240856902e-36,6.60320421326494e-35,Early_Loss_Down,0.996700215183335,0.684320863881731
ITPR1,0.112312955597036,0.0732743186837075,0.147599804440348,0.00986612895135612,0.0150902270048127,Early_Burst_Up,0.877454130609126,0.147599804440348
SNRPD2,0.196113699064344,0.199628136757437,0.208871853936974,1.19788261825255e-07,3.04018882253666e-07,Early_Burst_Up,0.998577449139398,0.208871853936974
ANKHD1,-0.122506066711788,-0.14841044139,-0.11144797391226,1.05681581940902e-08,2.92283856733862e-08,Early_Loss_Down,0.971706010635842,0.14841044139
SDF2L1,-0.81204964787449,-0.836900836004524,-0.767923423773576,1.86080519842049e-39,9.61839805046914e-38,Early_Loss_Down,0.997502203224672,0.836900836004524
CDK5RAP3,-0.180504412333578,-0.172630308534676,-0.147584193017815,0.00335689370702604,0.00545413303980295,Early_Loss_Down,0.986149463335024,0.180504412333578
COPS6,-0.106200699551547,-0.12276149946909,-0.0702441586555212,0.0035563062243335,0.00575453634044397,Mid_Trough,0.920027543560961,0.12276149946909
ANXA8L1,0.940494143555184,0.963296018222129,0.858385220059451,4.21204529581514e-11,1.42722479445332e-10,Early_Burst_Up,0.995245396052317,0.963296018222129
NUP188,0.0798518503008558,0.0700758292095712,0.0934322344389422,0.0115522278791523,0.0175082207995458,Early_Burst_Up,0.973236277943177,0.0934322344389422
SPINK1,-0.857138057917087,-0.995639133327921,-0.878625205272052,5.52688020177559e-08,1.44274457462912e-07,Early_Loss_Down,0.991181309852737,0.995639133327921
NCBP1,-0.0816115111628336,-0.102507321390084,-0.0588586142644,0.0126860068627964,0.0190944020821472,Mid_Trough,0.945821726659608,0.102507321390084
ELMO2,0.516336196644854,0.507637649113158,0.494626623262101,7.75826443126357e-30,1.33673450511336e-28,Early_Burst_Up,0.999379406176713,0.516336196644854
RABL6,-0.214950760548884,-0.230488806962077,-0.251294162961402,2.86961810641737e-15,1.34313621381358e-14,Early_Loss_Down,0.991880036457119,0.251294162961402
C1QBP,-0.375849593151631,-0.403957459162022,-0.395950588313903,3.42810145138836e-14,1.47663873076884e-13,Early_Loss_Down,0.998184633233581,0.403957459162022
ACADS,-0.637853508866498,-0.641102866954926,-0.684954606224697,4.2085992679146e-20,2.96561923010883e-19,Early_Loss_Down,0.997853905589464,0.684954606224697
POLDIP3,0.112554086452748,0.106296518702816,0.144964151757121,0.00194600362950123,0.00325112044621625,Early_Burst_Up,0.963092546650438,0.144964151757121
S100A6,1.20982571728393,1.30730726679484,1.14294990001903,1.32478859798512e-42,1.18547211961636e-40,Early_Burst_Up,0.993936204099205,1.30730726679484
COL11A1,1.33123324260786,1.37451630859353,1.23894453810007,1.3164732494139e-41,9.36383793301067e-40,Early_Burst_Up,0.996322544416047,1.37451630859353
TPP1,0.548040946524753,0.532346240312007,0.56979429861395,2.58018098785815e-16,1.31893526910046e-15,Early_Burst_Up,0.99844519655451,0.56979429861395
LIMS2,0.459836397376573,0.461971263839225,0.385209866634849,5.97286346055774e-10,1.84918786156107e-09,Early_Burst_Up,0.986840493477946,0.461971263839225
PCNT,-0.160304628790422,-0.185949603499435,-0.146546254119834,2.14775781026044e-10,6.87712216121098e-10,Early_Loss_Down,0.980805482961192,0.185949603499435
TIMM44,-0.122380344801044,-0.146183559624036,-0.146188788291536,0.00143871572458874,0.00244346780816888,Early_Loss_Down,0.987076935118846,0.146188788291536
PBXIP1,0.184066572890231,0.216683858521378,0.170223079616569,0.000110533129330129,0.000211509933843489,Early_Burst_Up,0.979690960512517,0.216683858521378
CASP1,0.187757048109971,0.173541024925248,0.196883205981532,0.00871190563167271,0.0134409489556508,Early_Burst_Up,0.994712774104046,0.196883205981532
RBM12B,0.155206349177596,0.125120382552434,0.183115197620758,2.14919952579837e-09,6.31778115637374e-09,Early_Burst_Up,0.956072205079832,0.183115197620758
GNAS,-0.107377013087516,-0.160497490490106,-0.102780044731232,0.00176163936738844,0.00295870087091959,Mid_Trough,0.976510483861468,0.160497490490106
DHTKD1,-0.744642147389448,-0.838625078871526,-0.758542073084275,6.05375376984902e-38,2.65154415119387e-36,Early_Loss_Down,0.994416519782457,0.838625078871526
CEMIP2,0.41051482363756,0.408464978840671,0.372156795316841,6.09102520772111e-18,3.5299102909927e-17,Early_Burst_Up,0.996084839029968,0.41051482363756
HECTD3,-0.102607526845104,-0.107739313390607,-0.0781436796490079,0.0332242584085006,0.0469985175039167,Early_Loss_Down,0.965777226481955,0.107739313390607
ARHGEF17,0.33361718556086,0.319789867829903,0.32253728773006,3.76920256090063e-19,2.44484050754599e-18,Early_Burst_Up,0.99932557907594,0.33361718556086
RAB6A,-0.268598878280346,-0.264065545088977,-0.233994396503124,3.99961328244283e-08,1.05565435256864e-07,Early_Loss_Down,0.992855728467435,0.268598878280346
DOCK6,0.406290484580021,0.428128051060842,0.409310066373421,1.80528187115678e-38,8.30030703412528e-37,Early_Burst_Up,0.998915549005635,0.428128051060842
RPL28,-0.132502058441804,-0.19975625795684,-0.160335576331645,0.017822666259773,0.0261818585373046,Early_Loss_Down,0.947899036859202,0.19975625795684
CD55,1.2862078880913,1.30705216566287,1.20167006459738,8.80423597356004e-44,9.15860647149584e-42,Early_Burst_Up,0.997414978245854,1.30705216566287
SHMT1,-0.422737412584832,-0.483575705291312,-0.440254258990834,2.44020522225487e-17,1.34130699204789e-16,Early_Loss_Down,0.99357152028706,0.483575705291312
VPS39,0.112452742444835,0.129360639308015,0.145767880006383,1.44820946987621e-07,3.64659582702263e-07,Early_Burst_Up,0.978543623934805,0.145767880006383
CHORDC1,0.264437081909555,0.283631896127449,0.312171690596463,2.23068995203526e-11,7.68369279008171e-11,Early_Burst_Up,0.990773897195048,0.312171690596463
JAK1,0.140824770367314,0.120316660898486,0.149712566777168,4.21539652711125e-05,8.46333652560188e-05,Early_Burst_Up,0.984223913643372,0.149712566777168
FKBP7,0.710502362876059,0.724471492581608,0.670382828475167,3.83279434744996e-34,1.04922745261443e-32,Early_Burst_Up,0.99787245202765,0.724471492581608
SMU1,0.102885880161052,0.0788982416197928,0.0866334678303297,0.0120653201666029,0.0182294107528085,Early_Burst_Up,0.975931514570188,0.102885880161052
ICAM1,0.657878566190828,0.661506468995299,0.715724494810023,1.05789450614463e-27,1.44561544829813e-26,Early_Burst_Up,0.996972085232728,0.715724494810023
DCTN4,-0.147576915136883,-0.168856745177395,-0.168025023449288,1.44185202282298e-05,3.0308392356486e-05,Early_Loss_Down,0.992653989216785,0.168856745177395
KIF2A,0.177396584714088,0.133698626012339,0.190448777361066,2.33900338342426e-06,5.27226060586585e-06,Early_Burst_Up,0.960346817491856,0.190448777361066
STAG2,0.252487991103207,0.225272054723262,0.252526054826713,3.98546991053806e-10,1.25253325511698e-09,Early_Burst_Up,0.994482751755084,0.252526054826713
UFSP2,-0.410353704578927,-0.466971102938491,-0.4201568931944,1.21986906612364e-23,1.14838805071052e-22,Early_Loss_Down,0.993537106782111,0.466971102938491
FYB1,0.424183704712975,0.402554282171396,0.481080971931718,2.46684614359843e-09,7.21838734424265e-09,Early_Burst_Up,0.988653031821585,0.481080971931718
MDC1,-0.19576258812622,-0.2073367903262,-0.139681693941469,9.44496239723689e-08,2.41477656128434e-07,Early_Loss_Down,0.950586726932039,0.2073367903262
KYAT3,-0.576175751708594,-0.59537326313441,-0.549176038101068,2.31488436936162e-24,2.29886249663812e-23,Early_Loss_Down,0.997824192111582,0.59537326313441
HEATR5B,-0.197266673654867,-0.195898424157479,-0.178612417372493,1.02368237595384e-14,4.58261685459272e-14,Early_Loss_Down,0.996055273603355,0.197266673654867
PKN1,0.288427254410617,0.300691995035989,0.318697309965438,8.30622442587952e-19,5.25261395685178e-18,Early_Burst_Up,0.996641580566064,0.318697309965438
ABHD10,-0.149732931652803,-0.224730665071482,-0.192320874702567,0.00297984276536973,0.00486621889588047,Early_Loss_Down,0.951002360483697,0.224730665071482
IGF2BP3,1.05508049329157,1.248106171432,1.09485125111298,2.72006442778547e-25,2.97065304042398e-24,Early_Burst_Up,0.989375941478081,1.248106171432
ALG2,-0.643773007608506,-0.646656535753774,-0.623260678654918,3.70551428926101e-31,7.39503355281298e-30,Early_Loss_Down,0.999467176323138,0.646656535753774
GUSB,0.58638823753747,0.679909111293823,0.629768103479193,5.86219292753946e-13,2.31099808351413e-12,Early_Burst_Up,0.992768031798121,0.679909111293823
TIMP1,0.698951576431559,0.728859825277073,0.662396883822919,1.13156337320159e-19,7.61882717781844e-19,Early_Burst_Up,0.99697051005598,0.728859825277073
MRPS22,-0.406033052881068,-0.441756261201459,-0.403644708173619,2.22947913923888e-18,1.34936184703607e-17,Early_Loss_Down,0.996526243196275,0.441756261201459
APBB1IP,0.353151853287676,0.382132683435012,0.421368132410236,7.19521299086275e-11,2.40186773004251e-10,Early_Burst_Up,0.989649373962245,0.421368132410236
MAP7D1,0.399926912763616,0.419395812724035,0.395188479182468,1.84935963244319e-23,1.71767531932949e-22,Early_Burst_Up,0.998663753304833,0.419395812724035
RAB11FIP1,0.242832900725355,0.305662809116403,0.244655502784453,4.35735019897175e-13,1.73170335987788e-12,Early_Burst_Up,0.976464345218767,0.305662809116403
LNPEP,0.115861862082923,0.0991175572315163,0.101337786713743,0.0298654193291877,0.0425728022708976,Early_Burst_Up,0.990225806227689,0.115861862082923
BCAR1,0.402471021569898,0.476833781013812,0.408648415105881,3.83938367679535e-35,1.18778256350524e-33,Early_Burst_Up,0.987904409010839,0.476833781013812
ADAM9,0.880591295018214,0.948031833516531,0.897393485809382,8.77625873627209e-39,4.22173556088187e-37,Early_Burst_Up,0.998015714149371,0.948031833516531
CMTR1,-0.00834533174274353,-0.0271319489634494,0.0595337135223562,0.0117560416400842,0.0177976675511699,Late_Burst_Up,0.952971794669778,0.0595337135223562
USP10,-0.171205548447535,-0.168652353328913,-0.120407198362534,3.02319638051028e-07,7.35644452590834e-07,Early_Loss_Down,0.956600016135594,0.171205548447535
WDR5,-0.0662887809253644,-0.0984239304817627,-0.0725959992947943,0.00567291822839159,0.00894129270770357,Mid_Trough,0.958440675892621,0.0984239304817627
CDH11,0.881241147172442,0.899918698231497,0.854538048964773,5.9064551560651e-45,7.12369852301069e-43,Early_Burst_Up,0.999102590461036,0.899918698231497
AQR,-0.161268528031083,-0.165388986144218,-0.125864476261675,2.82904736507055e-07,6.90420298302555e-07,Early_Loss_Down,0.973432123156201,0.165388986144218
NDRG2,-0.23826883889055,-0.275469091723895,-0.331522897074734,2.53562704600493e-09,7.4040309743344e-09,Early_Loss_Down,0.964923014958361,0.331522897074734
PTGIS,0.367110970503427,0.341518951897652,0.400932899286888,7.8695352943398e-08,2.02568118526124e-07,Early_Burst_Up,0.991453902064247,0.400932899286888
NMI,0.542735506890116,0.598367537372628,0.604552258905633,1.331553077633e-29,2.23862317415391e-28,Early_Burst_Up,0.995466674346544,0.604552258905633
LIMD1,-0.251949319116836,-0.248096116253493,-0.187977953237092,2.19393895604321e-14,9.55914135716836e-14,Early_Loss_Down,0.968891654018556,0.251949319116836
HDAC2,0.207820783416694,0.181685908142321,0.208456888835429,1.61418486484327e-08,4.39713467928828e-08,Early_Burst_Up,0.992259289762165,0.208456888835429
ATP5PB,-0.692079189819166,-0.7351319850594,-0.718195131384722,9.26171817457545e-26,1.06458589293946e-24,Early_Loss_Down,0.998775840607709,0.7351319850594
PHKB,-0.263818993083649,-0.279640224563316,-0.224178862876391,7.2437399066508e-16,3.56068538116645e-15,Early_Loss_Down,0.983780614505613,0.279640224563316
CTTNBP2NL,0.374746802431473,0.409848941583876,0.397689551183246,2.87565353842372e-26,3.43345606122844e-25,Early_Burst_Up,0.997283419734745,0.409848941583876
DDI2,-0.116534583932843,-0.140071919214355,-0.0743026523013697,0.00180587974320472,0.00302933505804268,Mid_Trough,0.929848984105884,0.140071919214355
BTF3,-0.29503380634965,-0.272430255214749,-0.300027126830283,2.20270164570586e-10,7.04762902559178e-10,Early_Loss_Down,0.996569572108465,0.300027126830283
FRYL,0.220983952610134,0.218190168364234,0.27903328985131,1.06793289415345e-15,5.1700625626207e-15,Early_Burst_Up,0.973631767600054,0.27903328985131
NRP1,0.395893073475769,0.394335643820752,0.408783477682932,5.22436762605595e-20,3.62914752788294e-19,Early_Burst_Up,0.999475482425453,0.408783477682932
LYN,0.323269318268509,0.366087695883669,0.339208816401491,1.19047456437145e-09,3.58434490763358e-09,Early_Burst_Up,0.994729868739624,0.366087695883669
REG1B,-0.654695305029601,-0.793159369383971,-0.754881031981963,0.000218953259773402,0.000407635129269408,Early_Loss_Down,0.987590829283156,0.793159369383971
GLRX3,0.291121971873092,0.296826862964633,0.271183268457144,4.95188960951299e-07,1.18309909387527e-06,Early_Burst_Up,0.997065723118123,0.296826862964633
SLC3A2,0.23710573002302,0.228874123603155,0.230404159215731,0.000815952568568181,0.00142474974310206,Early_Burst_Up,0.999526015151409,0.23710573002302
ECHDC1,-0.280069893419117,-0.25472985522531,-0.253240549317353,3.38121753649472e-05,6.83470787921036e-05,Early_Loss_Down,0.995635399542565,0.280069893419117
RGN,-1.50897330824368,-1.53438672876701,-1.44128434487778,6.94624960391453e-40,3.95936227423128e-38,Early_Loss_Down,0.998621029109261,1.53438672876701
CLPB,-0.143015757738156,-0.178445881408032,-0.169887535594235,6.01600003191251e-08,1.56600413717785e-07,Early_Loss_Down,0.983433175656671,0.178445881408032
PSMD8,0.266728695192404,0.239412524946479,0.261442406624993,2.54414334714478e-09,7.42629285687086e-09,Early_Burst_Up,0.99575204677788,0.266728695192404
FRAS1,-0.755185481576194,-0.807440894844978,-0.644313198271967,2.02223868197043e-16,1.04011559402706e-15,Early_Loss_Down,0.983330202781015,0.807440894844978
TRIM21,0.297267396222237,0.339876596621193,0.317722521378987,6.87092527217772e-19,4.3782419689941e-18,Early_Burst_Up,0.99407620000979,0.339876596621193
ITGA3,0.539917541117258,0.571071870099441,0.577345567157725,1.55939250072837e-16,8.08552298508503e-16,Early_Burst_Up,0.998312766157626,0.577345567157725
FGD4,-0.346025135369923,-0.325990273357757,-0.275548207687516,6.31422353066018e-16,3.13152373195197e-15,Early_Loss_Down,0.982827141903331,0.346025135369923
GPX2,0.866113195112591,0.848606678477124,0.653926138707096,1.93900348906752e-13,7.87524989556852e-13,Early_Burst_Up,0.971588774651102,0.866113195112591
PDE5A,-0.337838308448805,-0.370038839415739,-0.285247323073102,1.00821410179507e-12,3.87366470689686e-12,Early_Loss_Down,0.97842858773018,0.370038839415739
BOP1,-0.0999162972953961,-0.0953013198230705,-0.0673778566789311,0.0342028221383339,0.0482842893698414,Early_Loss_Down,0.9500653440615,0.0999162972953961
NAV1,0.359624570537947,0.33361832873825,0.339480231902701,6.34972621412415e-21,4.85238030798358e-20,Early_Burst_Up,0.997912857148567,0.359624570537947
INTS13,-0.0511638107431444,-0.0609589528623627,0.000813517204453613,0.0205701842783112,0.0299851241135236,Early_Trough,0.84603422948998,0.0609589528623627
KIAA1522,-0.22038798490062,-0.176863944905166,-0.2318336999912,6.36072120889301e-05,0.000125198490776745,Early_Loss_Down,0.975429948773669,0.2318336999912
ABCC3,0.195548903322872,0.182211216144899,0.172087506281406,0.0190016335149977,0.0278204775003185,Early_Burst_Up,0.994548825809593,0.195548903322872
SYAP1,-0.33174958633799,-0.3261887028853,-0.360930737427777,3.79937771435632e-13,1.51429220971615e-12,Early_Loss_Down,0.9959985535103,0.360930737427777
PPP2R5D,0.3038882181768,0.245444347758694,0.285053973942163,3.00035136300347e-12,1.11170632426157e-11,Early_Burst_Up,0.985005622459093,0.3038882181768
CLIC6,0.131792867548315,0.211467560559015,0.180543016297814,0.000533504915115579,0.000951731597768886,Early_Burst_Up,0.936118981900543,0.211467560559015
FHOD1,0.129902735429744,0.125631895484589,0.170327673012705,6.14182302902172e-05,0.000121119078785589,Early_Burst_Up,0.962024991301277,0.170327673012705
PDZK1,-1.48061523825055,-1.60706235529058,-1.49477568992225,6.50134491430217e-56,6.76302404710283e-53,Early_Loss_Down,0.99726844956401,1.60706235529058
IFIT1,0.549866042136553,0.612245660904326,0.620275525863291,4.91615213049563e-19,3.16168609196172e-18,Early_Burst_Up,0.99443554858593,0.620275525863291
GRK2,0.476179565854677,0.476875074922542,0.496119938459237,1.5568184480939e-28,2.32183568549058e-27,Early_Burst_Up,0.999268966372521,0.496119938459237
BMS1,-0.156700503817516,-0.176378892866865,-0.136635486451314,2.55861687317716e-06,5.75325847570395e-06,Early_Loss_Down,0.979189960331304,0.176378892866865
TNPO3,0.279181864590121,0.278662251858634,0.305925642811036,1.03374629592149e-15,5.01330808546541e-15,Early_Burst_Up,0.996112332831908,0.305925642811036
MON2,-0.160695996988183,-0.14713425232786,-0.102529798993907,7.11692716175665e-05,0.000139161343609349,Early_Loss_Down,0.939892063292018,0.160695996988183
NAXD,-0.136700719328467,-0.19613769703319,-0.198129874748985,0.00060804208304747,0.00107731024379839,Early_Loss_Down,0.951855129545533,0.198129874748985
GNL1,-0.13616546440972,-0.175007081203848,-0.124215841446207,3.70583193544225e-08,9.8029031680707e-08,Early_Loss_Down,0.958141233878419,0.175007081203848
F9,-0.0630716253440253,-0.172170792633859,-0.137706036694765,0.0328576334197937,0.0465352663920224,Mid_Plateau_Down,0.967259533362702,0.172170792633859
PEA15,0.410944304271094,0.352784504417645,0.330006450524006,5.23969299540213e-07,1.24763161967773e-06,Early_Burst_Up,0.982970047568947,0.410944304271094
WDR12,-0.132849247628905,-0.115895761698559,-0.0934916204384075,0.0106500572737565,0.0162206765432287,Early_Loss_Down,0.962313275642963,0.132849247628905
RPA2,0.351305308784242,0.300158911832042,0.341966310854978,3.44045534554678e-11,1.17390198383109e-10,Early_Burst_Up,0.991100054135158,0.351305308784242
PYCARD,0.407346991965438,0.460527918942778,0.450735712855741,7.585681137294e-20,5.19145052833558e-19,Early_Burst_Up,0.994516493605281,0.460527918942778
TNFAIP2,0.439665655187174,0.406767012335392,0.413038062633378,1.97950828365504e-18,1.20508178029095e-17,Early_Burst_Up,0.997699804550334,0.439665655187174
BZW2,0.210383703437791,0.202367725777837,0.199749027551841,0.00440920421135821,0.00703612606844162,Early_Burst_Up,0.999019402577412,0.210383703437791
SPATA5,-0.311522270841688,-0.322890254092448,-0.273160304188247,3.76326441461066e-21,2.93238637250842e-20,Early_Loss_Down,0.990252454376087,0.322890254092448
TPD52,-0.585789456437086,-0.682400521314844,-0.660473559738118,9.8138669050808e-24,9.35521195693957e-23,Early_Loss_Down,0.991825389602296,0.682400521314844
VPS33B,0.190267977542165,0.16579181301089,0.172838988580297,1.06396591725286e-11,3.76299377959131e-11,Early_Burst_Up,0.993258636925757,0.190267977542165
LSS,-0.192620044457869,-0.201846598623137,-0.203552840697994,3.88896138591224e-09,1.11561312146024e-08,Early_Loss_Down,0.998841218894493,0.203552840697994
PARD3,-0.110286835882484,-0.117332658913611,-0.0842795047946987,0.00457132414698955,0.00728087264138699,Early_Loss_Down,0.964586789232667,0.117332658913611
BROX,0.205539692189223,0.197119749511493,0.161945255495124,2.4267481196791e-06,5.46412279544629e-06,Early_Burst_Up,0.980457474834524,0.205539692189223
EIF2D,-0.552767091381057,-0.580433807042766,-0.550447418817754,2.39254854393952e-38,1.08210809688395e-36,Early_Loss_Down,0.998823803316767,0.580433807042766
NRCAM,-1.32757514108781,-1.44285583665614,-1.40720668031611,1.18254274623046e-38,5.59154587166473e-37,Early_Loss_Down,0.997613327818918,1.44285583665614
PDE12,-0.190948394984704,-0.236714539088715,-0.215327808313026,9.0818934159457e-17,4.81705015981517e-16,Early_Loss_Down,0.985118740273608,0.236714539088715
AKR1C2,-0.357958838360315,-0.460081107693995,-0.467511065744731,3.1158618319169e-08,8.2923575840142e-08,Early_Loss_Down,0.973850635327783,0.467511065744731
CSNK2A2,0.149164739766369,0.165790147027649,0.146542303318994,6.34726405945701e-06,1.37628794952583e-05,Early_Burst_Up,0.993916776424561,0.165790147027649
ALDH3A2,-0.649080754977383,-0.717216169795718,-0.638271335671136,1.7672231497563e-28,2.61687385271743e-27,Early_Loss_Down,0.994573726241379,0.717216169795718
ZNF622,-0.925837724649488,-0.911670169215859,-0.847204895955729,1.33670700534593e-39,7.08539853406933e-38,Early_Loss_Down,0.997088217680832,0.925837724649488
TBK1,0.353216583720072,0.35290429355725,0.360358492159572,2.3395515321004e-30,4.28849071588977e-29,Early_Burst_Up,0.999812481985118,0.360358492159572
STK4,0.5863095321484,0.555302417902885,0.592580029423101,7.6368243545667e-25,7.97410944525773e-24,Early_Burst_Up,0.998414126136638,0.592580029423101
KLC2,0.172634762049452,0.179057883670958,0.181291901026221,1.99782052567324e-08,5.40151475459802e-08,Early_Burst_Up,0.999147833913414,0.181291901026221
RABGEF1,-0.115950068243379,-0.121918662177173,-0.103335664255867,0.000195531926890389,0.000366160372543163,Early_Loss_Down,0.990849145509214,0.121918662177173
ERO1B,-1.76308010506949,-1.80033881025787,-1.68780129914928,2.73670617061989e-44,2.95777516258425e-42,Early_Loss_Down,0.998572810772586,1.80033881025787
NFATC2,-0.107477506246102,-0.112317298411284,-0.0997038683294863,0.0136673625224634,0.020461781537085,Early_Loss_Down,0.995273667307075,0.112317298411284
RCSD1,0.298501594926177,0.277573524872598,0.344200535165928,4.57392361099388e-06,1.00274479164097e-05,Early_Burst_Up,0.983945708688927,0.344200535165928
RPS27L,-0.323184480733857,-0.392954113063642,-0.373031595326953,3.27400082011107e-08,8.69653202201222e-08,Early_Loss_Down,0.987185602575133,0.392954113063642
RTCA,-0.196906878855321,-0.196810289111734,-0.171627009469495,3.54417613558614e-06,7.86523568009277e-06,Early_Loss_Down,0.992126375068506,0.196906878855321
HSD17B12,-0.335760424009632,-0.375856827981907,-0.355987269302499,1.76682165252427e-07,4.40224245278652e-07,Early_Loss_Down,0.995794896685818,0.375856827981907
GOLIM4,0.488616752802445,0.48048101623458,0.426158595303195,1.11823900904677e-20,8.32377909954134e-20,Early_Burst_Up,0.992967480131678,0.488616752802445
CPQ,-0.562085643221071,-0.606356479134976,-0.566547577409417,3.13634789526708e-22,2.67151352962258e-21,Early_Loss_Down,0.997640047991319,0.606356479134976
MAP2K1,0.0611806498732026,0.0864004302432946,0.112341533017296,0.00961462167745518,0.0147353373111937,Monotonic_Up,0.972399975438607,0.112341533017296
INSR,-0.554677296442146,-0.542901092870528,-0.507271442108235,1.02487049931472e-17,5.84176184609389e-17,Early_Loss_Down,0.997173431227545,0.554677296442146
ARPIN-AP3S2,0.316968232679971,0.301414547412581,0.295522301034277,5.72817249176863e-08,1.49201413071983e-07,Early_Burst_Up,0.998240898170619,0.316968232679971
ATP6V0D1,0.410013179384271,0.433146769970231,0.396718853724862,2.47005765396886e-26,2.95767191314084e-25,Early_Burst_Up,0.997357940336628,0.433146769970231
SCAF4,-0.11757791624543,-0.146239534247309,-0.112498946661986,1.02116894262014e-05,2.1734444860575e-05,Early_Loss_Down,0.973083141255134,0.146239534247309
GPD1L,-0.259100962909417,-0.320662705731031,-0.321789605739824,3.75388127030245e-07,9.04976823043365e-07,Early_Loss_Down,0.981526299611491,0.321789605739824
TANC1,0.27681728293726,0.268865552206963,0.232190738502152,1.17000667187483e-17,6.64627680774221e-17,Early_Burst_Up,0.988948550824781,0.27681728293726
MTCH2,-0.125547323110196,-0.162567502019813,-0.221714295931037,0.00121824601169724,0.00208906723868627,Monotonic_Down,0.966940790031588,0.221714295931037
SSH3,0.242772925512951,0.282188738814177,0.238152340117328,1.2030274570087e-09,3.62082983624824e-09,Early_Burst_Up,0.98814514786878,0.282188738814177
UBE2Z,0.210578690231591,0.205378217226377,0.243651257655958,3.50851129424886e-13,1.40172016278152e-12,Early_Burst_Up,0.988321947619978,0.243651257655958
APOL2,0.586075321404946,0.653870988059239,0.725492597493503,9.46008520147302e-34,2.44493257908877e-32,Early_Burst_Up,0.985234712924081,0.725492597493503
PDHX,-0.536699694945954,-0.541211625843426,-0.531350440753425,2.51311224836898e-34,7.06558112531307e-33,Early_Loss_Down,0.999887099718725,0.541211625843426
ADGRE5,0.412272596712759,0.430187551583532,0.416903144662235,1.13692529375239e-22,9.95946557327095e-22,Early_Burst_Up,0.999346335812667,0.430187551583532
RPL11,-0.16114836939441,-0.201286671285155,-0.175061008208508,0.000140866636453818,0.000267280471629885,Early_Loss_Down,0.983179607705587,0.201286671285155
THYN1,-0.0421939530210412,-0.0964223377270475,-0.0658407289377439,0.0349019067270503,0.0491544538470998,Mid_Trough,0.967915247602796,0.0964223377270475
ENSA,0.188033532152071,0.19054713521678,0.128083181583412,0.000974714008018564,0.0016867477593534,Early_Burst_Up,0.94622285064173,0.19054713521678
CHMP2B,0.215788468835469,0.251860358075003,0.202417128598655,2.40132644488386e-05,4.93671904009967e-05,Early_Burst_Up,0.98296347205659,0.251860358075003
MTHFD1L,-0.184379713547274,-0.161122546580932,-0.161609489417105,0.00365699698552766,0.00590827585198237,Early_Loss_Down,0.99185965368158,0.184379713547274
INTS3,-0.0619179163935009,-0.108920382520415,-0.0606894100996354,0.00132094747285731,0.00225495894751149,Mid_Trough,0.996012753468653,0.108920382520415
LCP2,0.46042903116727,0.492164922430881,0.545680591744191,1.92833836580987e-18,1.17565068719925e-17,Early_Burst_Up,0.990221246833631,0.545680591744191
DCXR,-0.110534304437895,-0.163575039203915,-0.140978754324097,0.0095190091873012,0.0146022478261236,Early_Loss_Down,0.954033354564149,0.163575039203915
SCAF11,-0.211632221128046,-0.182749319690126,-0.164445493274764,1.35832151948148e-08,3.71664214455829e-08,Early_Loss_Down,0.978936548901259,0.211632221128046
RAN,-0.212965728547778,-0.238919933714976,-0.169644052442438,5.31336787649127e-09,1.50759793618003e-08,Early_Loss_Down,0.963991664747809,0.238919933714976
CZIB,0.358040508361216,0.316007368772314,0.291068761208666,2.41136176393383e-09,7.07094876654592e-09,Early_Burst_Up,0.985559295134801,0.358040508361216
CELF1,0.260744739189323,0.233152788821652,0.261522518202465,9.10769702980056e-15,4.08814750172601e-14,Early_Burst_Up,0.994553759080332,0.261522518202465
TXNDC12,-0.150525932872513,-0.132909652250908,-0.144393409633051,0.0067625948903851,0.0105726685473952,Early_Loss_Down,0.994798041424346,0.150525932872513
MAPKAPK2,0.446788338033246,0.439267066038464,0.460537274302837,8.83329613415363e-39,4.22475232347279e-37,Early_Burst_Up,0.99923099882179,0.460537274302837
ARRB2,0.204313531753847,0.189612276040127,0.229955278294757,2.8854237830043e-07,7.03147781029628e-07,Early_Burst_Up,0.987390534387188,0.229955278294757
GNS,0.259321560353163,0.280909720064655,0.310737323965667,9.63300517015111e-10,2.92576164328458e-09,Early_Burst_Up,0.989134120983938,0.310737323965667
REG3A,-0.319727196878467,-0.588908490051905,-0.713884099244191,4.95975037033815e-06,1.08475801792258e-05,Monotonic_Down,0.983356039342446,0.713884099244191
RBM17,-0.133478051375459,-0.131531073364055,-0.0819731869183174,1.7318753000412e-05,3.60948315726092e-05,Early_Trough,0.92876731121206,0.133478051375459
SLC4A4,-1.31044939380931,-1.39551555921722,-1.28486739422132,2.99704959383853e-36,1.08441072695323e-34,Early_Loss_Down,0.997481258734289,1.39551555921722
HEBP2,0.197100512382811,0.16046816648272,0.133341771407304,0.00515340973742231,0.00815956541758533,Early_Burst_Up,0.95261403198859,0.197100512382811
PAIP1,0.233582857642086,0.200172288649836,0.227940881276416,2.2371272792521e-10,7.14678434469711e-10,Early_Burst_Up,0.991347014212583,0.233582857642086
ARF6,-0.245607284280993,-0.201671027136324,-0.228224966399077,5.63345353430364e-07,1.33840874215066e-06,Early_Loss_Down,0.987367628777482,0.245607284280993
FIP1L1,0.0991686206533669,0.110729141942166,0.124773262528938,0.0039326112904069,0.00631677111730674,Early_Burst_Up,0.982837188009388,0.124773262528938
OSBPL3,0.761041485422584,0.80718457405624,0.717541563206369,1.82839251732644e-61,5.07196084306356e-58,Early_Burst_Up,0.995416241292892,0.80718457405624
RAB21,0.122845942258773,0.117959009028267,0.120963745528055,0.00291150602385934,0.00476209770647749,Early_Burst_Up,0.999443402513266,0.122845942258773
SEPHS1,-0.209327589686731,-0.218917223686043,-0.173142562294543,3.97202392202463e-10,1.2487791114125e-09,Early_Loss_Down,0.981207116793521,0.218917223686043
SERPINA7,0.354690624466084,0.294169353977476,0.318300042261226,6.68800941010482e-05,0.000131267958280406,Early_Burst_Up,0.988300511615009,0.354690624466084
RFC1,-0.474915263342309,-0.536902647582558,-0.446377524350555,4.86698648943825e-33,1.1740017844958e-31,Early_Loss_Down,0.988126788118498,0.536902647582558
CHID1,-0.632063033729783,-0.696613379681668,-0.645000501678357,1.1650894254182e-20,8.64930793785035e-20,Early_Loss_Down,0.996426286164394,0.696613379681668
HS1BP3,0.277564019151356,0.266794568787702,0.23146917057019,8.4335170448769e-12,3.01865500419207e-11,Early_Burst_Up,0.988605947173786,0.277564019151356
NDUFA9,-0.274753600372718,-0.280533290889069,-0.274438553478567,1.08579459728659e-06,2.51208858454796e-06,Early_Loss_Down,0.999794818095422,0.280533290889069
MAP4K4,0.406185879458081,0.402129194189884,0.41798398593253,3.23503358464426e-29,5.16736074691163e-28,Early_Burst_Up,0.999459111994366,0.41798398593253
SNRPA1,-0.128115899977657,-0.112729322356931,-0.0839658808388026,0.00108933937251695,0.00187885642654633,Early_Loss_Down,0.947347752350608,0.128115899977657
RFTN1,0.530861205062611,0.560009399284941,0.555632825226928,1.16524340371672e-23,1.09945074894904e-22,Early_Burst_Up,0.99890815798608,0.560009399284941
CYBB,0.707532058268798,0.735142335124946,0.808348489666189,1.14610253601099e-16,6.00999704138847e-16,Early_Burst_Up,0.993633419362416,0.808348489666189
ISLR,0.889768663303998,0.981893614699921,0.859844583719097,8.66789839823041e-30,1.48119610821506e-28,Early_Burst_Up,0.993554874199746,0.981893614699921
SAMD9L,0.507160285027951,0.552830274703827,0.558913483440461,2.29829638931114e-25,2.53666081589487e-24,Early_Burst_Up,0.996356204474053,0.558913483440461
SMC4,0.312731891256027,0.300065939653536,0.317332706647136,2.72802199092639e-06,6.12761685137399e-06,Early_Burst_Up,0.998892810583349,0.317332706647136
SPR,-0.252076682248728,-0.262258273945507,-0.327611203651143,3.79661475404954e-08,1.00366670848794e-07,Early_Loss_Down,0.972718581277309,0.327611203651143
VPS45,0.193710251129767,0.167645546165391,0.175392682409144,3.07945101206746e-10,9.76646010763164e-10,Early_Burst_Up,0.992620339438519,0.193710251129767
RPS24,-0.456707000643404,-0.460243776307809,-0.367068573185443,3.60926063652799e-13,1.44058834614801e-12,Early_Loss_Down,0.98030386679794,0.460243776307809
ATP2A3,-0.365419059061874,-0.394413856304658,-0.298198584242461,1.91047238295978e-09,5.64192731404944e-09,Early_Loss_Down,0.974865898890892,0.394413856304658
RNASEL,0.338683827428463,0.383905491214743,0.359734525995834,2.49966792050681e-22,2.14899136719604e-21,Early_Burst_Up,0.994795395732138,0.383905491214743
YAP1,0.0936697160339493,0.118175576907006,0.0904643161496997,0.00589769741500456,0.00926749204827567,Early_Burst_Up,0.971128302896585,0.118175576907006
AIF1,0.601779522148075,0.639285296244734,0.664668611459747,5.85527145187329e-22,4.86788901323572e-21,Early_Burst_Up,0.996708867836056,0.664668611459747
ATXN10,0.190902875800632,0.145774912610171,0.20620176882339,0.000548947401121031,0.000977603310962812,Early_Burst_Up,0.962083434557423,0.20620176882339
IKBIP,0.665502346849859,0.715183644088199,0.710015133468823,7.77095192179598e-38,3.36822197360344e-36,Early_Burst_Up,0.997958089504264,0.715183644088199
ZC3H13,-0.138553035000257,-0.158767789537665,-0.134256495011386,3.12845541303236e-07,7.59924283340785e-07,Early_Loss_Down,0.989142114598562,0.158767789537665
FMR1,0.286321762488402,0.29814160948947,0.300836464382177,2.64969566144588e-18,1.58752824294835e-17,Early_Burst_Up,0.999088596908414,0.300836464382177
ISYNA1,-0.130678737596645,-0.204733387977407,-0.211472772377364,6.91921393842721e-05,0.00013561398585867,Mid_Plateau_Down,0.941687635953157,0.211472772377364
PSMD9,-0.229205917385036,-0.202818682042435,-0.178895391292034,1.10124401076231e-13,4.56857061693117e-13,Early_Loss_Down,0.980239671007676,0.229205917385036
PLCB2,0.373743784376791,0.401024975444023,0.439298345314995,6.87827871273911e-18,3.96406062655228e-17,Early_Burst_Up,0.991286598615906,0.439298345314995
BCAM,-0.347026112382254,-0.404252392762653,-0.358260641921672,1.77046101078395e-10,5.71963374679505e-10,Early_Loss_Down,0.991156947410726,0.404252392762653
RALGAPA2,-0.252474175541352,-0.242457204236309,-0.239990410312598,1.1237210362795e-08,3.0986104916892e-08,Early_Loss_Down,0.999030243031565,0.252474175541352
ATP2C1,0.434907939417214,0.445209292357669,0.419295282629548,3.75079687275512e-20,2.65426288903641e-19,Early_Burst_Up,0.998792330133656,0.445209292357669
ZRANB2,-0.382539310593366,-0.366604546741259,-0.324286059204024,2.3526738694546e-17,1.29576121387168e-16,Early_Loss_Down,0.990692303645553,0.382539310593366
RHOG,0.269887705452833,0.251425749664949,0.244527948231028,1.95865993147709e-10,6.29828746126444e-10,Early_Burst_Up,0.996500914200908,0.269887705452833
RPL14,-0.316447079232927,-0.387289118994348,-0.279557431717545,6.47779734808128e-09,1.82615953694893e-08,Early_Loss_Down,0.964751492999318,0.387289118994348
NDUFB9,-0.463869487671537,-0.424953828395634,-0.426363818070252,3.43324874666982e-28,4.97761255571188e-27,Early_Loss_Down,0.996637189667427,0.463869487671537
SRP9,0.362028267787098,0.360089321068818,0.355681790355485,1.99551911072346e-09,5.88473070143184e-09,Early_Burst_Up,0.999890753435998,0.362028267787098
FAF2,-0.205051805625544,-0.225200864978703,-0.191398882941866,8.12849379338755e-10,2.48057665377966e-09,Early_Loss_Down,0.991140198893101,0.225200864978703
SEC62,-0.427201824574917,-0.470250200415414,-0.460271475653524,2.62478642395555e-09,7.64827472694611e-09,Early_Loss_Down,0.996711188152898,0.470250200415414
HLA-DRB1,0.449212965715907,0.372566160581759,0.36720954579656,3.83610889618812e-09,1.10273223606485e-08,Early_Burst_Up,0.982599693614812,0.449212965715907
TBCB,0.671111121891079,0.64340591566742,0.655268746988334,2.70921556943458e-25,2.96659104853086e-24,Early_Burst_Up,0.999402973582296,0.671111121891079
SP100,0.406181129866721,0.458624517020934,0.409439830099125,1.04876485296922e-24,1.07485481606033e-23,Early_Burst_Up,0.993679866440127,0.458624517020934
CLSTN1,0.717112537875712,0.835955463900486,0.70252273889646,3.62608261613397e-29,5.74785895837464e-28,Early_Burst_Up,0.987599789975281,0.835955463900486
STMN1,0.611878642650895,0.583971951215121,0.614538793391916,4.11946244158076e-22,3.46634645488727e-21,Early_Burst_Up,0.998951955584652,0.614538793391916
SLIT2,0.176287511831541,0.125343064976288,0.160244643635361,0.01217343608782,0.0183860862291902,Early_Burst_Up,0.963889686404113,0.176287511831541
RBM28,-0.130965376569931,-0.122503549926845,-0.102801321996662,0.00798079579671962,0.0123795307773161,Early_Loss_Down,0.980822789569437,0.130965376569931
CLEC11A,1.02986976452868,1.02453195684284,0.888386875925359,4.36600835385043e-29,6.85545689070628e-28,Early_Burst_Up,0.991207102076689,1.02986976452868
PTER,-0.641190883079597,-0.712034682650769,-0.622605385826479,5.82008182390337e-34,1.54743517375476e-32,Early_Loss_Down,0.993224117874424,0.712034682650769
SRPX2,0.826205570357988,0.921876449540171,0.751380556876261,1.01533703049531e-31,2.12837147803073e-30,Early_Burst_Up,0.986259859311571,0.921876449540171
VTA1,0.326426289120251,0.303965053808487,0.333132157332854,1.09759499171342e-09,3.31910811084269e-09,Early_Burst_Up,0.996997144120283,0.333132157332854
TRIM56,-0.163600827063583,-0.133652124111063,-0.123177958020705,1.92340800654773e-08,5.2070922025017e-08,Early_Loss_Down,0.971397758745625,0.163600827063583
IRF2BPL,0.142429058107852,0.0860863240453258,0.138228009698835,0.000305337743664693,0.00055920349973098,Early_Burst_Up,0.922221963661744,0.142429058107852
SQSTM1,0.161562798545633,0.128089151409792,0.155590054967622,0.00010023555641981,0.000192513339608969,Early_Burst_Up,0.981246704473101,0.161562798545633
OCIAD1,-0.181417853302975,-0.179943479445061,-0.172343426373005,6.79225714761558e-05,0.000133188416546788,Early_Loss_Down,0.999002481600901,0.181417853302975
MAPK3,0.134652830980478,0.11225965728527,0.0899754278366092,0.0066724230259037,0.010435614437431,Early_Burst_Up,0.951076899997063,0.134652830980478
ADPRS,0.373472509858775,0.360646193137114,0.352831272685278,1.73913978197342e-11,6.04810750755653e-11,Early_Burst_Up,0.998898698858219,0.373472509858775
ANKRD28,-0.235221983407136,-0.270928825349386,-0.212905530751105,3.09957953391602e-18,1.84379563125441e-17,Early_Loss_Down,0.980692716716774,0.270928825349386
HTATIP2,0.424808952674096,0.417091011565333,0.404103381435377,6.11264599854478e-09,1.72731544991136e-08,Early_Burst_Up,0.999154753344621,0.424808952674096
P3H3,0.788885160392587,0.79860948553229,0.738639118736218,4.1146844667106e-35,1.25430051765442e-33,Early_Burst_Up,0.997710423286463,0.79860948553229
NDUFAB1,-0.777323813267972,-0.789174343957862,-0.757952052478938,7.86415759422011e-31,1.50104402520871e-29,Early_Loss_Down,0.999448720974967,0.789174343957862
CPOX,0.428822816613745,0.474009366738152,0.424010833209573,1.02485345977367e-25,1.17315412547957e-24,Early_Burst_Up,0.994854192962811,0.474009366738152
SMARCC1,-0.0794178953153669,-0.118207578518217,-0.0809112225432442,0.005552739970145,0.00876848235892727,Mid_Trough,0.969619258060346,0.118207578518217
CMBL,-0.255844071790352,-0.312619224330415,-0.336653286212571,0.000714714917897031,0.00125455759264693,Early_Loss_Down,0.975694264008009,0.336653286212571
ARHGAP25,0.487952003282028,0.481969416874298,0.54795786265505,3.20681014820263e-13,1.28364954561531e-12,Early_Burst_Up,0.993134619598014,0.54795786265505
MESD,-0.359372750135162,-0.350709277365032,-0.307814812533126,1.40047587363405e-14,6.18617846092494e-14,Early_Loss_Down,0.991287573738793,0.359372750135162
SPEN,-0.10240498256361,-0.0883166308107979,-0.0492390556578157,0.000892069978983273,0.00154953169799599,Early_Trough,0.974346727997355,0.10240498256361
H1-10,0.330370176451359,0.290216606590902,0.436180379594875,1.67589185584606e-08,4.55776863540879e-08,Early_Burst_Up,0.94398961683247,0.436180379594875
FAM83H,0.125055878367976,0.165545273032301,0.120568129539633,0.00727636121919725,0.0113333105121017,Early_Burst_Up,0.959090595937562,0.165545273032301
HOOK1,-0.368817950332261,-0.410430189717942,-0.37744220612166,4.87631911801853e-12,1.77215042383687e-11,Early_Loss_Down,0.995701552985797,0.410430189717942
VAPB,-0.186057230290276,-0.199060849794288,-0.164952205698641,0.00015510435705106,0.000293425428365293,Early_Loss_Down,0.988451370524693,0.199060849794288
KYNU,0.862127972868056,0.934748467351294,0.964932034005852,1.74935164576317e-32,3.99947922968162e-31,Early_Burst_Up,0.995635875499899,0.964932034005852
THOC1,0.2046882467334,0.164607123712235,0.183857160702825,6.14530096389699e-08,1.59666545805653e-07,Early_Burst_Up,0.984603728854711,0.2046882467334
CHD2,0.070257358712251,0.0869739056397129,0.107795405168573,0.000329698728228866,0.000601832159754469,Early_Burst_Up,0.944553238379973,0.107795405168573
MDN1,-0.294991736449226,-0.305249852784095,-0.224685345381552,5.82524775115667e-16,2.90285699312131e-15,Early_Loss_Down,0.967720393574404,0.305249852784095
MTMR6,0.147862638300251,0.135638733730242,0.143882401685879,4.66452203703274e-08,1.22454739407528e-07,Early_Burst_Up,0.99745605434224,0.147862638300251
CTH,-1.254304779914,-1.30446897166361,-1.17759809595483,8.57640749703114e-42,6.37257707056189e-40,Early_Loss_Down,0.996508947179538,1.30446897166361
YTHDF2,-0.0865295661739758,-0.0871777420617072,-0.103700999745984,0.0090612097919498,0.0139385190182267,Early_Loss_Down,0.985549851935261,0.103700999745984
ARF1,-0.383083025835974,-0.338198383109193,-0.32574391587449,1.72013164950761e-14,7.54609150616886e-14,Early_Loss_Down,0.990189680485516,0.383083025835974
TATDN1,-0.430596214931319,-0.455305197731989,-0.415032201697197,1.7328720934092e-18,1.06114507441879e-17,Early_Loss_Down,0.997088344958523,0.455305197731989
UQCRB,-0.380556823938588,-0.383938842765855,-0.416711391431021,9.16934617838035e-10,2.79002921010901e-09,Early_Loss_Down,0.996587863743443,0.416711391431021
MST1,0.523324284703992,0.414733401414546,0.456231118933642,3.20149513861816e-13,1.28213871720791e-12,Early_Burst_Up,0.981965746568066,0.523324284703992
ECI1,-0.178484369525606,-0.236811790148698,-0.22086853550398,0.000342104445499356,0.000623247196901411,Early_Loss_Down,0.9740959815438,0.236811790148698
DTYMK,0.238905337093189,0.201473001458353,0.209429129227751,1.48962137315849e-07,3.7440740161356e-07,Early_Burst_Up,0.98912802621948,0.238905337093189
CPSF3,0.185189748658647,0.149665042765712,0.183859490656116,2.49192976067222e-06,5.60936961544881e-06,Early_Burst_Up,0.982391134205731,0.185189748658647
IGFBP3,1.00722571827596,1.14189343236053,0.996986308536576,9.00659485192165e-30,1.53591972044451e-28,Early_Burst_Up,0.992164513825839,1.14189343236053
PRKRA,-0.0521584468073974,-0.0802093481219469,-0.090640170240118,0.022756555469383,0.0329534141841672,Monotonic_Down,0.95467005565296,0.090640170240118
PGLYRP2,0.351179338305693,0.327081599487793,0.281713743895889,2.11949899936429e-06,4.79306268280153e-06,Early_Burst_Up,0.98418364281327,0.351179338305693
RPS15A,-0.514844155987652,-0.549738262178721,-0.503201512879926,1.91243647092983e-20,1.3899822105745e-19,Early_Loss_Down,0.997149020188975,0.549738262178721
AFTPH,-0.288216458168102,-0.29760360314222,-0.262758378341982,2.92877063199501e-21,2.30153250230996e-20,Early_Loss_Down,0.994626428709725,0.29760360314222
CACNA2D1,0.408628973893666,0.379458967381548,0.395105646712604,2.62712682388962e-12,9.77770546887718e-12,Early_Burst_Up,0.998178365962079,0.408628973893666
LTN1,-0.221278485187691,-0.214630311916787,-0.187724188301111,1.807209507598e-09,5.34836327248597e-09,Early_Loss_Down,0.990400043128871,0.221278485187691
CDC42,-0.28161379003861,-0.226703515167374,-0.272611841552154,2.25627678207804e-07,5.55853622867184e-07,Early_Loss_Down,0.983359134203801,0.28161379003861
ABI1,0.174263493143122,0.170659346922968,0.150579429486454,0.000732833420237065,0.00128365390932706,Early_Burst_Up,0.992134210270113,0.174263493143122
GCA,0.321822431671543,0.37028915567281,0.34908230851977,7.0437734810753e-07,1.65681975436712e-06,Early_Burst_Up,0.993529079230024,0.37028915567281
GBP4,0.422490780198671,0.446736019130247,0.502728109793055,4.36981032200016e-14,1.87161922283507e-13,Early_Burst_Up,0.989375193499006,0.502728109793055
YY1,-0.1303877332382,-0.131247639724557,-0.101045312624369,0.000403024875538596,0.0007281747751264,Early_Loss_Down,0.974072585125163,0.131247639724557
FAHD2A,-0.490301253149432,-0.568381940009981,-0.558032408223891,2.69534172736348e-34,7.50188423248122e-33,Early_Loss_Down,0.991843678809007,0.568381940009981
CFTR,-1.18086504372215,-1.22351567434394,-1.12398211223378,7.53707570520421e-28,1.05240845668976e-26,Early_Loss_Down,0.997605023036967,1.22351567434394
SULT1B1,0.456907889172695,0.465244421648539,0.297783041551702,0.00117573342769842,0.00202074630014585,Early_Burst_Up,0.935104297000276,0.465244421648539
WDR81,-0.113772036147247,-0.136902214642002,-0.0759537101731722,3.21815674907857e-05,6.51935259635635e-05,Mid_Trough,0.932200891975717,0.136902214642002
RNF114,0.164394199295939,0.146553113581045,0.131706803048794,0.00113515215215713,0.00195422759831437,Early_Burst_Up,0.983988312017063,0.164394199295939
CRYAB,-0.364388957049488,-0.451190781051957,-0.463716148270106,2.61872557227305e-08,7.00065345726191e-08,Early_Loss_Down,0.979210842870746,0.463716148270106
STAM2,-0.11872093513886,-0.0950968271596499,-0.113648367016339,0.00146349079223197,0.00248301128908348,Early_Loss_Down,0.983129026653946,0.11872093513886
CAPN5,0.458416691415123,0.473206370060228,0.342086540578409,1.18314516543787e-09,3.56485664980955e-09,Early_Burst_Up,0.963905439524139,0.473206370060228
SIPA1,0.222926267275647,0.229849021106766,0.250382632799747,2.77139082220685e-11,9.49897628599893e-11,Early_Burst_Up,0.995087693258719,0.250382632799747
SRBD1,-0.201991593654133,-0.232471556289863,-0.18024989812916,8.87800764140859e-12,3.17229624696446e-11,Early_Loss_Down,0.978838144970268,0.232471556289863
BMP2K,0.306911066046081,0.335912685562781,0.321152304401166,2.02214277118182e-19,1.33135064412778e-18,Early_Burst_Up,0.997295326014468,0.335912685562781
IRF2BP1,-0.281507290631881,-0.313160247015478,-0.275031895421087,5.34142990487984e-20,3.70119730794422e-19,Early_Loss_Down,0.993460566388054,0.313160247015478
ITIH5,-0.357620319114244,-0.434650016794714,-0.381014161466473,5.42918161338285e-11,1.82720219010189e-10,Early_Loss_Down,0.986675770341234,0.434650016794714
TAP1,0.483065917439381,0.479247835765096,0.52248450930862,3.0125564403704e-16,1.53055523179258e-15,Early_Burst_Up,0.996895787314775,0.52248450930862
CCDC186,-0.584282547159412,-0.556966607000755,-0.554603438929089,2.13170455399888e-32,4.78168336883523e-31,Early_Loss_Down,0.998866573647137,0.584282547159412
TBCA,0.161970751173823,0.169006548310907,0.16364108865691,0.000366426848459382,0.000665082711642088,Early_Burst_Up,0.999337821561321,0.169006548310907
STK38,0.415083224801164,0.426269266414734,0.437329568544186,5.9936569165455e-34,1.58850996367808e-32,Early_Burst_Up,0.999093167739991,0.437329568544186
DNAJC8,-0.208287262355261,-0.216927182690961,-0.193460189709527,2.39357274432694e-07,5.88458268191693e-07,Early_Loss_Down,0.995612729921012,0.216927182690961
EIF1,-0.150019684850576,-0.190282421200775,-0.161559562431479,0.000348516528254701,0.000634095878473026,Early_Loss_Down,0.980127214158284,0.190282421200775
RMDN1,0.0899392569255468,0.153313675782308,0.0555400946521202,0.00137012283842006,0.00233316191146547,Mid_Peak,0.975135121189159,0.153313675782308
RPL21,-0.340307025922082,-0.351795248835455,-0.289021230239087,1.11261655041483e-07,2.83069242817249e-07,Early_Loss_Down,0.986357945041793,0.351795248835455
TSG101,0.379390190893591,0.428016107950305,0.388473221771883,5.51071076595632e-24,5.3263803709975e-23,Early_Burst_Up,0.994437991526097,0.428016107950305
BICD2,0.456814043991388,0.475648943334186,0.450934549708262,3.59914560896339e-33,8.88786046225323e-32,Early_Burst_Up,0.998956459630089,0.475648943334186
EMD,0.317102176353103,0.329569157085957,0.294763925210945,1.8960659436326e-12,7.1430786703986e-12,Early_Burst_Up,0.995816033265672,0.329569157085957
NPC2,0.238539191580907,0.280643112997885,0.296045163674744,3.63349810276528e-06,8.0527220269541e-06,Early_Burst_Up,0.984373655231307,0.296045163674744
SNX18,0.177767775823539,0.161584238088211,0.132060172648786,4.54240238113772e-05,9.09135945546612e-05,Early_Burst_Up,0.972199868597798,0.177767775823539
SMAP2,-0.118359387492441,-0.126349505221847,-0.110609689590035,0.00964934318802897,0.0147776654418066,Early_Loss_Down,0.99416415483825,0.126349505221847
FKBP11,-1.7216968023341,-1.74876517019054,-1.56899041324894,3.51119709186418e-38,1.56257658815474e-36,Early_Loss_Down,0.995590005864055,1.74876517019054
RPTOR,-0.10703608539347,-0.117705258550027,-0.081219331144257,0.000171324808965043,0.000322644277032607,Early_Loss_Down,0.957726977746386,0.117705258550027
DUT,-0.0768157111554187,-0.112517010823814,-0.12142906017709,0.0350775147733965,0.0493850580179675,Early_Loss_Down,0.937193693143002,0.12142906017709
MFN2,-0.136537292156907,-0.162850885028157,-0.126251641715713,9.89780691101038e-06,2.11041632368507e-05,Early_Loss_Down,0.977204837515878,0.162850885028157
OTUD4,0.104274825444581,0.102153274180332,0.129381616687217,2.00642356389629e-05,4.15876884153048e-05,Early_Burst_Up,0.976450564157838,0.129381616687217
PTPRF,-0.224637216204409,-0.280232384087568,-0.241293190263509,3.16279412149711e-09,9.16142453153462e-09,Early_Loss_Down,0.982902489306482,0.280232384087568
CAPN7,-0.215265745316198,-0.251556306944128,-0.20836912428307,3.23190230863531e-19,2.10782844925259e-18,Early_Loss_Down,0.986125214001423,0.251556306944128
VPS51,-0.212102784510582,-0.236979189673365,-0.198019042674187,2.84727677797633e-16,1.44923775818465e-15,Early_Loss_Down,0.989030282504233,0.236979189673365
NDUFV2,-0.599547181243873,-0.579715840349003,-0.591384509868243,3.96606283266953e-33,9.73615778568608e-32,Early_Loss_Down,0.999619972721022,0.599547181243873
DAZAP1,0.227378088806195,0.236031274182655,0.232044090270019,3.79632209036716e-09,1.09242712434424e-08,Early_Burst_Up,0.999534923875004,0.236031274182655
PLAT,0.665568745656118,0.590010779463788,0.386402549677462,2.38474557689625e-07,5.86461367935301e-07,Early_Peak,0.953285364666083,0.665568745656118
GIMAP4,0.461043817339436,0.41735388972806,0.497967122128654,5.66747036062266e-12,2.04885700873596e-11,Early_Burst_Up,0.98984152703776,0.497967122128654
WDR26,0.131617435566834,0.0980583069267719,0.100447563044358,2.67341947681246e-06,6.00815470862363e-06,Early_Burst_Up,0.963497882997347,0.131617435566834
F11,0.493071565017604,0.44333017441869,0.433696369339765,1.03275346332782e-11,3.66038088663291e-11,Early_Burst_Up,0.993571441476015,0.493071565017604
TFAM,-0.341109042316732,-0.441049816167158,-0.396011078312924,3.53149972342167e-16,1.78657390263314e-15,Early_Loss_Down,0.979022060032178,0.441049816167158
MMP14,0.846875704924441,0.879650846209867,0.844341863463716,2.36004925005355e-50,8.5392738517155e-48,Early_Burst_Up,0.999296483398962,0.879650846209867
RAP1GAP2,-0.437568760217648,-0.472539941725192,-0.419322303298999,2.2420141784971e-20,1.61541489120804e-19,Early_Loss_Down,0.995071120421598,0.472539941725192
MAP2K4,-0.142323290762132,-0.15253562430158,-0.13840009566416,8.99789944070276e-08,2.30330726378125e-07,Early_Loss_Down,0.996613196006124,0.15253562430158
CPPED1,0.113224341400837,0.129638600327822,0.142019629526473,0.00796416800568876,0.0123560414137475,Early_Burst_Up,0.983514779444838,0.142019629526473
C4B,0.548544071084156,0.470640190042709,0.51164247188533,5.7766038457183e-11,1.93764196711277e-10,Early_Burst_Up,0.992312979107707,0.548544071084156
SEPTIN8,0.40222000728026,0.417556214470156,0.340887006659357,3.01980398857191e-18,1.80020120292947e-17,Early_Burst_Up,0.985653877855622,0.417556214470156
SERPINA4,0.708683361690915,0.66193471913644,0.648993420688219,8.98071466028611e-18,5.14366878203035e-17,Early_Burst_Up,0.997111826424357,0.708683361690915
CLC,0.130013590918787,0.0844680607097208,0.254987887252367,0.0332037407584476,0.0469774788493371,Monotonic_Up,0.872977433407051,0.254987887252367
ARHGEF10L,-0.564596938499113,-0.5602171020956,-0.540261791442007,3.99816082650806e-22,3.37451261645031e-21,Early_Loss_Down,0.999272495328124,0.564596938499113
CARHSP1,0.122436747799601,0.121337286232137,0.11877127394658,0.000706507508124191,0.00124067429470553,Early_Burst_Up,0.999677133323626,0.122436747799601
SPART,0.170879053743347,0.123854491099945,0.139962122224643,0.000325217880916284,0.000593783063840569,Early_Burst_Up,0.965592746520331,0.170879053743347
SNX3,0.222396975636237,0.194922386878369,0.209178201267624,6.83439010356081e-07,1.60984416761486e-06,Early_Burst_Up,0.994277174562157,0.222396975636237
CCDC9,-0.391928765465364,-0.388852416879696,-0.422968932099609,1.86100068656174e-22,1.6090010951237e-21,Early_Loss_Down,0.99706354217273,0.422968932099609
IGBP1,0.0924013102640876,0.13055101697334,0.129540281784683,0.000294439895857003,0.000540195946499555,Early_Burst_Up,0.957259922108628,0.13055101697334
CELA2B,-1.57927859598946,-1.60450546373964,-1.51968570088063,6.52913939851781e-36,2.25458498234295e-34,Early_Loss_Down,0.998972584805473,1.60450546373964
CWF19L1,-0.234704890498034,-0.248940760117559,-0.199096653194146,1.07053650048748e-10,3.51995446742663e-10,Early_Loss_Down,0.98345064191395,0.248940760117559
DDX50,0.148502568359623,0.115519587106996,0.154862760983343,1.70826670095512e-06,3.88845609555483e-06,Early_Burst_Up,0.970824072555333,0.154862760983343
TBC1D1,-0.412732955770613,-0.409351240417947,-0.380528567877856,1.21086176852333e-22,1.05626746725903e-21,Early_Loss_Down,0.997411270332915,0.412732955770613
POLR3A,-0.195210844538495,-0.226911831339468,-0.165193942908695,1.15208624566877e-12,4.41014799284981e-12,Early_Loss_Down,0.968424562308135,0.226911831339468
FMNL2,0.419794621964818,0.427843553478946,0.420486131714841,2.88206583793945e-29,4.63917831785921e-28,Early_Burst_Up,0.999851544507721,0.427843553478946
HGD,-0.718152468127157,-0.676367998098712,-0.627493341868148,5.92451297152663e-16,2.94702910633859e-15,Early_Loss_Down,0.994011121310132,0.718152468127157
GSK3B,0.286017981168807,0.271548213781944,0.281476801160288,7.03621336555314e-17,3.75836762696619e-16,Early_Burst_Up,0.999067848932393,0.286017981168807
NR3C1,-0.128386893804543,-0.184404762777298,-0.0973119697588913,7.2160618336316e-06,1.55655952772115e-05,Mid_Trough,0.974291517757799,0.184404762777298
CARM1,0.296842202065028,0.288173621360961,0.323684981841708,9.91664869702208e-19,6.21901661315883e-18,Early_Burst_Up,0.995055342602061,0.323684981841708
LEMD2,0.400651069708995,0.418588779423548,0.391866981629722,2.78093940366243e-17,1.52457033710664e-16,Early_Burst_Up,0.998485868166792,0.418588779423548
MAD1L1,0.185519516869473,0.169089438159957,0.181320211899027,4.51924548254966e-11,1.5282064569597e-10,Early_Burst_Up,0.996969659534113,0.185519516869473
PSMB10,0.400219175121163,0.380898306253579,0.416422958461823,2.21858368250834e-12,8.30546711913378e-12,Early_Burst_Up,0.997363707242102,0.416422958461823
MYEF2,-0.793859045722042,-0.818396238973426,-0.704820065519132,2.26168309654732e-30,4.1549065627962e-29,Early_Loss_Down,0.992111395046894,0.818396238973426
GNA11,-0.146097633452731,-0.180534216832443,-0.216905741831888,2.08706106005316e-05,4.318379448474e-05,Early_Loss_Down,0.952661304914176,0.216905741831888
CD5L,0.449042143760338,0.372519215509525,0.375123382862906,0.000122986485189001,0.000234262652722103,Early_Burst_Up,0.984547145120003,0.449042143760338
NFS1,-0.359258162868006,-0.36437332353101,-0.353004498195502,2.81362347077237e-19,1.840799883944e-18,Early_Loss_Down,0.999664536369683,0.36437332353101
HID1,-0.689111880045961,-0.667566273455367,-0.595159469336302,8.2603619601724e-16,4.04845301722937e-15,Early_Loss_Down,0.992456166639343,0.689111880045961
SRC,0.399536164231931,0.395067369408316,0.36981975842134,4.70995113802535e-15,2.16913189654936e-14,Early_Burst_Up,0.997735427703624,0.399536164231931
MAPK13,-0.409316045139841,-0.36575322537357,-0.351864273331464,2.49330749616833e-13,1.00335130479269e-12,Early_Loss_Down,0.991616203286652,0.409316045139841
ENOPH1,0.290522865109583,0.275286395600702,0.306459200246466,2.56478546206458e-07,6.2887874529468e-07,Early_Burst_Up,0.996189710965706,0.306459200246466
SNRPB,0.185221115736089,0.179969174460434,0.183911330709467,8.39670859011846e-07,1.96174645948809e-06,Early_Burst_Up,0.999702705447524,0.185221115736089
MPP1,-0.303672598399483,-0.354903257544304,-0.265171199048801,3.41522201932263e-09,9.85488129154053e-09,Early_Loss_Down,0.972665118576821,0.354903257544304
ASAP2,0.300240606745119,0.368917273313827,0.340888632794026,1.28732153122532e-23,1.21051861953188e-22,Early_Burst_Up,0.986262865766121,0.368917273313827
CSNK2B,-0.338242512421554,-0.300011643672178,-0.294720360775425,9.04441655072182e-18,5.17659109594959e-17,Early_Loss_Down,0.99231466588221,0.338242512421554
MRPS9,-0.488306710087479,-0.549632438210231,-0.489663244204412,5.60744481797673e-34,1.49567806971802e-32,Early_Loss_Down,0.993751980330261,0.549632438210231
PPP4R2,-0.208658076032772,-0.21467327076048,-0.173992424059372,5.80177023437233e-13,2.29043320163408e-12,Early_Loss_Down,0.984168489168021,0.21467327076048
TTC38,-0.249676394437116,-0.309343194427799,-0.271792900660379,5.23139581829628e-07,1.24636919552996e-06,Early_Loss_Down,0.984547384116495,0.309343194427799
GUK1,-0.0730850574941974,-0.117469046900899,-0.117613056508664,0.0122036000568994,0.018428299704866,Mid_Plateau_Down,0.942994469381908,0.117613056508664
RBM8A,0.155206741705068,0.182913512542103,0.217295735490128,1.99412772446362e-09,5.88271213150877e-09,Early_Burst_Up,0.964365168403894,0.217295735490128
FAHD1,-0.143732577481449,-0.196409833127365,-0.212989969894794,0.00083592252828984,0.0014571737076724,Early_Loss_Down,0.952345533558525,0.212989969894794
ATE1,-0.134084470067337,-0.155761540685007,-0.159611388888162,1.69217241414283e-08,4.60054192437002e-08,Early_Loss_Down,0.988936132016319,0.159611388888162
IPO4,-0.190638326088161,-0.226824292536667,-0.165762254033001,2.14267050667995e-07,5.29118811768267e-07,Early_Loss_Down,0.968311874604323,0.226824292536667
ATP6V0A1,0.137510279425797,0.145839555794906,0.12539768214228,0.0015947031051249,0.0026910383163936,Early_Burst_Up,0.992496337454324,0.145839555794906
CYP20A1,-0.355149254792166,-0.375890446415527,-0.365238380722336,4.56334935625158e-11,1.54186737079682e-10,Early_Loss_Down,0.998927604985159,0.375890446415527
DPEP1,-0.313971003795396,-0.326488285831133,-0.420040020947217,6.30480515161389e-05,0.000124156622034384,Early_Loss_Down,0.96596985605918,0.420040020947217
MAT1A,-0.660784010984314,-0.78799385885291,-0.738659655783885,1.70229803157157e-17,9.54617534955429e-17,Early_Loss_Down,0.989840772159387,0.78799385885291
SRPRB,-0.898876156893351,-0.901480876959465,-0.821962810894955,4.49134350091543e-20,3.15133546992497e-19,Early_Loss_Down,0.996457375759094,0.901480876959465
C8G,0.558585356473027,0.510801180422843,0.504318084135491,3.13810874974454e-12,1.15862205037152e-11,Early_Burst_Up,0.995770815954569,0.558585356473027
PRKAG1,0.170424655963969,0.173876620970196,0.191292653607658,3.8223827413153e-07,9.20957416711811e-07,Early_Burst_Up,0.994806786934583,0.191292653607658
TCIRG1,0.260941154393091,0.296221397449407,0.278491385740491,1.09342234480037e-09,3.3088948194286e-09,Early_Burst_Up,0.994695203568577,0.296221397449407
SCEL,1.31623043689566,1.52777273787458,1.36618475703179,1.07980076069574e-38,5.13491538886281e-37,Early_Burst_Up,0.99182452885005,1.52777273787458
CC2D1B,0.114973863790423,0.0777674349287094,0.0947971209473646,0.00497546761798294,0.00789133629061445,Early_Burst_Up,0.95315931285701,0.114973863790423
WAS,0.348201228111413,0.346411849278818,0.396249142213191,5.95715374216886e-12,2.14984533574715e-11,Early_Burst_Up,0.992036255081094,0.396249142213191
FOCAD,-0.421289625133217,-0.432696915471596,-0.409319253458882,1.7875113594479e-21,1.43035283974283e-20,Early_Loss_Down,0.998974060698961,0.432696915471596
NCEH1,0.871911759148425,0.88407293958144,0.869360063872188,1.6012440522672e-25,1.80318714519184e-24,Early_Burst_Up,0.999892399622159,0.88407293958144
HK3,0.848831560549109,0.842951696318449,0.8682227273197,1.79026264742642e-26,2.18774827487263e-25,Early_Burst_Up,0.999679960144663,0.8682227273197
TSR1,-0.149443884838153,-0.155346249406986,-0.112906719115564,2.36489072930448e-06,5.32772621799455e-06,Early_Loss_Down,0.965519987814063,0.155346249406986
COASY,-0.414721063771214,-0.444186611507666,-0.367353818464502,6.72117030541231e-21,5.11743634781713e-20,Early_Loss_Down,0.988220947604207,0.444186611507666
FDPS,0.184654290367648,0.154115497918222,0.15503249643771,0.000172405454948787,0.000324532503072564,Early_Burst_Up,0.985469725123729,0.184654290367648
SYTL2,0.590253035371199,0.619123378185408,0.521965941527316,1.01974623120282e-23,9.70835603689511e-23,Early_Burst_Up,0.990180926591883,0.619123378185408
FSTL1,0.948401616982934,0.990345931967372,0.925062925750797,8.84982801757136e-40,4.94283682967979e-38,Early_Burst_Up,0.998402673928158,0.990345931967372
ATOX1,0.361818824796353,0.312410557624457,0.328798609347208,7.70291867166252e-15,3.48200375804321e-14,Early_Burst_Up,0.992530197150158,0.361818824796353
VGF,-0.227866584405204,-0.275305573433566,-0.222775893286838,0.0354337711265772,0.0498613194648927,Early_Loss_Down,0.981420009618624,0.275305573433566
SMG1,0.0510254869599065,0.060144249755438,0.0897351174107672,0.00809615742438145,0.012546782511304,Monotonic_Up,0.962301130407068,0.0897351174107672
ZC2HC1A,0.342777882977335,0.37274271190117,0.335238843795667,2.87224274384554e-19,1.87767510717067e-18,Early_Burst_Up,0.995749958445734,0.37274271190117
ARAF,0.0917107451044955,0.0729117160267959,0.0975687208263018,0.0342695374539127,0.0483702663995016,Early_Burst_Up,0.972232980803338,0.0975687208263018
MFAP5,0.461236265759698,0.412532657158235,0.361349651608471,5.81359923310773e-07,1.3799421796327e-06,Early_Burst_Up,0.980934524829009,0.461236265759698
SUMF2,0.137808944696357,0.0951034564041957,0.0922522487252052,0.0191676978587265,0.0280438786182001,Early_Burst_Up,0.93339033800749,0.137808944696357
METTL3,-0.0827095857940978,-0.113778748110124,-0.0791958947210906,0.000228641566522933,0.000424911817017385,Mid_Trough,0.957645339703632,0.113778748110124
SHFL,0.183198454987984,0.205671892508664,0.213475382181166,1.27597572673273e-08,3.49873805531129e-08,Early_Burst_Up,0.991925976686918,0.213475382181166
PARP12,-0.123523014121915,-0.0637609788319052,-0.0176386099525038,0.0207424261426134,0.030209742799935,Early_Trough,0.974802780053121,0.123523014121915
NAA25,-0.134785856072659,-0.116140859244738,-0.0759309383749526,0.00434866257436204,0.00694217723841183,Early_Trough,0.960457726648713,0.134785856072659
RIC8A,0.202664747834908,0.210590886789225,0.21064781277171,2.28972602015396e-14,9.96605645382912e-14,Early_Burst_Up,0.999350385874811,0.21064781277171
PPM1F,0.203692318052616,0.221780686676606,0.194592135434386,2.9859690869204e-06,6.68529317765714e-06,Early_Burst_Up,0.994075042057149,0.221780686676606
NXN,0.103074558742475,0.12826758573307,0.0916607433643194,0.0150382461915689,0.0223958992137144,Early_Burst_Up,0.961936209038119,0.12826758573307
TNIK,0.219667819851848,0.220678835279267,0.180824026339635,1.35438096102431e-07,3.42276293885343e-07,Early_Burst_Up,0.984317462541403,0.220678835279267
RPL13,-0.340736193234171,-0.380625242425542,-0.322086621667684,1.88593745916144e-10,6.07382799347582e-10,Early_Loss_Down,0.990287026170552,0.380625242425542
CUX1,0.0942105222294851,0.104222261360612,0.0985263490872718,0.00351212536958909,0.00568857674692884,Early_Burst_Up,0.99658602299933,0.104222261360612
UTP14A,-0.347138240878467,-0.323031503180997,-0.293798318809242,1.07786151237885e-13,4.48050125175662e-13,Early_Loss_Down,0.990911677253688,0.347138240878467
AGT,0.436550076484086,0.388008615640458,0.294304483427283,1.02961124527013e-05,2.19085266763949e-05,Early_Burst_Up,0.953359886348884,0.436550076484086
MAP2,-0.402670387779521,-0.469894821199726,-0.422804129837559,2.65324384249771e-12,9.87049408013677e-12,Early_Loss_Down,0.991594540269888,0.469894821199726
CBR3,0.575999181045712,0.528971792011804,0.507449407017755,2.07377502955405e-13,8.38986669710688e-13,Early_Burst_Up,0.994375393480479,0.575999181045712
APOD,0.634358326206907,0.626088743002304,0.571634408930295,1.82203659547645e-12,6.87663879707709e-12,Early_Burst_Up,0.995873793112234,0.634358326206907
MTA1,0.23894435468416,0.199355137954211,0.244907270592302,3.11142035008635e-09,9.01889242543316e-09,Early_Burst_Up,0.984604269896952,0.244907270592302
GNMT,-1.51043812423,-1.52540548762181,-1.41678364016692,2.8433487322915e-29,4.58572638568409e-28,Early_Loss_Down,0.997908927052521,1.52540548762181
LRSAM1,0.135625056160876,0.108064457301192,0.116582178483486,0.000519367887422935,0.000927705421578379,Early_Burst_Up,0.982083279018582,0.135625056160876
IGFBP5,0.875681436593894,0.957387488361704,0.879333714546944,1.45865051607559e-23,1.36853321248941e-22,Early_Burst_Up,0.996543385922349,0.957387488361704
ARL3,0.38496095533029,0.321720255336366,0.299461702911127,3.27207888678937e-15,1.51869718326052e-14,Early_Burst_Up,0.977462948120846,0.38496095533029
SPINT1,0.609607680881462,0.68492038254268,0.61454258934924,6.94312956670083e-21,5.27677847069263e-20,Early_Burst_Up,0.994206727677227,0.68492038254268
CSTF3,0.140211578003861,0.131012393924374,0.167474625916989,3.16520925454424e-07,7.67731606421369e-07,Early_Burst_Up,0.978307299277727,0.167474625916989
JPT2,-0.155459675065743,-0.0833955091285074,-0.118102845087971,0.016848265502913,0.0248822121588716,Early_Loss_Down,0.896346196767601,0.155459675065743
SCRN2,-0.143896596779054,-0.195052193724248,-0.139552407639252,1.6269714016973e-07,4.06596276424172e-07,Early_Loss_Down,0.95352385957424,0.195052193724248
MEPCE,0.13675431591712,0.124119156882933,0.15825978651616,6.45595936407172e-06,1.39839911056233e-05,Early_Burst_Up,0.980248206566785,0.15825978651616
PABPN1,-0.278729369534159,-0.267387112266171,-0.273614538259708,7.4335544628536e-13,2.8988772371072e-12,Early_Loss_Down,0.999424304183655,0.278729369534159
NRBP1,0.163579314470906,0.128886709840913,0.161971226914092,0.00134002670188892,0.00228565325130551,Early_Burst_Up,0.978436253752301,0.163579314470906
NADK2,-0.68023144595036,-0.728073760716526,-0.713986102810293,1.01692172812581e-41,7.4892235588168e-40,Early_Loss_Down,0.998393476003136,0.728073760716526
IKBKB,0.351805659431891,0.304431285405897,0.316444896296768,1.45751808689635e-18,9.01818997706423e-18,Early_Burst_Up,0.992395002003493,0.351805659431891
ACOT7,0.474808844920689,0.473416979249003,0.439656241123203,2.43099835501715e-14,1.05643698749101e-13,Early_Burst_Up,0.997540605464524,0.474808844920689
PIK3C3,0.12987839002392,0.0985524017120308,0.133879043458341,4.84145789754938e-05,9.65970094063917e-05,Early_Burst_Up,0.967451754930672,0.133879043458341
PTBP3,0.36855791252048,0.339456511191882,0.346046089648228,1.63144278779122e-15,7.79070864096854e-15,Early_Burst_Up,0.997494521513517,0.36855791252048
ACTR10,-0.176493952301129,-0.2020706310277,-0.202018720641675,1.70930761693249e-09,5.07849267694117e-09,Early_Loss_Down,0.992341788288013,0.2020706310277
RNMT,0.229123271100819,0.228709143217077,0.236978551177373,6.08169705484135e-13,2.39299682696878e-12,Early_Burst_Up,0.999460791803567,0.236978551177373
UTP20,-0.191634519522103,-0.194094148492125,-0.149796169253325,3.64384563844612e-07,8.79468776193405e-07,Early_Loss_Down,0.975032863952328,0.194094148492125
ERH,0.596841729547295,0.595752169048234,0.596279034529968,8.38091488397478e-16,4.1051191091488e-15,Early_Burst_Up,0.999998886678076,0.596841729547295
S100A16,0.785236962430628,0.820441776048503,0.790392965336013,3.03794788957441e-46,4.38693033950087e-44,Early_Burst_Up,0.999245295571605,0.820441776048503
MT2A,-0.517063031058583,-0.517630872270309,-0.644352063750886,1.42252977901157e-06,3.26213635186946e-06,Early_Loss_Down,0.977870156771164,0.644352063750886
ELOA,-0.700495098298543,-0.68657574074164,-0.617142547485987,6.48159120595811e-34,1.70695575999948e-32,Early_Loss_Down,0.994096628548203,0.700495098298543
RBBP5,-0.000129377917014681,-0.0354510349869003,0.0295324888945504,0.032614564977406,0.0461988782539527,Late_Burst_Up,0.778582281237762,0.0354510349869003
CLIC3,1.09708922398314,1.21732420806979,0.997472155788627,8.32814054428366e-37,3.20864748192262e-35,Early_Burst_Up,0.986999235161884,1.21732420806979
PHF6,-0.271228520536558,-0.214269676626882,-0.225622506146594,4.69002478992523e-09,1.33665706512869e-08,Early_Loss_Down,0.979106652619327,0.271228520536558
CRTAP,0.971171043905126,0.970321375223174,0.960153594941136,2.11842205836607e-47,4.0067064476642e-45,Early_Burst_Up,0.99994644089768,0.971171043905126
PRKAR2B,-0.635960220512806,-0.722530884843631,-0.658317452130868,2.58318974259824e-29,4.19869239021535e-28,Early_Loss_Down,0.994094453704537,0.722530884843631
BPNT2,-0.257093952712944,-0.27196680010934,-0.301712080670553,7.27340915512077e-05,0.00014195429406406,Early_Loss_Down,0.991145281796123,0.301712080670553
GATAD2A,0.214413764077989,0.212267749172995,0.217920337776885,2.54386345657663e-10,8.09561441133107e-10,Early_Burst_Up,0.999764935667175,0.217920337776885
SAP18,0.196677465895846,0.205535703471294,0.230922684606932,7.05769097032317e-08,1.82460715299874e-07,Early_Burst_Up,0.990673952104394,0.230922684606932
GPATCH8,0.112449347558101,0.126392268972806,0.137262662092267,1.15191806008849e-05,2.43987327463894e-05,Early_Burst_Up,0.987128193817902,0.137262662092267
CHMP5,0.318404739001465,0.339376037147385,0.295122018391591,8.09611297632166e-09,2.26321303960191e-08,Early_Burst_Up,0.993585982101084,0.339376037147385
GBA,0.391930155895878,0.361103509867995,0.378925240476995,1.8298206120011e-19,1.2085529470693e-18,Early_Burst_Up,0.99776450089871,0.391930155895878
HDHD5,-0.113193886778841,-0.173664092019997,-0.134529227096025,0.000756368329588262,0.00132292922211717,Mid_Trough,0.950863004307286,0.173664092019997
POFUT1,0.260898603492962,0.241635700390249,0.223475311367553,8.01159585129112e-09,2.24033940438322e-08,Early_Burst_Up,0.992120666836566,0.260898603492962
TCEAL3,-0.344631058337761,-0.374689460929758,-0.345037732885311,2.94944698301654e-09,8.57327900547107e-09,Early_Loss_Down,0.996867174385909,0.374689460929758
UBXN7,-0.119333355645441,-0.125034925078853,-0.115957024735623,0.00258292969471612,0.0042514123653931,Early_Loss_Down,0.998059861409798,0.125034925078853
CPXM2,0.619653477713511,0.676865240945128,0.590873148588055,1.58966589338332e-15,7.59862123189889e-15,Early_Burst_Up,0.993607398764143,0.676865240945128
PRKD2,0.0784060745849375,0.0583236615194313,0.105047884917578,0.00374910429826786,0.00604300716060142,Early_Burst_Up,0.903304357276104,0.105047884917578
GNL3,-0.319749593177976,-0.326278839710226,-0.299707128755044,4.29148183872529e-11,1.45236729816478e-10,Early_Loss_Down,0.997437506302955,0.326278839710226
SH3GLB1,0.476987405241667,0.4606883475813,0.395881210941044,4.1266348042277e-23,3.77383020228384e-22,Early_Burst_Up,0.987806550034675,0.476987405241667
SEPTIN6,0.374475977461276,0.341529497948809,0.396595999320307,2.22728481444394e-08,5.99465207820262e-08,Early_Burst_Up,0.992638593977281,0.396595999320307
FAF1,-0.064684222793264,-0.0956637005064741,-0.0905502989802638,0.00208243557572165,0.00346739272932284,Early_Loss_Down,0.951234793999745,0.0956637005064741
PPFIBP2,0.199436030047088,0.17936019975378,0.156394298005382,3.02289888180008e-08,8.05267749498727e-08,Early_Burst_Up,0.981115877346358,0.199436030047088
GSDMD,0.106474513646367,0.10175016815404,0.138972594447607,0.00225533507558317,0.0037418059208539,Early_Burst_Up,0.961467430452038,0.138972594447607
BCR,0.149322919928693,0.144294455003725,0.170832064582245,9.39395177542572e-09,2.61023261018674e-08,Early_Burst_Up,0.989126636049161,0.170832064582245
VPS28,0.10817963876933,0.107718776370697,0.123316597302788,0.000415641275023654,0.000749180569795723,Early_Burst_Up,0.991884948743358,0.123316597302788
WNK2,-1.01056821984418,-1.0648920074583,-1.01086043182565,6.39677302741462e-39,3.11309620667511e-37,Early_Loss_Down,0.998769657189155,1.0648920074583
CLTB,0.227954536217929,0.275633066015584,0.222613140436069,1.5049427337553e-09,4.49376872275264e-09,Early_Burst_Up,0.981156125852982,0.275633066015584
UBLCP1,0.211057152143083,0.180546344077683,0.225892769149157,1.03574549429547e-09,3.13795179609489e-09,Early_Burst_Up,0.983590034743986,0.225892769149157
LOXL2,1.13813569555172,1.26772967363921,1.12273818542533,6.20263405169e-40,3.58460559570585e-38,Early_Burst_Up,0.993942866487711,1.26772967363921
HAAO,-0.296009363277933,-0.350385524567059,-0.342782967485634,1.85015618190809e-12,6.97643848927916e-12,Early_Loss_Down,0.989533075946806,0.350385524567059
BLVRA,0.305658351799419,0.330402749675059,0.298126526027744,3.14952987127214e-17,1.71871394024438e-16,Early_Burst_Up,0.996102303306563,0.330402749675059
TBC1D23,-0.265798269466291,-0.267867734872555,-0.240294978408092,8.93461813663836e-13,3.45832056433044e-12,Early_Loss_Down,0.995308940990058,0.267867734872555
SRGAP2,0.366089327487202,0.342339143310372,0.37732384695991,1.39918805079233e-30,2.62253219790399e-29,Early_Burst_Up,0.996768159759025,0.37732384695991
HSPA14,-0.0752282404055381,-0.0829023574563354,-0.0964565593369459,0.0206593727976454,0.0301098599688275,Early_Loss_Down,0.979271043873785,0.0964565593369459
EPS8L3,0.656287852809294,0.699652938912687,0.565396623328906,4.94220546336692e-13,1.96039246263773e-12,Early_Burst_Up,0.985080610224927,0.699652938912687
MYO7B,0.228179191691481,0.38732078943135,0.196544842714752,0.00124680521638443,0.00213452232272191,Mid_Peak,0.994380930694165,0.38732078943135
CLYBL,-0.986788992934055,-1.00066001990006,-0.985665406654985,1.9724621108335e-39,1.0132610917504e-37,Early_Loss_Down,0.999905322446067,1.00066001990006
GPC4,0.399382118107627,0.374453976287633,0.324344218032465,1.34939585719202e-13,5.56199718848539e-13,Early_Burst_Up,0.985776824913319,0.399382118107627
ACSF3,-0.274277316833498,-0.275083930024585,-0.269771379682809,3.36493088451231e-10,1.06434643941131e-09,Early_Loss_Down,0.999853448380466,0.275083930024585
ARHGAP21,0.158674074823046,0.140970190669902,0.148627871331145,2.3242002187716e-06,5.24315375999383e-06,Early_Burst_Up,0.995325357998991,0.158674074823046
WDFY4,0.205151025896003,0.204754598286209,0.234300330456286,5.88800438012357e-05,0.000116389483257454,Early_Burst_Up,0.99179941549643,0.234300330456286
SYNRG,-0.427725189137454,-0.440974515420175,-0.397678344866108,2.50614584927745e-33,6.32004416899606e-32,Early_Loss_Down,0.996337620152466,0.440974515420175
TMSB10,0.68656097908055,0.689651628746982,0.641304950680593,2.57648816435301e-16,1.31785706845395e-15,Early_Burst_Up,0.997847435012083,0.689651628746982
ELAC2,-0.277560715064847,-0.311939225239363,-0.231279534024934,8.82286570101573e-16,4.30638641430222e-15,Early_Loss_Down,0.972035818022974,0.311939225239363
LPCAT2,0.528844924709124,0.57033910222559,0.511837279945654,7.43672996158756e-26,8.6557296140324e-25,Early_Burst_Up,0.99583908253035,0.57033910222559
NAA16,-0.400151714949992,-0.402203840787694,-0.362721581117455,1.16904145922726e-16,6.12256955549984e-16,Early_Loss_Down,0.995661135118093,0.402203840787694
ARFGEF3,-0.519570315999815,-0.549097198899864,-0.527280642100634,4.25116380890751e-20,2.99307827561153e-19,Early_Loss_Down,0.998896826072911,0.549097198899864
SH3BP4,0.177750101190817,0.163870204188155,0.114291759967652,4.94858948520733e-05,9.86635402393278e-05,Early_Burst_Up,0.941343721497309,0.177750101190817
COX5A,-0.902574867365886,-0.915587552537255,-0.911610878893897,2.84756619732833e-33,7.11635011836827e-32,Early_Loss_Down,0.999928401274561,0.915587552537255
PRCP,0.318614022796768,0.283426823961749,0.382764957621876,9.50427797108341e-10,2.88982832573461e-09,Early_Burst_Up,0.970014942190579,0.382764957621876
GGH,0.356986659018547,0.359505173480979,0.363726695471631,8.67672767820164e-11,2.87565622214234e-10,Early_Burst_Up,0.99988074133004,0.363726695471631
UBE3C,0.231152502369883,0.17472017588621,0.18962207033018,5.33399793395403e-10,1.65880159963996e-09,Early_Burst_Up,0.972257642424981,0.231152502369883
ITGB6,1.02114377570451,1.19153066039291,1.05805282440435,6.22512549437239e-31,1.21609141699923e-29,Early_Burst_Up,0.991106810703542,1.19153066039291
MED1,-0.0662348611845857,-0.0732919235594851,-0.0239447570200488,0.0173613251523511,0.0255582784216992,Early_Trough,0.91790745662167,0.0732919235594851
HSD17B2,-0.066287175023564,-0.209962895675193,-0.276125710768728,0.0335602664666712,0.0474174087496839,Monotonic_Down,0.987539772351099,0.276125710768728
TBC1D2,0.724564059447,0.773547509380197,0.6908682801241,1.16981439151888e-41,8.465387274974e-40,Early_Burst_Up,0.995699259415785,0.773547509380197
PPM1B,-0.0918808182535228,-0.105203213454104,-0.0783507899607605,0.000104141837434839,0.000199785240002935,Early_Loss_Down,0.972650301672267,0.105203213454104
ITGAX,0.610257181524822,0.60953610601173,0.696815592216546,4.90838158819188e-20,3.4210679712674e-19,Early_Burst_Up,0.991873100358009,0.696815592216546
HMGCS1,0.411068832706242,0.384828277106611,0.406736110426343,8.4834133330227e-11,2.81495078777571e-10,Early_Burst_Up,0.998362228315257,0.411068832706242
NOTCH2,0.18051565474885,0.186647430196048,0.222817142746903,1.71084801334679e-05,3.56923468715767e-05,Early_Burst_Up,0.982457846885796,0.222817142746903
PNPLA6,0.187081874691534,0.209820054853923,0.211094941713973,2.58087022288657e-08,6.90610996619358e-08,Early_Burst_Up,0.994126297354214,0.211094941713973
RRAS,0.196056098978916,0.207006508698612,0.138367415775212,0.000697778118197602,0.00122689826740766,Early_Burst_Up,0.948588576158433,0.207006508698612
NCOA5,0.197700072610265,0.168893401366057,0.20413938834217,7.92166720833603e-08,2.0378397065772e-07,Early_Burst_Up,0.987270080505119,0.20413938834217
GRIPAP1,0.243287073654001,0.245576607738526,0.225575605486014,5.8113412360401e-11,1.94850853208403e-10,Early_Burst_Up,0.997194666289212,0.245576607738526
RPS15,-0.645240447664707,-0.701912420868209,-0.669620994111775,4.1969653613866e-18,2.46195165769794e-17,Early_Loss_Down,0.997624224554088,0.701912420868209
CFHR5,0.362853493846827,0.269899563287082,0.309331993497033,0.000226637698184758,0.000421470150680123,Early_Burst_Up,0.971808617451534,0.362853493846827
GCLC,-0.291772432371507,-0.353954375569547,-0.209679281302866,8.73764311506987e-15,3.92839902774778e-14,Mid_Trough,0.936332461854007,0.353954375569547
ARHGEF16,0.162202330191351,0.21524385132873,0.191267197311023,0.0020675359359607,0.00344396198139812,Early_Burst_Up,0.97480927954464,0.21524385132873
ANGPTL2,0.898473643831853,0.965202933249195,0.886531880135212,9.91577657552035e-28,1.36847583186535e-26,Early_Burst_Up,0.997160463425986,0.965202933249195
OGFR,0.177797548500343,0.178165780309116,0.197118192393431,2.35245898420036e-07,5.79034713591109e-07,Early_Burst_Up,0.995244219158737,0.197118192393431
CRACD,0.507257637773069,0.550787576932756,0.513261445281001,3.66412314606076e-20,2.59734521478004e-19,Early_Burst_Up,0.997306100558198,0.550787576932756
TLE3,0.135415033962174,0.161030409774656,0.1588437520655,3.22686119671266e-09,9.33725273958372e-09,Early_Burst_Up,0.988527529785363,0.161030409774656
XDH,0.309004858074204,0.370801129068221,0.279325606287551,0.00704715591940991,0.0109989556566634,Early_Burst_Up,0.972746569283035,0.370801129068221
THBS3,0.779335711412664,0.807323924435088,0.76085162960782,2.78352326277937e-37,1.15246172103731e-35,Early_Burst_Up,0.998810042707424,0.807323924435088
PARP10,0.16613718715286,0.182056319446731,0.190578300427896,3.13540066700493e-07,7.60945008772674e-07,Early_Burst_Up,0.993697765012038,0.190578300427896
RICTOR,0.233041894888153,0.222565713991509,0.212818789718951,4.56569232508527e-21,3.53448293296369e-20,Early_Burst_Up,0.997264020910781,0.233041894888153
CD74,0.438057835889976,0.416848141791844,0.437154601569491,1.89174178755673e-13,7.69456263736418e-13,Early_Burst_Up,0.998967685956323,0.438057835889976
ANO6,-0.353452273496233,-0.368613847092307,-0.364906315256942,3.70864892058491e-11,1.261274062816e-10,Early_Loss_Down,0.999366136321067,0.368613847092307
CMPK2,0.292209190378471,0.330011915061753,0.289047699898069,3.84218897966375e-09,1.10371752463796e-08,Early_Burst_Up,0.992576109761979,0.330011915061753
LBR,-0.304379865685898,-0.262136594975203,-0.174928933619426,2.38171917100613e-05,4.89761970375908e-05,Early_Trough,0.957917158557241,0.304379865685898
VCAM1,0.405413948963975,0.379299437063854,0.428963862863403,2.44216276797413e-09,7.15622484333829e-09,Early_Burst_Up,0.995009648927618,0.428963862863403
TIPRL,0.164441824275142,0.163572817897769,0.144131549876133,1.44475538132396e-08,3.94593182913619e-08,Early_Burst_Up,0.992976030126593,0.164441824275142
NSDHL,0.0902518235502291,0.138262435621876,0.119822341947905,0.0152008496735211,0.022613777437083,Early_Burst_Up,0.946593854392477,0.138262435621876
IRAK4,-0.126098960362065,-0.145585482981068,-0.117644397825852,0.00012498681616868,0.000237963917674618,Early_Loss_Down,0.984131314417075,0.145585482981068
PIP4K2B,0.27945261057851,0.25256292222299,0.286139167558002,8.20820887450563e-13,3.1875274966699e-12,Early_Burst_Up,0.994385276605884,0.286139167558002
WIPF1,0.429663927759782,0.436901094990932,0.448781393763008,8.72517533637505e-19,5.48835292133887e-18,Early_Burst_Up,0.999354438851918,0.448781393763008
IRGQ,0.132840909695456,0.0756324409547329,0.102788892049558,0.0316411818976575,0.0449424672729656,Early_Burst_Up,0.911786219359555,0.132840909695456
XRCC1,-0.175694556685627,-0.173072544178831,-0.195875049495909,7.2000118414172e-11,2.40250595606551e-10,Early_Loss_Down,0.993761027398019,0.195875049495909
SLC4A1AP,-0.11036567756991,-0.102319985014238,-0.0683675453935054,0.00448604775160106,0.0071518945189318,Early_Trough,0.937791977660003,0.11036567756991
PLEK,0.260294158184617,0.268785068847082,0.295346444334281,0.00027999800695837,0.000514835045052486,Early_Burst_Up,0.994148191589839,0.295346444334281
AKT1,0.320898211626969,0.335421969942481,0.349648664821165,2.75273781806481e-21,2.16729272676777e-20,Early_Burst_Up,0.997558457745196,0.349648664821165
MYDGF,0.272256912790896,0.243317664498683,0.248327756128216,0.00331859177653338,0.00539717036629095,Early_Burst_Up,0.995117160736294,0.272256912790896
HABP2,0.454499675705204,0.378101138855888,0.407115827627203,4.33172343170551e-09,1.23963557079275e-08,Early_Burst_Up,0.9885856775367,0.454499675705204
SHC1,-0.0737499740071441,-0.0785753479276322,-0.0782294314983554,0.0181206413945132,0.0266000430993861,Early_Loss_Down,0.99836844426477,0.0785753479276322
MAP4K5,0.496289705462674,0.505045217193147,0.476705383584826,3.81638402598799e-42,3.1137203788502e-40,Early_Burst_Up,0.99884540745265,0.505045217193147
RAB18,-0.369701166081709,-0.387920699137146,-0.371272763753316,1.40549895688168e-13,5.77893395215877e-13,Early_Loss_Down,0.999041596804325,0.387920699137146
ENSG00000262660,-0.2365679588572,-0.271292823035231,-0.220619162619915,4.52176531877584e-06,9.92094146661021e-06,Early_Loss_Down,0.985156711977332,0.271292823035231
MMS19,0.162847606757441,0.147493494818597,0.182985036860008,2.20462840826881e-07,5.43612373736683e-07,Early_Burst_Up,0.984735216052546,0.182985036860008
PIP4K2A,0.210902246108136,0.216450090177265,0.235592491147003,1.29916450686896e-06,2.98581801330115e-06,Early_Burst_Up,0.995449552865354,0.235592491147003
SNU13,0.267588134520188,0.213598121235023,0.226769311588649,0.000207229954479017,0.000387021472435903,Early_Burst_Up,0.981550684862058,0.267588134520188
DPF2,-0.270168488228404,-0.262633051654694,-0.234891937214467,5.41311354419209e-15,2.47788398871103e-14,Early_Loss_Down,0.993045896936518,0.270168488228404
C1orf198,0.559745121344389,0.575495095119138,0.464317533128178,3.30386382125415e-20,2.34997903593821e-19,Early_Burst_Up,0.983446133379426,0.575495095119138
THOC3,-0.166134352584157,-0.171339005377346,-0.157337380872165,7.83557796379301e-05,0.000152212137756035,Early_Loss_Down,0.997554146630305,0.171339005377346
LGMN,0.524085768660796,0.531219362960193,0.573012937785069,9.82688115974161e-17,5.19233682611871e-16,Early_Burst_Up,0.996853244294861,0.573012937785069
CTBS,0.480419309295054,0.538966867971207,0.517362039522593,2.09059503374794e-23,1.93740889430404e-22,Early_Burst_Up,0.995575472542562,0.538966867971207
VIPAS39,0.262374563725519,0.262668662995373,0.253159675674507,2.38927960846222e-18,1.43875433441553e-17,Early_Burst_Up,0.999421171490962,0.262668662995373
DHX8,0.154839834141316,0.136662888919116,0.152748667547195,3.73633438365182e-07,9.01268833065231e-07,Early_Burst_Up,0.994039045478058,0.154839834141316
HTRA1,1.13765322641841,1.15992019204246,1.0023398044188,1.99254402603022e-32,4.51824288409359e-31,Early_Burst_Up,0.992080496456907,1.15992019204246
ADA,-0.242570386067827,-0.263665858242449,-0.211240968671691,0.0118409267587421,0.0179131416990095,Early_Loss_Down,0.984163862736509,0.263665858242449
ADAMTSL2,0.859346407987715,0.850895266147104,0.699392980912907,1.16125240896079e-18,7.2443347431572e-18,Early_Burst_Up,0.983665536394209,0.859346407987715
BDH2,-0.22586800929614,-0.363041197719959,-0.332745164606489,4.77044289450176e-07,1.14112175245886e-06,Early_Loss_Down,0.933838735773892,0.363041197719959
TIMM50,0.423475179158481,0.371056102091958,0.382187526979127,3.43983398912678e-12,1.26609015734246e-11,Early_Burst_Up,0.993454805215882,0.423475179158481
PLIN2,0.94682137198827,0.995227780979945,0.910313700217846,1.86189384114891e-22,1.6090010951237e-21,Early_Burst_Up,0.997334581936951,0.995227780979945
ANKLE2,0.111217101907532,0.18114742966458,0.20023261945983,4.9799693966449e-10,1.5521837198082e-09,Mid_Plateau_Up,0.955982311898262,0.20023261945983
ANO1,1.06532862381878,1.12145529335077,0.923873347516426,2.93793394208748e-40,1.75895584647856e-38,Early_Burst_Up,0.987386743175172,1.12145529335077
CFL2,-0.470084190594292,-0.532698602934951,-0.525860911662211,8.19317487269426e-11,2.72298727198728e-10,Early_Loss_Down,0.993996212648739,0.532698602934951
CTHRC1,1.54950338571437,1.57913583399459,1.39937122576411,8.32938469033789e-45,9.4954985469852e-43,Early_Burst_Up,0.994607328651981,1.57913583399459
PCSK1,-0.348497947097546,-0.500783485587456,-0.369315743487936,7.25432472954517e-06,1.56359726493848e-05,Mid_Trough,0.955358780635007,0.500783485587456
POC1B-GALNT4,0.593366841431169,0.671472096334342,0.625969530031865,1.68825022386939e-15,8.03294360379704e-15,Early_Burst_Up,0.994874119403638,0.671472096334342
RPL31,-0.600042313398151,-0.664594423582532,-0.572281818573162,1.04530539146733e-21,8.52010917511376e-21,Early_Loss_Down,0.992116640430208,0.664594423582532
POLD1,0.231983041583464,0.215138931837626,0.215749232715082,5.58364338613219e-09,1.58158884477168e-08,Early_Burst_Up,0.997516631205157,0.231983041583464
RAB3D,-1.08685866287171,-1.10391948101142,-1.04055502504322,4.93357913752355e-25,5.26374943365012e-24,Early_Loss_Down,0.998766802663081,1.10391948101142
LSG1,-0.315674804834225,-0.298106489863111,-0.255324601808682,3.02791945834648e-18,1.80374701019036e-17,Early_Loss_Down,0.985035599293224,0.315674804834225
LXN,0.601911578340064,0.620464936670411,0.638751717191114,1.72877678729127e-23,1.61107283581612e-22,Early_Burst_Up,0.998826579103104,0.638751717191114
ZPR1,0.319941086422924,0.304331350403596,0.303288706075942,1.37306252781288e-14,6.07153366443083e-14,Early_Burst_Up,0.998788650130943,0.319941086422924
FABP3,0.58434616450469,0.620910334454765,0.568250199836085,1.48100130109831e-10,4.82005976837707e-10,Early_Burst_Up,0.997233364590329,0.620910334454765
PPP3R1,0.417800823455224,0.400545656713819,0.397862079840869,1.95793641537562e-13,7.94439144259186e-13,Early_Burst_Up,0.999051495454743,0.417800823455224
BIN2,0.484565049510699,0.470536594512459,0.521946773253019,7.35441748102766e-15,3.33170725515037e-14,Early_Burst_Up,0.996138129094397,0.521946773253019
TFIP11,0.0806766028135205,0.0576023408906501,0.0862721212363963,0.01088806620839,0.0165649884801137,Early_Burst_Up,0.949190210795868,0.0862721212363963
SUPV3L1,-0.392874213942572,-0.418811187348998,-0.396293142154061,4.01886666884607e-24,3.90256807679545e-23,Early_Loss_Down,0.998370946501947,0.418811187348998
C1QB,0.305037531993605,0.296358294375588,0.326564225114118,1.5617398863153e-06,3.57153045724538e-06,Early_Burst_Up,0.996646581941342,0.326564225114118
TARS2,-0.135277167605634,-0.162143050463109,-0.163449825030386,8.69545649762026e-05,0.00016785801199999,Early_Loss_Down,0.98601302148231,0.163449825030386
WIPF2,-0.277447205653515,-0.217420816873308,-0.2467688962573,2.58994719186965e-12,9.6479590558367e-12,Early_Loss_Down,0.980905227431278,0.277447205653515
LAMTOR5,0.323137445742879,0.301607959247694,0.311660388384826,1.18089448916426e-07,2.99890263619926e-07,Early_Burst_Up,0.998415614970721,0.323137445742879
NBEAL1,0.075052376843261,0.135534099009926,0.134104557298075,5.22599015324774e-05,0.000103845964793046,Mid_Plateau_Up,0.962863198533546,0.135534099009926
PDP1,0.242758779037466,0.172675744071535,0.163812462286765,2.26768988794749e-06,5.11983593258247e-06,Early_Burst_Up,0.939146411666063,0.242758779037466
PRPSAP2,-0.0118076898205971,-0.0977867461509998,-0.0214540887523229,0.0275426056615756,0.039484851733959,Mid_Trough,0.902611304638275,0.0977867461509998
KIFBP,0.0942435339839047,0.0729786849108985,0.0898955901898488,0.011731288229892,0.0177634244267033,Early_Burst_Up,0.977848539118369,0.0942435339839047
NECAP2,0.557436255747686,0.54155884556916,0.554620958099117,1.11173145431584e-22,9.74902967630815e-22,Early_Burst_Up,0.99968517683199,0.557436255747686
TOMM34,0.213105793492383,0.179192399746412,0.1536771798504,5.3622766696752e-06,1.17033481366475e-05,Early_Burst_Up,0.966031986295953,0.213105793492383
TBC1D13,0.167357615351838,0.113203357506732,0.165994721170704,2.21367615331382e-05,4.56900122715218e-05,Early_Burst_Up,0.947126495310509,0.167357615351838
UTP15,0.095359051016018,0.0936302645078232,0.0967981995134147,0.0099006074230759,0.015140179157449,Early_Burst_Up,0.999630550598175,0.0967981995134147
PPP6C,0.0225484540833558,0.0119634854323766,0.0833486078897201,0.0111520944779573,0.016938808221493,Late_Burst_Up,0.968662240223966,0.0833486078897201
CYRIA,0.375716280542454,0.343583323624033,0.342794856070399,8.55123191432632e-19,5.39525034048701e-18,Early_Burst_Up,0.996267657821524,0.375716280542454
NELFE,-0.317598984629888,-0.305683816228134,-0.28255022042877,8.66740800512568e-16,4.23299116306666e-15,Early_Loss_Down,0.995387448685799,0.317598984629888
PIP4K2C,0.252752012477369,0.325423475800355,0.294963922252488,3.86849917183258e-09,1.1105087998617e-08,Early_Burst_Up,0.979674042002422,0.325423475800355
AASS,-0.590040114880894,-0.63849170910072,-0.583189768331024,7.00484380139077e-32,1.48331577901206e-30,Early_Loss_Down,0.996693961523727,0.63849170910072
WDR48,-0.181115051778884,-0.193914946517538,-0.169853872170749,5.45504421092196e-14,2.31103582957789e-13,Early_Loss_Down,0.994193167019098,0.193914946517538
SCCPDH,0.164589491752329,0.112382334629278,0.00252416032023684,0.0141286178772039,0.0210865060929144,Early_Peak,0.949766526415539,0.164589491752329
RPL18,-0.317823541421645,-0.387259980768603,-0.277273327240165,3.21311711945979e-07,7.78670957138742e-07,Early_Loss_Down,0.963615525223632,0.387259980768603
PDGFRB,0.509335797419646,0.514563205689003,0.494365577763045,4.23827105827133e-23,3.86742234067259e-22,Early_Burst_Up,0.999428394141401,0.514563205689003
ARMC8,0.150366790266804,0.130398300953138,0.174724148426386,6.49526914399761e-08,1.68234141974317e-07,Early_Burst_Up,0.972660157838019,0.174724148426386
DENR,-0.146724973803805,-0.121452690736295,-0.121218067297811,0.01309224589263,0.0196631781841666,Early_Loss_Down,0.983415314562797,0.146724973803805
CHMP1A,0.546921576947238,0.567545202461439,0.542741015324918,4.34738554365913e-17,2.35080847916383e-16,Early_Burst_Up,0.999230366015225,0.567545202461439
RFC4,-0.369009894379765,-0.382573086405137,-0.307583623621898,1.21591245510733e-15,5.85580060845093e-15,Early_Loss_Down,0.983345316161781,0.382573086405137
PBDC1,0.135071735182282,0.110411492311023,0.12985190733799,0.006046262297081,0.00948482466282904,Early_Burst_Up,0.985917453637217,0.135071735182282
ARF4,-0.279701057191027,-0.256140244877335,-0.284173200262364,0.0001787251680591,0.000335820918624482,Early_Loss_Down,0.995976494753133,0.284173200262364
CPB2,0.608156979643011,0.573674102527713,0.581100154016425,5.70784097275446e-14,2.40875520158532e-13,Early_Burst_Up,0.998730649045676,0.608156979643011
AK4,0.717613255295924,0.745556352426497,0.700554391668233,1.61596196509158e-17,9.08651045506227e-17,Early_Burst_Up,0.998679597418963,0.745556352426497
SNX4,0.308781788299745,0.315837763199283,0.298573851460484,5.6958328326487e-19,3.64060835893261e-18,Early_Burst_Up,0.998940934372097,0.315837763199283
PTPA,-0.182605932974042,-0.198855835998045,-0.193656461919689,2.89054953841666e-08,7.71245696014859e-08,Early_Loss_Down,0.997510801672013,0.198855835998045
NCOA7,-0.170989310777082,-0.19789654154806,-0.117978174841678,7.89995080077065e-07,1.84932181614665e-06,Early_Loss_Down,0.925521612131129,0.19789654154806
GGCT,-0.122966044582656,-0.131024285323616,-0.159835544839515,0.000265832534119772,0.000489871202157825,Early_Loss_Down,0.974667862884038,0.159835544839515
SLAIN2,0.153156177044183,0.168052212346382,0.141562373755359,3.64508254015152e-07,8.79512232506261e-07,Early_Burst_Up,0.990263278805416,0.168052212346382
NQO2,-0.287780774743855,-0.234630840223382,-0.298566004696657,0.000279030198246358,0.000513179289524684,Early_Loss_Down,0.979773389526369,0.298566004696657
SGTA,0.203181234589806,0.207173050338069,0.196910933620633,3.01128482159244e-05,6.11702651831487e-05,Early_Burst_Up,0.999130339071644,0.207173050338069
ZMPSTE24,-0.366059222825205,-0.369399960846927,-0.341528037451419,5.10001341433037e-07,1.21680939317825e-06,Early_Loss_Down,0.997612197380119,0.369399960846927
TDRD3,-0.367806659388875,-0.378657971352205,-0.375112833748862,2.5478551028342e-24,2.52419644830788e-23,Early_Loss_Down,0.999708063501449,0.378657971352205
CSTF1,0.153525395201057,0.114915336733498,0.166995006554722,5.52481527641403e-05,0.000109470268405518,Early_Burst_Up,0.956731039485268,0.166995006554722
SCAMP3,0.416044081347407,0.324021352117715,0.300961890649278,7.94933991217339e-10,2.42768465134337e-09,Early_Burst_Up,0.961316106032565,0.416044081347407
BCL2L13,-0.264979891115509,-0.235034502049569,-0.208236858323029,1.36228366804686e-09,4.08390658699063e-09,Early_Loss_Down,0.981264024981276,0.264979891115509
GSDMB,0.881181594697061,1.09044448381301,0.999029259769038,5.89563540782329e-22,4.89655467703647e-21,Early_Burst_Up,0.985361838803965,1.09044448381301
UBR2,-0.21204223993504,-0.201314858269055,-0.149905833686411,3.65676415344366e-11,1.24464586032549e-10,Early_Loss_Down,0.960717451972203,0.21204223993504
ATP9A,0.25992643964034,0.20905354912596,0.162942050697595,0.00272340229383322,0.00446760376291742,Early_Peak,0.947562665307778,0.25992643964034
MSLN,1.10667760401881,1.30986026445317,1.21697175407574,7.1236601453507e-33,1.69380284941739e-31,Early_Burst_Up,0.990726810593461,1.30986026445317
SSBP1,-0.104590662579629,-0.0812421244648001,-0.149963490045204,0.0289706500601932,0.0414179264389157,Early_Loss_Down,0.890906804048459,0.149963490045204
DOP1B,0.260929481690349,0.244100255336123,0.219895293681866,4.14650580478249e-09,1.18826519653581e-08,Early_Burst_Up,0.990423533300019,0.260929481690349
EDF1,-0.310325522769766,-0.282346966476236,-0.317317282992383,4.08718030735689e-08,1.07774127116046e-07,Early_Loss_Down,0.995074302291699,0.317317282992383
NAGA,0.253510794145872,0.32133924187403,0.3003967975938,1.04986072183499e-13,4.36628731989546e-13,Early_Burst_Up,0.981623569156592,0.32133924187403
COX5B,-0.749543366455959,-0.708740281402451,-0.725087705568491,4.29253861451415e-33,1.04147248833781e-31,Early_Loss_Down,0.998940159797777,0.749543366455959
SLC25A11,-0.116791836247891,-0.131002088663586,-0.170175560378197,0.0354980819812595,0.0499264894791349,Early_Loss_Down,0.951298269496447,0.170175560378197
DNAJC11,-0.190422731137726,-0.170174130865046,-0.217698457883654,0.00101983492596831,0.00176299672910433,Early_Loss_Down,0.980195901832377,0.217698457883654
PUM1,0.123777620408294,0.154161395773445,0.172999078377863,6.42897557554128e-11,2.15039930625621e-10,Early_Burst_Up,0.965474944628021,0.172999078377863
PTCD3,-0.481505074450693,-0.532990539742036,-0.473391894397915,3.85595030474473e-31,7.67684651580995e-30,Early_Loss_Down,0.99438449978058,0.532990539742036
FAM136A,-0.556585540717324,-0.538359683267263,-0.576040175344185,9.56700763107807e-21,7.17913773722558e-20,Early_Loss_Down,0.99847745454991,0.576040175344185
GPKOW,-0.0900453289903136,-0.0855246638546264,-0.0585043725285074,0.0109959839292814,0.016716948896507,Early_Loss_Down,0.94179653095692,0.0900453289903136
CUZD1,-1.29039163586985,-1.3698546680285,-1.26711961634189,2.76990778140811e-22,2.36908248272131e-21,Early_Loss_Down,0.997750066611188,1.3698546680285
NUDCD3,0.357918595456048,0.340194493459455,0.317130019119847,1.14549460596808e-25,1.30229591678502e-24,Early_Burst_Up,0.995165246937771,0.357918595456048
MTUS1,-0.697787344716123,-0.683289604158953,-0.634393978191793,6.74945420430757e-24,6.48602285083691e-23,Early_Loss_Down,0.996756623184344,0.697787344716123
LYPLA1,0.131787892450262,0.1684723753443,0.13435033540643,0.000304550853806537,0.000557885143160467,Early_Burst_Up,0.97437286323428,0.1684723753443
ACTN2,0.533345262407954,0.569993664019996,0.542200136780705,4.03039820664856e-22,3.39827496207997e-21,Early_Burst_Up,0.998383428191984,0.569993664019996
KRT13,0.502104139736887,0.65181618269471,0.504658107851515,2.5503476418448e-05,5.22629723600896e-05,Early_Burst_Up,0.969417614941779,0.65181618269471
TUBGCP3,0.082097419218161,0.0779687453935429,0.0771057228945971,0.0105421757565087,0.016068129422283,Early_Burst_Up,0.998484964465266,0.082097419218161
KIAA1671,-0.128830835778323,-0.112388395513354,-0.120874837958244,0.00173824189994361,0.00292412554908646,Early_Loss_Down,0.993868692782639,0.128830835778323
SYNJ1,-0.0537154900217705,-0.0725740294447258,-0.0254009534910497,0.0339777336896021,0.0479746691151796,Mid_Trough,0.929969853985844,0.0725740294447258
CTSL,0.552589188147729,0.585277311646949,0.60007143828772,7.19005052566524e-30,1.25179080490766e-28,Early_Burst_Up,0.997662893240601,0.60007143828772
PDAP1,-0.416522007465934,-0.377685532971567,-0.398191179018451,1.15215720760286e-14,5.14391216827844e-14,Early_Loss_Down,0.996829393899039,0.416522007465934
ZMYM2,0.252079459240336,0.235200855721178,0.243558805925381,2.41087643478079e-12,9.00912154927961e-12,Early_Burst_Up,0.998403667815587,0.252079459240336
TSFM,-0.12017468961988,-0.112197277738834,-0.115652261603794,0.0172122605643263,0.0253657574670309,Early_Loss_Down,0.998418099656398,0.12017468961988
HBS1L,-0.314409001038708,-0.326679500417006,-0.286913273375345,2.10019415798296e-18,1.27482244950651e-17,Early_Loss_Down,0.994271685154805,0.326679500417006
PPIE,-0.389970738365536,-0.362608133634177,-0.348415661502899,5.15944905429726e-20,3.58704553298762e-19,Early_Loss_Down,0.995612305887904,0.389970738365536
SYTL1,-0.714669879468421,-0.685549087592732,-0.64258239924893,2.60218637055825e-25,2.86068625836008e-24,Early_Loss_Down,0.99623953519286,0.714669879468421
MYG1,0.230462555434947,0.220894901988217,0.225638978304741,1.19938573228156e-06,2.76489974073329e-06,Early_Burst_Up,0.999401341393494,0.230462555434947
UBE2L3,-0.267527353554987,-0.310836651216689,-0.280110928824075,5.98814656778699e-11,2.00536642805325e-10,Early_Loss_Down,0.99201473327423,0.310836651216689
LRCH4,0.0792057977077097,0.0941708764156173,0.116620676936186,0.00410324262338079,0.00656802945023561,Early_Burst_Up,0.952940285326284,0.116620676936186
RAB8A,-0.215207127497467,-0.202832237040367,-0.203409252615437,1.21026617509201e-05,2.55825123421786e-05,Early_Loss_Down,0.998487839063594,0.215207127497467
HMGN5,-0.91967166005873,-0.924878148134371,-0.880234732046488,2.53525096285868e-46,3.83606518416544e-44,Early_Loss_Down,0.999038243683661,0.924878148134371
ALG5,-1.06242133787867,-1.04217081594133,-1.00250801793852,2.40241552073581e-34,6.77725490290285e-33,Early_Loss_Down,0.99884749250767,1.06242133787867
EIF3K,-0.188931762042943,-0.182246026557505,-0.14978587532226,2.375175891485e-08,6.37208696613095e-08,Early_Loss_Down,0.98115975853296,0.188931762042943
CDC42EP4,-0.397678586538092,-0.401179930726281,-0.376760571590809,4.87716692760355e-20,3.40501536673798e-19,Early_Loss_Down,0.998489583609744,0.401179930726281
FERMT1,0.439320214577978,0.460013975503293,0.298496304954158,4.26378225367303e-15,1.97019410966502e-14,Early_Burst_Up,0.941049872122691,0.460013975503293
MELTF,0.619459936108346,0.705350430213242,0.643874916074163,3.8584895939742e-16,1.94844359229692e-15,Early_Burst_Up,0.993989938211266,0.705350430213242
PON2,0.374719465103068,0.369879837500993,0.374610303449921,6.87176275813439e-12,2.47347792704128e-11,Early_Burst_Up,0.999926863976003,0.374719465103068
BPI,0.350772620394648,0.390661585235307,0.623190871182455,9.4197463480264e-05,0.000181251165568268,Monotonic_Up,0.958393176918768,0.623190871182455
SLC25A1,-0.583622670377818,-0.56020222548575,-0.611517215830142,1.53401717675182e-14,6.76170071235626e-14,Early_Loss_Down,0.99743955861851,0.611517215830142
ITGBL1,1.21781897261615,1.24790189318331,1.14348337365805,1.50784857088763e-41,1.03819222493109e-39,Early_Burst_Up,0.997349205131917,1.24790189318331
LIN7C,-0.363696321234205,-0.358324588715228,-0.356285004040597,1.0581650500912e-23,1.00296691877665e-22,Early_Loss_Down,0.999848766167081,0.363696321234205
FOXK1,0.416753899871535,0.416178840576107,0.394262552497768,8.76638868561292e-18,5.03130252701177e-17,Early_Burst_Up,0.998692463174048,0.416753899871535
GRSF1,-0.201196985451101,-0.247614272211654,-0.211837141749627,5.11633435377082e-08,1.34019938596414e-07,Early_Loss_Down,0.984128792265814,0.247614272211654
MIPEP,-0.163473870475748,-0.190967223407525,-0.206664772288267,1.00949834016386e-06,2.34127545084554e-06,Early_Loss_Down,0.982265941349713,0.206664772288267
PDLIM2,0.646633827906362,0.628793976918858,0.544150705439369,1.67631934876603e-18,1.02802723805681e-17,Early_Burst_Up,0.989309361532889,0.646633827906362
VPS41,0.119674146487723,0.127037085820181,0.168147551442778,2.15321089389141e-07,5.31563959031869e-07,Early_Burst_Up,0.955572128626858,0.168147551442778
TOM1L2,-0.273461032760422,-0.276100430337127,-0.284186852609131,4.32590406725046e-12,1.57964781253437e-11,Early_Loss_Down,0.999461261215082,0.284186852609131
TACC2,-0.301639035834746,-0.277819965952486,-0.313359430299353,2.00337642775414e-10,6.43461930983017e-10,Early_Loss_Down,0.995099097517698,0.313359430299353
TAP2,0.657815469982061,0.601506372156162,0.696935708501468,2.48453987614742e-18,1.49503549163404e-17,Early_Burst_Up,0.992861048792377,0.696935708501468
ACSS3,-0.203407316585791,-0.266077290700118,-0.230543602975396,1.58706489505338e-05,3.32014933550383e-05,Early_Loss_Down,0.976655611350668,0.266077290700118
SRSF10,0.374596356671079,0.346605482652481,0.343402372734234,4.841492788021e-11,1.63451939074689e-10,Early_Burst_Up,0.996896733323811,0.374596356671079
SNX12,0.113767255449251,0.135865295317451,0.0869464630812314,0.00252370231409312,0.00415721509459283,Early_Burst_Up,0.941914296969919,0.135865295317451
PREB,-0.473243499637687,-0.482383004953384,-0.45876311581279,6.37382693459821e-25,6.69734693809675e-24,Early_Loss_Down,0.999150185143762,0.482383004953384
MVD,0.277975337647297,0.300616227439035,0.255742348979112,1.84529095714366e-10,5.94983004469181e-10,Early_Burst_Up,0.991432943403565,0.300616227439035
GAMT,-1.02614058284869,-1.08217460966405,-0.964263221044109,1.04438629891344e-27,1.4342215807851e-26,Early_Loss_Down,0.995607483807019,1.08217460966405
ANG,0.74112536994954,0.763367016466228,0.694052604478813,9.78572041362392e-21,7.33664552091696e-20,Early_Burst_Up,0.996904935254747,0.763367016466228
ATG16L1,0.0580083482683223,0.102828278800121,0.0858508654728566,0.00140119052064908,0.0023831407138446,Mid_Peak,0.931321224089211,0.102828278800121
CAMK1D,-0.248304221436742,-0.26993581858453,-0.242231803740412,6.40483519193009e-08,1.66046848807608e-07,Early_Loss_Down,0.995628779671107,0.26993581858453
RABGAP1L,0.173684450172315,0.180459151303861,0.160857313639821,6.28477572646462e-10,1.94070143212017e-09,Early_Burst_Up,0.995545731257606,0.180459151303861
PAWR,0.155297171417158,0.184325992052133,0.133505898705115,0.000339519204668126,0.000618808327036388,Early_Burst_Up,0.966875204614143,0.184325992052133
CSNK1A1,0.287564766154473,0.294816724625531,0.290667240528709,5.8291064817061e-12,2.10637534262953e-11,Early_Burst_Up,0.999791634286899,0.294816724625531
ENSG00000288637,-0.326260488281567,-0.349036234789665,-0.403563471699152,1.5589419171048e-16,8.08552298508503e-16,Early_Loss_Down,0.98411814098236,0.403563471699152
GPC1,0.573422381336096,0.606690569522971,0.523868843462493,3.00663206401719e-23,2.75867607902437e-22,Early_Burst_Up,0.992897759770404,0.606690569522971
TIA1,0.238277866759225,0.226240215097701,0.221324834517053,1.75918177269048e-09,5.21178736644009e-09,Early_Burst_Up,0.998064772310476,0.238277866759225
SLC27A1,0.162276730092917,0.152774778171395,0.144786449925446,0.000299901783630978,0.000549852972764265,Early_Burst_Up,0.995677203245548,0.162276730092917
QKI,0.349600644283154,0.358203651152681,0.366770811834594,1.34522259096219e-13,5.54754331119294e-13,Early_Burst_Up,0.999234934211573,0.366770811834594
DENND2B,0.382901811206038,0.415952901388681,0.389768096950087,7.68256843463275e-26,8.90450341406877e-25,Early_Burst_Up,0.997426259792412,0.415952901388681
ISOC2,-0.341697447792461,-0.369595638911629,-0.370829627226386,1.82007228652367e-12,6.87234190946007e-12,Early_Loss_Down,0.997230116054716,0.370829627226386
PPP6R2,-0.160805984621058,-0.154517545669033,-0.137796358920196,3.86375616724847e-07,9.30387118745422e-07,Early_Loss_Down,0.991835025632841,0.160805984621058
IL18,0.430365679345225,0.466957519210324,0.462427626809016,8.26314884772941e-18,4.75230993163816e-17,Early_Burst_Up,0.997427428660945,0.466957519210324
PLA2G4A,0.332416209781296,0.332722804415042,0.32437245241548,1.81452017996179e-09,5.36808991739851e-09,Early_Burst_Up,0.999725330476781,0.332722804415042
NELFA,0.0954212876751139,0.07491908648033,0.100618990982276,0.00376754807090527,0.00606803465184316,Early_Burst_Up,0.971122239054964,0.100618990982276
MEMO1,0.314456490008318,0.340300422866758,0.331139228600945,4.2026082573673e-17,2.27547858931754e-16,Early_Burst_Up,0.997887046153123,0.340300422866758
CFP,0.736090048777481,0.702458750664108,0.686982382451014,1.55442329793566e-20,1.13972781369344e-19,Early_Burst_Up,0.998329893446914,0.736090048777481
GRPEL1,-0.241748378162404,-0.289872178678927,-0.312782176102009,1.08395813649915e-08,2.99392619048984e-08,Early_Loss_Down,0.978586282444924,0.312782176102009
RAP1GAP,-0.741498261759445,-0.748324611791722,-0.726295837536771,1.68985535963025e-25,1.89272897750242e-24,Early_Loss_Down,0.999689433535653,0.748324611791722
RTN1,0.170010365476372,0.153614041692835,0.223886152606682,0.00381029650415619,0.00612858281940236,Early_Burst_Up,0.949923430146478,0.223886152606682
AOC1,0.435724119141979,0.518053101982447,0.366454239741872,1.09698475793525e-06,2.53586309876033e-06,Early_Burst_Up,0.962558964115229,0.518053101982447
TDRD7,0.153640503476892,0.180235439101796,0.146858252750009,1.51922151435068e-07,3.81386468851474e-07,Early_Burst_Up,0.984221501509596,0.180235439101796
RRAGC,0.152683999813518,0.131276306333023,0.169824265305247,1.04724287851918e-06,2.42559288478615e-06,Early_Burst_Up,0.978947219455653,0.169824265305247
SNRPB2,0.176094836392483,0.157623152005683,0.178363309094367,1.99520076889357e-06,4.51934153476655e-06,Early_Burst_Up,0.994129729260784,0.178363309094367
ASPSCR1,-0.32256229156729,-0.30994246842844,-0.281698470967376,8.67754136440727e-27,1.08430179030927e-25,Early_Loss_Down,0.993772614776337,0.32256229156729
PTGS1,0.497379375223558,0.51655181015699,0.484343356986652,5.90328578964194e-22,4.89802037302096e-21,Early_Burst_Up,0.998599804993651,0.51655181015699
TIMP2,0.961686776765528,0.968786063732613,0.850338197312703,2.41860363377701e-35,7.63904326786853e-34,Early_Burst_Up,0.993221215030281,0.968786063732613
ADH4,-0.720455990300038,-0.741005033276916,-0.76551697001158,7.66681087112765e-13,2.98704120175676e-12,Early_Loss_Down,0.9987708423604,0.76551697001158
FAM50A,0.304273428681403,0.325833458948789,0.320677799898904,1.78347348251969e-18,1.09025063142322e-17,Early_Burst_Up,0.998321654535013,0.325833458948789
NUDT9,-0.916543406683686,-0.922374483833317,-0.859381419244583,1.82130237291437e-49,4.89359329135056e-47,Early_Loss_Down,0.99800903794088,0.922374483833317
MAP2K3,0.31752367092431,0.295838094303166,0.327994479187104,5.86106414126906e-12,2.11700415727609e-11,Early_Burst_Up,0.996377211141166,0.327994479187104
COL4A1,0.346493014773181,0.319673799988863,0.284174649508531,2.06949222040625e-07,5.11959401255079e-07,Early_Burst_Up,0.987263960425661,0.346493014773181
RAB10,0.289689812066717,0.270166197704557,0.255121541535726,1.77420916394915e-09,5.2544372464003e-09,Early_Burst_Up,0.994616180385685,0.289689812066717
MTMR1,0.067953931500471,0.0632634821118547,0.0632500425992021,0.0189572942674967,0.0277604439370241,Early_Burst_Up,0.997674458059163,0.067953931500471
SRP14,-0.222237249872288,-0.216523476081125,-0.172003660401694,1.33671374171932e-05,2.81623588825016e-05,Early_Loss_Down,0.976522754658374,0.222237249872288
MAP2K6,-0.271217837317322,-0.332080708707816,-0.238340538363438,6.69887565674931e-16,3.31636188075358e-15,Early_Loss_Down,0.963749981164541,0.332080708707816
UBE2M,0.308892312803797,0.312810503780662,0.326414480845909,2.13331104234273e-13,8.62234798172714e-13,Early_Burst_Up,0.998872902102103,0.326414480845909
PCID2,0.290305726606026,0.263860282930485,0.278579207818027,2.89711193107978e-17,1.58721300134601e-16,Early_Burst_Up,0.996975354998839,0.290305726606026
DUOX2,0.742107813577589,0.842376244867805,0.644164869345448,1.7276358330166e-14,7.57501865245741e-14,Early_Burst_Up,0.977081712835831,0.842376244867805
ZMYND8,0.0840885122135963,0.0915466473422575,0.111647890947549,6.24165826134127e-05,0.000122942201303863,Early_Burst_Up,0.971702922098272,0.111647890947549
PTGR2,-0.530654119518989,-0.563928232836116,-0.507601551021726,6.65000079679049e-26,7.79455022970288e-25,Early_Loss_Down,0.996272372483298,0.563928232836116
TASOR,-0.032932058217839,-0.0428774608881525,0.0366743002452327,0.0132892702528533,0.0199374990164494,Late_Burst_Up,0.860655196713358,0.0428774608881525
SPG11,0.151550538426666,0.170051857403299,0.202072224452375,3.20664148482276e-10,1.01659696901695e-09,Early_Burst_Up,0.972581428397561,0.202072224452375
TRAPPC10,0.123312449648156,0.121755797915325,0.121356331086886,6.72532962193264e-06,1.45447487301776e-05,Early_Burst_Up,0.999904545094875,0.123312449648156
EIF2B4,-0.504887536269885,-0.499684254075441,-0.426750245917305,1.28865401868138e-29,2.17528980597696e-28,Early_Loss_Down,0.989004304638195,0.504887536269885
DCLK1,-0.177941642309167,-0.257831121422801,-0.184529784636903,0.00564266529489172,0.008898666019346,Mid_Trough,0.960912638297203,0.257831121422801
TBXAS1,0.687393311650208,0.69740961229423,0.709000193598743,2.62906681614668e-30,4.77709476942635e-29,Early_Burst_Up,0.999680115524643,0.709000193598743
IKBKG,0.172979871536701,0.178276591693454,0.201280737244436,5.64997586961197e-09,1.5998332489592e-08,Early_Burst_Up,0.991219556825893,0.201280737244436
ODR4,-0.784691879118254,-0.761133160198567,-0.709735328472522,9.75004705010525e-28,1.34783873008266e-26,Early_Loss_Down,0.996552497443991,0.784691879118254
RREB1,-0.206705163711143,-0.193793950592461,-0.141473739695745,9.21076322667885e-09,2.56275398102378e-08,Early_Loss_Down,0.954551103968779,0.206705163711143
GLA,0.566588330488338,0.640846499832216,0.630903900481476,2.39034648876433e-35,7.59254331278503e-34,Early_Burst_Up,0.994279582020599,0.640846499832216
OSBPL9,0.349564097362465,0.34035886356384,0.373623167091461,7.10694751208733e-35,2.10476929521675e-33,Early_Burst_Up,0.996884846769128,0.373623167091461
ELOB,0.316948043968328,0.323062082374092,0.316632709625642,3.10439199453229e-20,2.21377465111377e-19,Early_Burst_Up,0.999827796446626,0.323062082374092
MRPL44,-0.131326496320404,-0.164597998958331,-0.142538796422851,0.000361191523084534,0.000656296038233514,Early_Loss_Down,0.982579748714373,0.164597998958331
ATG3,0.0976648035613579,0.077920102609419,0.147135293862093,0.00524085264704054,0.00829328308208241,Monotonic_Up,0.890061250472348,0.147135293862093
PCDH1,0.528200667327916,0.548667980953721,0.509977150581609,7.22242949627883e-25,7.56990658287562e-24,Early_Burst_Up,0.998219289719791,0.548667980953721
DNAJB4,-1.01356701710311,-1.02704565853839,-1.01121338699467,2.81159023149571e-47,5.19956753477939e-45,Early_Loss_Down,0.999905984703375,1.02704565853839
MTMR12,-0.23840995587312,-0.273462303951253,-0.23175151283759,1.71366988386743e-16,8.86336903265676e-16,Early_Loss_Down,0.989278290546035,0.273462303951253
TECR,-0.59293611040008,-0.611238059417036,-0.604577557260503,7.19222251257818e-19,4.5759690940119e-18,Early_Loss_Down,0.999685409781326,0.611238059417036
CORO2A,0.682625737655993,0.733847809621184,0.618697303192076,1.29954160539298e-20,9.58757556744712e-20,Early_Burst_Up,0.990494316379405,0.733847809621184
WDR77,-0.204946058983009,-0.223510180361874,-0.215320256010782,6.13423510221283e-10,1.89632631948793e-09,Early_Loss_Down,0.997503276165824,0.223510180361874
CDC27,0.143954667829189,0.117074023278159,0.183394188272551,9.9239053924596e-06,2.11543905420207e-05,Early_Burst_Up,0.938559518275537,0.183394188272551
AARS2,-0.267227100771548,-0.285579493958565,-0.24428962737521,1.53294990043548e-14,6.76057714436886e-14,Early_Loss_Down,0.992013780335828,0.285579493958565
RB1,0.151617369170218,0.154294037415624,0.173105023006589,0.00430556672026292,0.0068746980518089,Early_Burst_Up,0.992905054959051,0.173105023006589
N4BP1,0.0934789929157591,0.11323297085158,0.120941822872612,7.51206053354592e-05,0.000146371734395151,Early_Burst_Up,0.978300226455202,0.120941822872612
LSR,0.190624723308828,0.245382317141009,0.220582405557185,1.28490025027927e-05,2.71187925001878e-05,Early_Burst_Up,0.979707910140536,0.245382317141009
AIDA,0.342414009071582,0.334572873185072,0.326068308085372,2.62700397518288e-12,9.77770546887718e-12,Early_Burst_Up,0.999203843919554,0.342414009071582
PSMB6,-0.511005977274896,-0.530934993126414,-0.535079769005769,1.23685575639642e-21,9.99331417935046e-21,Early_Loss_Down,0.999201685148018,0.535079769005769
PYCR2,-0.385378213876112,-0.423307458985994,-0.403631479960119,1.64228562569677e-09,4.88459648929539e-09,Early_Loss_Down,0.997074958489663,0.423307458985994
KLK1,-2.05145228051988,-2.121137254187,-2.01555232114027,3.52602384274017e-39,1.76768496501709e-37,Early_Loss_Down,0.999098031351772,2.121137254187
PATJ,-0.144764453041399,-0.126253727534566,-0.116755497161985,0.00430504583902572,0.0068746980518089,Early_Loss_Down,0.984191176407497,0.144764453041399
DPM1,-0.437263174513959,-0.465129076833828,-0.418916734821669,1.11750251391732e-15,5.3943479819141e-15,Early_Loss_Down,0.996299059442269,0.465129076833828
RASAL3,0.354368325867413,0.306862244245397,0.367575206999821,9.90781196718828e-12,3.52061533693172e-11,Early_Burst_Up,0.988637536829354,0.367575206999821
BTK,0.576808647162224,0.553340588016302,0.615800299359863,1.19840644263425e-20,8.87289894626536e-20,Early_Burst_Up,0.996104476872288,0.615800299359863
INTS6,-0.158425222554705,-0.155790649750163,-0.113643370785906,5.61093618482216e-08,1.46239307641998e-07,Early_Loss_Down,0.961011972363962,0.158425222554705
NFIC,-0.479395336985785,-0.506907954262383,-0.473428606739632,1.40847130110774e-23,1.32294561713529e-22,Early_Loss_Down,0.998208881091481,0.506907954262383
ASRGL1,-0.330942622711046,-0.346586188617155,-0.315722575012111,2.13686296083435e-07,5.27841304840115e-07,Early_Loss_Down,0.997115692405214,0.346586188617155
BRIX1,0.27420706477863,0.23684856518314,0.271056027003516,5.55216644710428e-08,1.44798273810097e-07,Early_Burst_Up,0.991683325195451,0.27420706477863
MRPL37,-0.224503742847357,-0.291700680861865,-0.246482905445386,1.09071117415192e-11,3.8477737987674e-11,Early_Loss_Down,0.976629456427881,0.291700680861865
RHPN2,0.328907267653437,0.385277424555448,0.426330750898615,6.0712164792863e-15,2.76695857287079e-14,Early_Burst_Up,0.978634393535407,0.426330750898615
DEF6,0.24013705225219,0.248916332255283,0.329672603200395,3.28067403658111e-10,1.03888011158402e-09,Early_Burst_Up,0.959052423906962,0.329672603200395
PPP4R1,0.115972005952159,0.117073900892632,0.162934645594312,4.42564121133824e-06,9.73313587757845e-06,Early_Burst_Up,0.949180953714979,0.162934645594312
PALS2,-0.188262130585123,-0.252884766343781,-0.116878768938494,3.10406055903856e-07,7.54218743717341e-07,Mid_Trough,0.953016533571751,0.252884766343781
PLXDC2,0.667683687632999,0.701590391546019,0.632902388197695,3.19393489377877e-28,4.64684024231241e-27,Early_Burst_Up,0.996487559683148,0.701590391546019
AARSD1,-0.369193676512996,-0.38224848993806,-0.34651927725493,1.85634550174675e-17,1.03403663089267e-16,Early_Loss_Down,0.996762202574656,0.38224848993806
ERI3,-0.109658933365234,-0.146679525662321,-0.0857033409185234,0.00863753897073517,0.0133361037689162,Mid_Trough,0.961471097429817,0.146679525662321
ANP32B,-0.312353632994021,-0.278488995298242,-0.280580527099873,7.05023658692246e-07,1.65787140085812e-06,Early_Loss_Down,0.994357364614436,0.312353632994021
SBNO1,0.0480628636713642,0.0480136143141621,0.100949801106458,0.00849811310371009,0.0131354563984167,Monotonic_Up,0.947976768539154,0.100949801106458
CRELD2,-0.913557009352392,-0.920013875079183,-0.823092326991304,1.8556691550643e-25,2.06731977355356e-24,Early_Loss_Down,0.99504425679106,0.920013875079183
NUP35,-0.202624216740124,-0.20250974191047,-0.213910972368678,4.52977131267822e-13,1.79850939237157e-12,Early_Loss_Down,0.99865937690364,0.213910972368678
CALCOCO2,0.151533970134286,0.127284779879667,0.118391718667617,0.000137901819220251,0.000261893870276342,Early_Burst_Up,0.978344287851584,0.151533970134286
ITGA11,0.82298059953957,0.911259715218515,0.850868595384061,6.74392373147736e-32,1.43536913793746e-30,Early_Burst_Up,0.99636336764331,0.911259715218515
CLPP,-0.179759449734591,-0.217796874256419,-0.249851395236344,2.4867604394238e-09,7.27295517408113e-09,Early_Loss_Down,0.966510981665975,0.249851395236344
LPXN,0.350872585880378,0.352221559770261,0.380527328923774,3.76870610554156e-10,1.18799894736049e-09,Early_Burst_Up,0.997146666629792,0.380527328923774
SNX7,0.168946404111004,0.183340086104068,0.132624444587319,2.07038647371827e-05,4.28494310725777e-05,Early_Burst_Up,0.966862441052672,0.183340086104068
DNAJC1,-0.574856362038984,-0.602287409960574,-0.489798377872015,3.17047856265529e-17,1.72901196582027e-16,Early_Loss_Down,0.985466407067845,0.602287409960574
ACAD8,-0.603410158535058,-0.660042138644128,-0.675068486348198,7.56038088394401e-30,1.30805591925534e-28,Early_Loss_Down,0.995470975708527,0.675068486348198
UNC13D,0.339402900248091,0.404735163542005,0.491284291824317,4.56450112589361e-21,3.53448293296369e-20,Early_Burst_Up,0.957267181540136,0.491284291824317
PTPRJ,0.318953793394021,0.362873105322945,0.36553141500956,3.02200401508678e-14,1.30644765784687e-13,Early_Burst_Up,0.99259786623553,0.36553141500956
NEDD4,0.104355945788261,0.096954761161476,0.112754183031866,0.0297232317819392,0.0423918997239585,Early_Burst_Up,0.992483376768175,0.112754183031866
PPIL1,0.169161981365991,0.16811608677458,0.223451182717122,5.03037999199884e-05,0.000100174257701398,Early_Burst_Up,0.963829662894034,0.223451182717122
MGLL,0.482109914551624,0.509642469229594,0.474286209043539,1.08679392325473e-14,4.85730345291401e-14,Early_Burst_Up,0.998079943441052,0.509642469229594
ANKMY2,-0.120952546282232,-0.132623962209369,-0.125272564628179,0.00240663376241359,0.00398012841232232,Early_Loss_Down,0.997101310270803,0.132623962209369
PDPK1,0.0599597307839037,0.0889208480925009,0.0870474139156746,0.02580705284911,0.0371246834589963,Early_Burst_Up,0.947769433464027,0.0889208480925009
SIPA1L3,-0.0408891860091698,-0.0757437790681842,-0.0723916883229306,0.0333057596983948,0.0470977964672967,Mid_Plateau_Down,0.962081059245138,0.0757437790681842
CPA3,0.175301624558646,0.2020195437774,0.383198297222468,0.00707882413881324,0.01104423968564,Monotonic_Up,0.968324160374251,0.383198297222468
PUM2,0.327882277923963,0.339135945283288,0.341981774175768,1.61417522993703e-20,1.18249703024084e-19,Early_Burst_Up,0.99934541140371,0.341981774175768
COG6,0.268390945171476,0.261068318530208,0.255618531325277,4.50651287482253e-10,1.41148664449654e-09,Early_Burst_Up,0.999201228249572,0.268390945171476
PLXNA2,-0.599817484346248,-0.60826879743609,-0.595997103317389,2.88402333356029e-23,2.64909957857492e-22,Early_Loss_Down,0.999854633813956,0.60826879743609
GCDH,-0.263370403315659,-0.304822103286276,-0.30262001138424,3.18689853639687e-11,1.08872617487253e-10,Early_Loss_Down,0.991501989417978,0.304822103286276
CBFB,0.61284820308858,0.689382773155874,0.630696863811901,6.77315900652065e-44,7.13496572813479e-42,Early_Burst_Up,0.994889756216495,0.689382773155874
MT-CO2,-0.383204812467375,-0.36071279653534,-0.379696747106072,6.37337618542612e-08,1.65334278725424e-07,Early_Loss_Down,0.998611087081005,0.383204812467375
COL17A1,1.13972677356107,1.19379691479355,1.04384957756011,5.40726129774094e-29,8.37974460331473e-28,Early_Burst_Up,0.993987979288645,1.19379691479355
ZNFX1,0.277126683832916,0.287154611131716,0.310492667492239,5.56957831061145e-25,5.88945752235177e-24,Early_Burst_Up,0.995435403557736,0.310492667492239
MAN1A1,-0.329376742373587,-0.417656344827337,-0.364336761354103,5.3308548566675e-18,3.11103605309866e-17,Early_Loss_Down,0.981334161446481,0.417656344827337
NEDD1,-0.174177226383528,-0.153646771682146,-0.126100595361861,3.22613821011233e-08,8.57487134607309e-08,Early_Loss_Down,0.967739359560595,0.174177226383528
TRAPPC9,0.126812197821514,0.149526092510164,0.154006128190503,6.14120274114899e-08,1.59609897601005e-07,Early_Burst_Up,0.986503639754882,0.154006128190503
ISOC1,-0.344247401565893,-0.418546964033348,-0.321067567480967,1.60848733379909e-17,9.05671961561299e-17,Early_Loss_Down,0.974517676493116,0.418546964033348
ENSG00000288796,-0.614949425608833,-0.700710472709326,-0.548186690394743,1.42867740281679e-07,3.60286465037617e-07,Early_Loss_Down,0.980398075333663,0.700710472709326
PITHD1,0.297715064006988,0.259620953262822,0.260868677139493,9.69888385938934e-08,2.47741287531731e-07,Early_Burst_Up,0.991708322491615,0.297715064006988
FLT1,0.263067745896317,0.299412186031554,0.34155411092189,4.52714727503894e-07,1.08510713199522e-06,Early_Burst_Up,0.978088610308384,0.34155411092189
PURB,-0.247451760418469,-0.254775236372764,-0.250574134109411,1.77888786413431e-10,5.74462739826375e-10,Early_Loss_Down,0.999714149740321,0.254775236372764
EEF1E1,-0.632682417194172,-0.640108590780427,-0.599127379373332,1.18587828012393e-21,9.60007689415499e-21,Early_Loss_Down,0.998371291199333,0.640108590780427
MCMBP,0.233979680428759,0.249741865730338,0.26759334226544,3.74467922167916e-12,1.37403970382778e-11,Early_Burst_Up,0.994041014146366,0.26759334226544
NOSTRIN,-0.721043198782213,-0.714746841637843,-0.725706713790041,1.3151869527282e-34,3.82691811909234e-33,Early_Loss_Down,0.999922308441548,0.725706713790041
CTSE,1.13991908230433,1.21587276773732,1.06269548525443,1.24525119511127e-19,8.34378457787114e-19,Early_Burst_Up,0.994030341467547,1.21587276773732
ENDOD1,0.45986520959531,0.480259721703961,0.40712173193629,2.09603545179874e-18,1.2732267905014e-17,Early_Burst_Up,0.990713213538283,0.480259721703961
GOLM2,-0.113037105768462,-0.135337122880913,-0.190457040918419,0.014077428360934,0.0210176460028153,Monotonic_Down,0.957429797240077,0.190457040918419
CHMP1B,0.218702071410573,0.19543813941163,0.236521692995133,1.47015936314624e-05,3.08800257953131e-05,Early_Burst_Up,0.988182399494228,0.236521692995133
CWC15,0.338113785314039,0.342245677372912,0.357094160419801,6.68571273568512e-10,2.05992230234623e-09,Early_Burst_Up,0.998891006586171,0.357094160419801
NCF4,0.664936122918596,0.72145239733564,0.674895110776288,2.30418412526721e-21,1.82797142902514e-20,Early_Burst_Up,0.997439385046715,0.72145239733564
SMG8,0.058539086469956,0.0741702406942982,0.101423643129958,0.000727568263006902,0.00127523653848851,Monotonic_Up,0.96364419018082,0.101423643129958
SDF4,0.219449876129036,0.190144080156447,0.196573455692513,2.78069142337126e-05,5.678751908048e-05,Early_Burst_Up,0.992340693942241,0.219449876129036
RBCK1,0.342689857503883,0.333225502057148,0.311104578836694,5.75523392889049e-17,3.09000366169204e-16,Early_Burst_Up,0.996779074403816,0.342689857503883
ACSM3,-1.08912396684445,-1.02136753403718,-1.06398688608659,6.2405400862733e-24,6.00390457779959e-23,Early_Loss_Down,0.998605878510803,1.08912396684445
NOTCH3,0.635210368108097,0.679749867939085,0.649182295737203,8.80812066980866e-37,3.36243945936457e-35,Early_Burst_Up,0.998389861631581,0.679749867939085
ZNF598,-0.332615743691352,-0.334388306590592,-0.311806953490835,1.80700051850442e-19,1.1952938224733e-18,Early_Loss_Down,0.998030893704734,0.334388306590592
GREM1,0.991717706959249,1.00451052744021,0.95088034932906,2.34297433273977e-25,2.58254733735899e-24,Early_Burst_Up,0.99891775282336,1.00451052744021
HAPLN3,0.956624897834106,1.06235110651863,0.999826427788258,2.32171917721336e-44,2.54228249904863e-42,Early_Burst_Up,0.996299925208217,1.06235110651863
MTARC2,-0.757309727885681,-0.809631370877692,-0.806544679366524,3.8769230438193e-25,4.1738361669682e-24,Early_Loss_Down,0.998169157667085,0.809631370877692
NME3,0.22832064531983,0.211941261032976,0.258327505345651,5.78506288167515e-06,1.25897733528506e-05,Early_Burst_Up,0.986664232371628,0.258327505345651
GGT1,-0.430714909043517,-0.432673761296262,-0.373848044078361,5.99695261797017e-10,1.8551199824272e-09,Early_Loss_Down,0.991361805776616,0.432673761296262
MAPK14,0.341138086925485,0.370762408162519,0.370908364447959,1.51336669563285e-26,1.8603009809537e-25,Early_Burst_Up,0.997004678263476,0.370908364447959
HCK,0.577690518688693,0.631921595802971,0.677781865444918,4.88739302679164e-28,6.95262987503591e-27,Early_Burst_Up,0.991649091155874,0.677781865444918
DNTTIP2,-0.196979797371693,-0.215049751852023,-0.187545986251411,7.30867447464028e-10,2.2402500544367e-09,Early_Loss_Down,0.993542878133985,0.215049751852023
WTAP,0.260939176227285,0.252213403954299,0.280792900499037,4.59313308192937e-10,1.43807575273951e-09,Early_Burst_Up,0.995941089078922,0.280792900499037
PLVAP,-0.643609330786929,-0.650782872573991,-0.566404311190816,6.76673756751822e-31,1.3157193933852e-29,Early_Loss_Down,0.992500197013218,0.650782872573991
SST,-1.27700444748573,-1.40829998512671,-1.2895232192787,1.08142938281064e-16,5.69238160895013e-16,Early_Loss_Down,0.996035768329562,1.40829998512671
CCN2,0.743189576478795,0.766304688220562,0.705217540355998,1.0826273403952e-26,1.34472010847296e-25,Early_Burst_Up,0.997680720066352,0.766304688220562
BACH1,0.105252639059426,0.123885385726382,0.0912049975578164,0.00724878714868337,0.0112924759736696,Early_Burst_Up,0.969980759891623,0.123885385726382
DCAF8,-0.249262846508137,-0.292113920383214,-0.301153550810501,1.1578955989401e-14,5.16675987902388e-14,Early_Loss_Down,0.987257613109856,0.301153550810501
CIAO1,0.18881588367859,0.184823490038292,0.219008949783005,1.30617987983237e-08,3.57919952583634e-08,Early_Burst_Up,0.988273244775311,0.219008949783005
ITGAL,0.36931510950014,0.349271598649934,0.442752174360923,1.62869510429013e-08,4.43375880206164e-08,Early_Burst_Up,0.979121052919372,0.442752174360923
OTC,-1.01677346489894,-1.10029584390798,-1.06704255234889,6.82800985248687e-19,4.35422973121807e-18,Early_Loss_Down,0.997913795417981,1.10029584390798
MEAK7,0.342879910776583,0.386356198284395,0.314809004906999,7.91650827426286e-23,7.06558263670864e-22,Early_Burst_Up,0.985993537984039,0.386356198284395
PSME3,0.18124614493013,0.218149144906523,0.215262957758684,7.24036841523508e-06,1.56131312671739e-05,Early_Burst_Up,0.98688374763626,0.218149144906523
PFN2,0.315435834752233,0.200974757116851,0.200667541974091,0.000119195392047179,0.000227457934560107,Early_Peak,0.931752364787565,0.315435834752233
IFI35,0.44723044941654,0.541935024885163,0.536182041522408,1.22672210520545e-26,1.51465598805931e-25,Early_Burst_Up,0.985770085161655,0.541935024885163
NDUFA12,-0.277141285618596,-0.261331644568395,-0.25541006989981,5.42134163178424e-07,1.28977716008315e-06,Early_Loss_Down,0.997605595888768,0.277141285618596
RPS28,0.205805589803251,0.127000067713166,0.151412266259696,0.0322692312026052,0.0457564392687137,Early_Burst_Up,0.925850960370144,0.205805589803251
GSDME,0.631786439532177,0.618739107301138,0.606926414430006,2.75762911941115e-31,5.54323418641053e-30,Early_Burst_Up,0.999462602157447,0.631786439532177
NUMB,0.279601018789514,0.271061859343654,0.268518384040386,9.38386397491919e-17,4.97404560504952e-16,Early_Burst_Up,0.999397880043875,0.279601018789514
TAB1,-0.0962823564049696,-0.0863925585291403,-0.0721989235252473,0.00273014908237662,0.00447778885761494,Early_Loss_Down,0.973980790881557,0.0962823564049696
THNSL1,-0.955868100179609,-1.00961529460569,-0.947067746437077,9.93793866143404e-50,2.85184570829152e-47,Early_Loss_Down,0.998382234341213,1.00961529460569
ANAPC1,-0.211914302693166,-0.218029128533123,-0.156549949324387,8.52737446744447e-10,2.59754064121789e-09,Early_Loss_Down,0.962235930814721,0.218029128533123
ISG15,0.897805870516495,0.985164363821006,0.936922592219267,2.55913212810777e-32,5.69412988081197e-31,Early_Burst_Up,0.997122830111497,0.985164363821006
STON1-GTF2A1L,0.620377735603877,0.638098653040566,0.586162735524347,2.52719785503345e-34,7.08125944430585e-33,Early_Burst_Up,0.997550951949817,0.638098653040566
BPGM,-0.28721603604267,-0.387508618172161,-0.273609769040048,4.71947174933383e-06,1.03329239405304e-05,Mid_Trough,0.952919703944327,0.387508618172161
MRTFB,-0.333734344887567,-0.32185144791825,-0.28806773842108,1.10765808604476e-20,8.2523998138447e-20,Early_Loss_Down,0.99252036172985,0.333734344887567
ECE1,-0.129234743117635,-0.152270254832593,-0.125484244038741,0.00158363020081118,0.00267484687054002,Early_Loss_Down,0.985099619746839,0.152270254832593
COX6A1,-0.778444671746389,-0.707982939971204,-0.698381415871779,2.85467877566132e-30,5.16448625457685e-29,Early_Loss_Down,0.995229729052177,0.778444671746389
SPTLC2,0.39618147824693,0.421552931050921,0.42666884246562,1.7843323239587e-18,1.09025063142322e-17,Early_Burst_Up,0.997940738314177,0.42666884246562
UQCRFS1,-0.343645454729646,-0.328936060634916,-0.358119104807759,5.64473029455599e-11,1.89417118997157e-10,Early_Loss_Down,0.997603576909017,0.358119104807759
AP1M2,-0.351772547978767,-0.309480888549686,-0.354232479603808,7.27098403029134e-08,1.87683402915895e-07,Early_Loss_Down,0.992715561437138,0.354232479603808
CASP4,0.198428786977955,0.256451307891814,0.267735794932309,1.52232392391917e-15,7.28509470664483e-15,Early_Burst_Up,0.969658675528255,0.267735794932309
SOS1,0.163823125003642,0.136001289360117,0.168967755127748,7.62064535815779e-07,1.78796195857313e-06,Early_Burst_Up,0.983254584007422,0.168967755127748
BICC1,0.424857326052965,0.356316285875631,0.419612366814836,1.11396619093119e-13,4.61904665716459e-13,Early_Burst_Up,0.988104088697383,0.424857326052965
MET,0.638822151428107,0.709703037400429,0.632864100165942,3.8465500056327e-21,2.9944798079397e-20,Early_Burst_Up,0.994460988740591,0.709703037400429
CD14,0.308877754187476,0.320577314569259,0.355447341926261,7.22865883443193e-11,2.41109814910391e-10,Early_Burst_Up,0.992817499123356,0.355447341926261
PLBD2,0.467212132173445,0.485760636948588,0.521962954195324,7.84676338204434e-26,9.06955067574625e-25,Early_Burst_Up,0.995750119020543,0.521962954195324
ENOSF1,-0.231881980387361,-0.247864957079712,-0.112705407976273,9.9707716260919e-06,2.12434105151912e-05,Early_Trough,0.927029827600975,0.247864957079712
SERPINB8,0.700873859950539,0.663246847657068,0.712826420983231,1.02076562512416e-23,9.70835603689511e-23,Early_Burst_Up,0.998142849550372,0.712826420983231
THOC5,-0.0480409895466255,-0.0809860374691485,-0.0218482943637487,0.00450195137444128,0.00717450006474538,Mid_Trough,0.947456942349799,0.0809860374691485
GNPDA2,0.497215503566555,0.446674447508272,0.487787708928482,8.38864279565235e-19,5.30070503761723e-18,Early_Burst_Up,0.995798131004982,0.497215503566555
PPCS,0.14571745867527,0.150647897508004,0.167053345482732,0.000165585011703046,0.000312471307798809,Early_Burst_Up,0.993099843656753,0.167053345482732
NOC3L,-0.0520437812939813,-0.10866665854854,-0.00772398905638263,0.0136542843084657,0.0204482551763635,Mid_Trough,0.888200438212601,0.10866665854854
WDR7,-0.137529469332557,-0.139607924413823,-0.0975555592266971,8.59977517834403e-06,1.84309371707904e-05,Early_Loss_Down,0.955186504883828,0.139607924413823
TBC1D10B,0.0993190914210007,0.0881518127391677,0.0897373094966716,0.00228149074262589,0.00378067820791171,Early_Burst_Up,0.994347612946936,0.0993190914210007
STK38L,0.255900229138703,0.240558993259101,0.191925438751151,1.21940692485204e-10,3.98895614332494e-10,Early_Burst_Up,0.972893819233453,0.255900229138703
HTRA3,0.976396834230298,1.1036316598704,1.01377248352663,3.30429908315245e-39,1.6665683012118e-37,Early_Burst_Up,0.99468098328601,1.1036316598704
TRAPPC11,-0.104485190749301,-0.10779303816341,-0.102991157594432,5.97420212084386e-05,0.000118037298313539,Early_Loss_Down,0.999271743046912,0.10779303816341
NDUFA8,-0.445928829449531,-0.409885342735477,-0.4228275165222,1.37028748233556e-20,1.00916216176961e-19,Early_Loss_Down,0.997561977727689,0.445928829449531
CELF2,0.296929332034413,0.250477733293616,0.313514330543379,6.00228453864769e-06,1.30488536913861e-05,Early_Burst_Up,0.98314875606899,0.313514330543379
L2HGDH,-0.630471948599416,-0.642979508231385,-0.611546939139366,2.29462023959282e-29,3.76643582522514e-28,Early_Loss_Down,0.999155302359362,0.642979508231385
GCC1,-0.18241476268644,-0.165986790727134,-0.183019802519196,1.00557323636024e-10,3.31683728616325e-10,Early_Loss_Down,0.996054979178582,0.183019802519196
SRSF6,0.325645187040955,0.310061138867833,0.336626070399142,2.44656826221558e-09,7.16661072796835e-09,Early_Burst_Up,0.997745948109591,0.336626070399142
MICALL1,-0.330073323565114,-0.320119535475701,-0.289690931030113,2.34665866813883e-13,9.46167317647835e-13,Early_Loss_Down,0.994041076893518,0.330073323565114
ADI1,0.116392683260237,0.151011054026836,0.129668284603461,0.000943545514134052,0.00163587203512991,Early_Burst_Up,0.977562436886996,0.151011054026836
TIAL1,0.0691294221099005,0.0754401981391255,0.0883893139637656,0.0103936951855058,0.0158476239160461,Early_Burst_Up,0.979340805070282,0.0883893139637656
WDR70,-0.0706217314611568,-0.100315098784097,-0.0603039914294391,0.034738661869699,0.048949397913924,Mid_Trough,0.972600928967178,0.100315098784097
PLEKHA2,0.451593399834421,0.422089926815287,0.451563783094265,1.28722789618971e-18,8.00023192837248e-18,Early_Burst_Up,0.998025355354653,0.451593399834421
ERCC5,-0.0989063873129247,-0.110011399229339,-0.114184052461593,0.000899467536338819,0.00156205526657171,Early_Loss_Down,0.992908378174129,0.114184052461593
CEACAM5,1.02372252464079,1.13499443390047,0.814763229904882,4.68542357934672e-19,3.0203017062218e-18,Early_Burst_Up,0.965947405898602,1.13499443390047
THOC6,0.100395634840165,0.086646668192135,0.113003237936365,0.00272303466278964,0.00446760376291742,Early_Burst_Up,0.977611864285139,0.113003237936365
SETD7,0.158912574394439,0.144937282714353,0.101793843947918,0.00164152506028076,0.00276757932570026,Early_Burst_Up,0.941009959486479,0.158912574394439
CCDC124,-0.083493980538825,-0.129086349665345,-0.120248951067712,0.00030644607278756,0.000561109838886265,Early_Loss_Down,0.942114366419372,0.129086349665345
L3HYPDH,0.626002592259152,0.605846415069878,0.583945304992115,1.04853314901486e-25,1.19696747134454e-24,Early_Burst_Up,0.998393531973249,0.626002592259152
GNB4,0.233463745829622,0.227865423571012,0.230703660814528,1.03243366636014e-05,2.19573548976465e-05,Early_Burst_Up,0.999803716417364,0.233463745829622
ABRAXAS2,-0.0908952426371922,-0.117815581364124,-0.140089405569873,1.48593991620434e-05,3.11957416313131e-05,Early_Loss_Down,0.945035397587582,0.140089405569873
UNK,-0.217838394292921,-0.215423804457655,-0.17376933924526,5.07070577075819e-11,1.71051533945074e-10,Early_Loss_Down,0.980590227903228,0.217838394292921
SNCG,-0.152691110350426,-0.270624185238561,-0.364310178759436,0.0347664909612964,0.0489803178906228,Monotonic_Down,0.99407885379152,0.364310178759436
PDK3,-0.212154512873843,-0.273804459522136,-0.287950448535931,2.31157973738908e-10,7.37896684869655e-10,Early_Loss_Down,0.968963239317481,0.287950448535931
REPS1,0.138960621054006,0.132941357143995,0.17159021501037,2.4201659843917e-05,4.97422112178507e-05,Early_Burst_Up,0.974616438214446,0.17159021501037
ENG,0.468009102497826,0.448827800260657,0.464695718943082,1.98853790429512e-14,8.69149813001261e-14,Early_Burst_Up,0.999339771050956,0.468009102497826
YKT6,0.151818591802383,0.117039950906163,0.119000512950901,0.00103643500459703,0.00179094935802668,Early_Burst_Up,0.970873099429495,0.151818591802383
PUS1,0.136034960034187,0.135923566247836,0.146952337437169,0.00485111675501604,0.00770585868204685,Early_Burst_Up,0.99726647297814,0.146952337437169
NUMBL,0.381298300084185,0.36452722932444,0.351775149223685,5.34430872641645e-19,3.42381348893285e-18,Early_Burst_Up,0.997823230039113,0.381298300084185
SERPINI2,-2.29802805801308,-2.30285701111946,-2.21994119790979,1.62828455950588e-34,4.67261520834756e-33,Early_Loss_Down,0.999441788335669,2.30285701111946
AMY2B,-1.96527764586386,-1.89573755504567,-1.89558555549125,9.77797585779921e-33,2.30516473338824e-31,Early_Loss_Down,0.999415522627249,1.96527764586386
IRAG1,0.277479203901151,0.339191138218534,0.327901684582029,6.97023179303645e-09,1.95702661881408e-08,Early_Burst_Up,0.985787169881803,0.339191138218534
CYB5A,-1.16028340429638,-1.16902186184249,-1.14659084333683,7.45499058706554e-45,8.7576586637486e-43,Early_Loss_Down,0.999873057325783,1.16902186184249
RIPOR1,0.351124537120501,0.324215280783557,0.367061419650135,2.68287206168378e-20,1.92307160183742e-19,Early_Burst_Up,0.994860649058577,0.367061419650135
NOP14,-0.161958683268513,-0.170782353173735,-0.127594507754913,2.86459299820603e-05,5.84149544990702e-05,Early_Loss_Down,0.97175916128655,0.170782353173735
NT5C,-0.278655300720263,-0.254888460289432,-0.266568476714689,8.63196384222238e-11,2.86196028266831e-10,Early_Loss_Down,0.99736315656875,0.278655300720263
HEPH,0.445141352049769,0.483882068509502,0.465567042670278,1.92047526552803e-10,6.18266737320089e-10,Early_Burst_Up,0.99769066874788,0.483882068509502
GNG12,0.239556542869583,0.187200623337606,0.100216664826,9.27138088477622e-05,0.000178561517526285,Early_Peak,0.990949041380562,0.239556542869583
SEPTIN1,0.222457675505992,0.176294933776883,0.189068633704471,0.0337044190258773,0.0476049177076291,Early_Burst_Up,0.980833692859107,0.222457675505992
MMP7,1.31934164461096,1.28702434798384,1.15955933206105,1.43155165137176e-32,3.31848825702389e-31,Early_Burst_Up,0.994015299063081,1.31934164461096
SNX8,0.283577004020655,0.290821642191256,0.318566375509677,1.91507500979958e-19,1.26385838473847e-18,Early_Burst_Up,0.994906140500313,0.318566375509677
CCDC25,-0.205253253771612,-0.204344670723027,-0.209222410039705,7.49585178002531e-05,0.000146124334770135,Early_Loss_Down,0.999789212681252,0.209222410039705
ITGA5,0.304830220492707,0.326214123086794,0.249251672735026,9.00189865259926e-05,0.000173451726295279,Early_Burst_Up,0.976421139192772,0.326214123086794
PLEKHF2,0.155063263788755,0.135513446460939,0.149873135267067,0.00711529274789594,0.0110969764332815,Early_Burst_Up,0.993715961455595,0.155063263788755
BTF3L4,-0.529228075321217,-0.537795953918606,-0.586526985186728,2.23553911352731e-18,1.35204625746906e-17,Early_Loss_Down,0.995833931637352,0.586526985186728
NKRF,0.178469606235571,0.158614824838134,0.182273218977858,1.08255464847159e-05,2.29997952121026e-05,Early_Burst_Up,0.992895977616157,0.182273218977858
SLPI,1.27688512548936,1.32164716365675,1.08535637753511,1.68562009725166e-27,2.25889379216237e-26,Early_Burst_Up,0.986354757068921,1.32164716365675
BABAM1,0.10844560090389,0.0732473294547852,0.11555419321301,0.0169593335599261,0.0250240379229973,Early_Burst_Up,0.936830151825889,0.11555419321301
SH3PXD2A,0.561275491695204,0.61980944663386,0.550620924282234,6.28761223939091e-35,1.88900754715564e-33,Early_Burst_Up,0.994492427845694,0.61980944663386
NDUFB10,-0.50817326928187,-0.492575193004208,-0.487518965872702,1.51766459184189e-19,1.00918632625168e-18,Early_Loss_Down,0.99937261391689,0.50817326928187
SRPK2,-0.215700638040495,-0.232572359850931,-0.194554111135224,3.06497744146361e-12,1.13413705059405e-11,Early_Loss_Down,0.98962604680466,0.232572359850931
REL,0.237898620215202,0.277857243575949,0.261728591655632,8.24214150688772e-14,3.44332839459436e-13,Early_Burst_Up,0.992072884754894,0.277857243575949
ARID2,-0.0715832692783857,-0.069136661946083,-0.00214374594465186,0.022803939118951,0.0330157239644938,Early_Trough,0.908740595611814,0.0715832692783857
TBCC,-0.206075420384725,-0.203861520598671,-0.171106938279642,1.35715952547091e-08,3.71522420097663e-08,Early_Loss_Down,0.986644001278678,0.206075420384725
MICAL3,-0.17487823297949,-0.163001817768037,-0.142825051254849,1.68395725904146e-06,3.83626945243444e-06,Early_Loss_Down,0.986636121784638,0.17487823297949
MMP1,0.802091592516251,0.903195924224462,0.93903791863038,6.64060935361071e-14,2.79530354277938e-13,Early_Burst_Up,0.991455439892832,0.93903791863038
C11orf58,-0.170690927501133,-0.138670225132503,-0.125173699549383,0.013358441426932,0.0200304413612483,Early_Loss_Down,0.966976396709418,0.170690927501133
ZNF148,-0.200887248472621,-0.182851531831436,-0.150565811439399,7.46214611527199e-10,2.28392717805419e-09,Early_Loss_Down,0.973749457193589,0.200887248472621
MRPL39,-0.404699440371698,-0.45672834774844,-0.369560961284982,5.41606199261175e-26,6.38420225248088e-25,Early_Loss_Down,0.98510855706693,0.45672834774844
ELP3,0.0711875957404294,0.0499559464909332,0.0936692271535378,0.0105655556114462,0.016100815564632,Early_Burst_Up,0.894954111874021,0.0936692271535378
BCCIP,-0.514428132653378,-0.508975634485767,-0.460673124086823,2.25185741534861e-23,2.08453363854629e-22,Early_Loss_Down,0.995264273565243,0.514428132653378
ARIH2,0.228772131524195,0.20294688342882,0.245565533730206,5.00940216295905e-12,1.81965276299194e-11,Early_Burst_Up,0.988156968995192,0.245565533730206
PROM1,0.422117112323271,0.513538890592088,0.43170972428379,4.95303682175133e-07,1.18309909387527e-06,Early_Burst_Up,0.984181803500659,0.513538890592088
TACSTD2,0.315267807909718,0.365544754982955,0.364235031682715,2.4656090279416e-05,5.06012289285573e-05,Early_Burst_Up,0.991097035313731,0.365544754982955
ACBD5,0.402839287863366,0.406472211773742,0.442595662543287,4.91973678627259e-14,2.09422248262714e-13,Early_Burst_Up,0.996321395104483,0.442595662543287
MFN1,-0.342502795164163,-0.367422511155471,-0.343388460386573,2.27078642200403e-18,1.37236634741594e-17,Early_Loss_Down,0.997844851346422,0.367422511155471
RPS20,-0.354857141721867,-0.448351701971319,-0.340954282365821,1.98581886737693e-10,6.38068904027443e-10,Early_Loss_Down,0.970123116604733,0.448351701971319
TRAM1,-1.01458728293549,-1.01963848805318,-1.00201144819333,4.94966032242633e-27,6.26956974174001e-26,Early_Loss_Down,0.999892762027293,1.01963848805318
STXBP5,-0.236632263151132,-0.25118244911519,-0.250340356093108,2.1473282637542e-13,8.67478922862253e-13,Early_Loss_Down,0.998533791613511,0.25118244911519
CCDC91,-0.410702280700227,-0.364682264434018,-0.310635262733157,1.92661571497666e-18,1.17546158211406e-17,Early_Loss_Down,0.975412901124623,0.410702280700227
TIMM10,-0.123189994070532,-0.16203881081537,-0.180895010156498,6.75515724438979e-05,0.0001325233818666,Early_Loss_Down,0.955360252554341,0.180895010156498
ENTPD1,0.55981998132238,0.610416398610428,0.588497371292959,2.70501554002046e-24,2.66404015669234e-23,Early_Burst_Up,0.997511644320963,0.610416398610428
ADIRF,-0.545198775726013,-0.748896898404491,-0.84292653215621,1.93968467932501e-12,7.30079416614326e-12,Early_Loss_Down,0.944184010698017,0.84292653215621
MTPN,0.319736452894826,0.292869526845922,0.226657233827799,5.87677646696796e-07,1.39414292354924e-06,Early_Burst_Up,0.963054979128268,0.319736452894826
LOXL1,0.72971095626418,0.713348595463601,0.676851250567647,4.01287596455531e-30,7.1817535004364e-29,Early_Burst_Up,0.998050260832443,0.72971095626418
SAA2-SAA4,0.459540468809287,0.394292002133514,0.438589211749435,1.37589114671958e-05,2.89511153552473e-05,Early_Burst_Up,0.992121460174225,0.459540468809287
EMC2,0.14363405657425,0.155162168240615,0.157579756059671,0.00200754922098106,0.00334940349178116,Early_Burst_Up,0.99681548619931,0.157579756059671
GMIP,0.353092679319011,0.379819710938851,0.394761982708104,2.0717970174538e-20,1.499260415587e-19,Early_Burst_Up,0.995820882679766,0.394761982708104
DNAJA3,-0.115860674978683,-0.129356461448932,-0.105658207847558,0.0131093803230211,0.0196853596261606,Early_Loss_Down,0.986504968022535,0.129356461448932
PRXL2A,-0.342669818365706,-0.400648664483567,-0.382211761517044,4.23230157086108e-08,1.11530125626048e-07,Early_Loss_Down,0.991790012109116,0.400648664483567
COQ9,-0.711283265662453,-0.731283944969712,-0.721391872598233,9.05968627410294e-37,3.42703223514021e-35,Early_Loss_Down,0.999743809685075,0.731283944969712
NUDT21,-0.100935803898941,-0.0888773676276707,-0.0273444052257121,0.0283837570921244,0.0406207440276284,Early_Trough,0.970585359016537,0.100935803898941
SNX17,0.247673603462375,0.204081571718012,0.240236555896155,3.87032313100514e-08,1.02282721804461e-07,Early_Burst_Up,0.986644979071247,0.247673603462375
PRKAB1,-0.124941335985764,-0.157997027613031,-0.126834198915821,0.00152834270853783,0.00258461044918752,Early_Loss_Down,0.976249372341592,0.157997027613031
NAA35,-0.166190691388445,-0.176243947696397,-0.119493012395325,4.63674001119192e-09,1.32192361675708e-08,Early_Loss_Down,0.952100762413517,0.176243947696397
PCIF1,0.100035855846236,0.101773002025849,0.129478985933756,0.000507523079721182,0.000906742608295336,Early_Burst_Up,0.971431790933658,0.129478985933756
AFAP1L2,0.161282770285189,0.205592665328489,0.142223811252806,0.00812356663580976,0.0125798886384832,Early_Burst_Up,0.954382457187887,0.205592665328489
ATL2,-0.231304141460334,-0.193449314552475,-0.199354557610867,7.58557899468838e-05,0.000147700487584925,Early_Loss_Down,0.987461561206165,0.231304141460334
RUSF1,-0.438076967444116,-0.45211257497141,-0.420409291790421,1.04083678044291e-12,3.99715906176551e-12,Early_Loss_Down,0.998241512255158,0.45211257497141
DCTD,0.227793331904922,0.145824523695809,0.132281038125217,0.00016884043887468,0.000318253710603643,Early_Peak,0.954252084808606,0.227793331904922
SNRPD3,0.421421467598539,0.42286383133531,0.359867675402889,3.77220638120203e-10,1.18865208270971e-09,Early_Burst_Up,0.989465990857185,0.42286383133531
PREPL,-0.126680118295923,-0.145007403820472,-0.113172926554009,1.69038325754417e-06,3.84985480823278e-06,Early_Loss_Down,0.97993720775644,0.145007403820472
CTDP1,-0.0829625015693657,-0.0944224841780957,-0.0409484406602834,0.00354176598927089,0.0057343534168701,Early_Trough,0.906902635321191,0.0944224841780957
SKAP2,0.451473180892579,0.455999338355407,0.524410250585464,1.26781106681877e-12,4.83313041597151e-12,Early_Burst_Up,0.99036643643815,0.524410250585464
BCKDHB,-0.941143385994151,-0.9846398202132,-0.956804999277807,3.75000475999465e-32,8.21251042438828e-31,Early_Loss_Down,0.999299835114312,0.9846398202132
USP16,-0.189642745701297,-0.197676127864007,-0.174391519601332,7.56145289542873e-12,2.7146855477031e-11,Early_Loss_Down,0.994721901445593,0.197676127864007
XPC,-0.194625693759961,-0.212475167608405,-0.188950248703311,3.18023212246324e-06,7.09541333060029e-06,Early_Loss_Down,0.994948222520813,0.212475167608405
TAOK1,0.0900381049583923,0.109230233893667,0.123682544644659,2.03609792132788e-05,4.21712466433315e-05,Early_Burst_Up,0.968753332443419,0.123682544644659
PWP2,-0.1084608791079,-0.112200900330311,-0.0690022789390682,0.0112572209911533,0.0170891267946694,Early_Loss_Down,0.926937441037931,0.112200900330311
CDC42EP1,-0.12424603108146,-0.155375070574571,-0.126912185039547,0.0172178133926389,0.025369448132709,Early_Loss_Down,0.979060198890729,0.155375070574571
CD63,-0.267579440241106,-0.30642696047513,-0.271272576007928,0.00398040698097179,0.00638737888462153,Early_Loss_Down,0.992366503297521,0.30642696047513
ERBB2,0.350849936788623,0.45040600249517,0.417214635710773,9.25085957396587e-16,4.50735675494988e-15,Early_Burst_Up,0.979856682235503,0.45040600249517
PPIG,0.0948001713506236,0.0871065474135381,0.101016593006027,0.0311704661344905,0.0443116875933089,Early_Burst_Up,0.992799544409943,0.101016593006027
S100A12,0.506383789380471,0.585307747590322,0.757479495990957,1.78272320225374e-05,3.7089556222889e-05,Early_Burst_Up,0.94672334531732,0.757479495990957
ACOT11,0.373152533622823,0.422128457871113,0.296591808801263,2.24294865716898e-07,5.52897474080575e-07,Early_Burst_Up,0.961987623341552,0.422128457871113
SLC12A7,0.377083356793307,0.358891908700045,0.351249456933726,1.11894558914976e-13,4.63738306419538e-13,Early_Burst_Up,0.998216837139567,0.377083356793307
LARS2,-0.288573664496379,-0.363087612323645,-0.304556289367635,1.34521999043385e-17,7.61559235400713e-17,Early_Loss_Down,0.980394768505836,0.363087612323645
SAR1B,-0.700760082262589,-0.707987467775151,-0.669358788957272,5.03514013383111e-34,1.36490020175057e-32,Early_Loss_Down,0.998830150994543,0.707987467775151
RAB4A,-0.243033043609116,-0.225554439827214,-0.241370667703593,4.44655630704869e-08,1.16880106087363e-07,Early_Loss_Down,0.997791570697794,0.243033043609116
RBSN,0.130709558305625,0.105023194082637,0.10744278193149,0.00838848255224089,0.012973230217385,Early_Burst_Up,0.980111984576439,0.130709558305625
IFIT5,0.125880342618224,0.121541625289175,0.14330625512984,0.0023661233834877,0.00391546605635009,Early_Burst_Up,0.989730143321367,0.14330625512984
STX7,0.467799592378351,0.534363976197871,0.540369814078698,9.01192024285214e-25,9.31642239267273e-24,Early_Burst_Up,0.991917755759576,0.540369814078698
MBNL1,0.524044878057492,0.49248576516326,0.484172438690378,5.59721712239518e-18,3.25734551696312e-17,Early_Burst_Up,0.997650604737533,0.524044878057492
AFAP1,0.831217553978213,0.861919335997891,0.850442204985365,1.10650920259792e-53,6.57740684572849e-51,Early_Burst_Up,0.999553944067038,0.861919335997891
DLG3,-0.524965101457965,-0.536500212147577,-0.508635937972959,2.96702477370974e-26,3.53747566859777e-25,Early_Loss_Down,0.999047193789296,0.536500212147577
MBNL2,0.553060865653648,0.544297896624895,0.543647780963211,4.49487527373341e-20,3.15133546992497e-19,Early_Burst_Up,0.999876870539183,0.553060865653648
YTHDC1,0.221560931185127,0.204431774628436,0.206785859020732,1.93017140606979e-07,4.79060138422691e-07,Early_Burst_Up,0.997426347255693,0.221560931185127
GALT,-0.152734749725947,-0.153313958010761,-0.155931708531256,0.000885171705349859,0.0015381914662605,Early_Loss_Down,0.999836904645307,0.155931708531256
CCDC50,0.173238768259789,0.169835889124308,0.143630220089618,0.000183050740893527,0.000343715763925075,Early_Burst_Up,0.986961860609785,0.173238768259789
AAMP,-0.0891625283797412,-0.127489872245771,-0.0782690588868589,0.001585959255647,0.00267823720079024,Mid_Trough,0.972949879822172,0.127489872245771
MIB1,0.112510293139205,0.135220990111654,0.158446155138781,5.68438597257517e-09,1.60793542025053e-08,Early_Burst_Up,0.96370446745746,0.158446155138781
GNAI3,-0.0992434496783462,-0.137227047472886,-0.122809930575338,0.00291830665835753,0.00477228296538639,Early_Loss_Down,0.967478663693575,0.137227047472886
ABCC1,0.168868245700225,0.155936805719682,0.150844570840776,0.00318172052669672,0.00518165914347751,Early_Burst_Up,0.995452007799258,0.168868245700225
SARM1,0.162419850460233,0.0793439799329942,0.125060512843088,0.00452167349074446,0.00720317128445165,Early_Burst_Up,0.874111627785041,0.162419850460233
EPB42,-0.510314451982219,-0.604967582845365,-0.428285956757866,7.79642448635034e-07,1.82714290553105e-06,Early_Loss_Down,0.962810182985601,0.604967582845365
CDK5,0.0937372177206468,0.0830394502371104,0.106003063932752,0.0078363336370671,0.0121622470211996,Early_Burst_Up,0.980755772921967,0.106003063932752
DDX47,-0.0639426346881384,-0.0989811825619172,0.00112360674335313,0.011765508592695,0.017808760005167,Mid_Trough,0.816807078613546,0.0989811825619172
PRKCI,0.317273843440971,0.343236257027202,0.371755826151004,2.03876375735291e-19,1.34123256827596e-18,Early_Burst_Up,0.991740457632763,0.371755826151004
POM121,-0.0727658028585712,-0.0678358607352706,0.0332676134292867,0.00890772928391435,0.0137227180860302,Early_Trough,0.792426265435945,0.0727658028585712
APOA2,0.565716617563117,0.405548996068023,0.356473509847112,0.000235993384322614,0.0004374024374906,Early_Peak,0.944648771455362,0.565716617563117
CAMSAP2,0.494684156993962,0.499654568067035,0.461396205156133,9.00628282096689e-37,3.42238747196742e-35,Early_Burst_Up,0.997558480972586,0.499654568067035
NDRG3,-0.0208640956900513,-0.072846454746716,-0.0366120938377815,0.0330070676899334,0.0467230510827736,Mid_Trough,0.967191436760731,0.072846454746716
PALMD,-0.481061962422057,-0.490312746217713,-0.428912211776002,4.36150472464952e-14,1.86902380630964e-13,Early_Loss_Down,0.99336008546377,0.490312746217713
INTS4,-0.161355821896426,-0.169038661856704,-0.119614401858971,6.88635699383602e-07,1.62116726740321e-06,Early_Loss_Down,0.960548162889001,0.169038661856704
RUFY2,0.156626574351951,0.173860762883036,0.144872455431233,2.63120350127425e-07,6.44025751106009e-07,Early_Burst_Up,0.988898393964206,0.173860762883036
SMARCB1,-0.164819041739825,-0.1806599597425,-0.154484267322102,9.32318586217835e-09,2.59143462742312e-08,Early_Loss_Down,0.991758515387373,0.1806599597425
ACTG1,0.607212650413302,0.575396036806379,0.55704800639477,7.26468546125512e-11,2.4221439266252e-10,Early_Burst_Up,0.997455271429474,0.607212650413302
GABPA,-0.0490695448767023,-0.0660870043642496,0.00315578054605873,0.030430620014377,0.0433265388810343,Early_Trough,0.801207349414986,0.0660870043642496
SERPINE2,0.594277096799821,0.530210989371877,0.565649926600508,4.94253613705742e-09,1.40573430391633e-08,Early_Burst_Up,0.995701078533929,0.594277096799821
UPP1,0.708162205744962,0.741831744536325,0.725055222644644,7.00288084600215e-35,2.08881628675376e-33,Early_Burst_Up,0.999281889693512,0.741831744536325
LANCL2,-0.317727927813001,-0.311092311777019,-0.303493622313604,3.1296318668743e-20,2.22986270514794e-19,Early_Loss_Down,0.999300358184626,0.317727927813001
PAXX,-0.136284004980319,-0.160491628101644,-0.144944550315302,0.00058168410103636,0.00103258854283801,Early_Loss_Down,0.990873296672736,0.160491628101644
MRI1,0.144127825059775,0.130942471803571,0.156658593094658,0.0019040029211376,0.00318494719793108,Early_Burst_Up,0.989520634051971,0.156658593094658
HDHD2,-0.384621130197298,-0.482731133686317,-0.415446411846645,7.71516133616698e-14,3.22803281244754e-13,Early_Loss_Down,0.982134500910216,0.482731133686317
DAPK1,0.272178931839377,0.296216855779715,0.281605144516756,2.1952071125322e-14,9.55966174280113e-14,Early_Burst_Up,0.997572396756902,0.296216855779715
PATL1,0.188189200153962,0.219028746877116,0.224863798123085,7.84111906245014e-13,3.05066820185648e-12,Early_Burst_Up,0.988535662257618,0.224863798123085
RPLP1,-0.929951390274391,-0.945238476715499,-0.878683295690201,5.75429137503953e-29,8.88445506921688e-28,Early_Loss_Down,0.998082564775185,0.945238476715499
NFX1,-0.15611265119197,-0.150673892189618,-0.13553742260294,4.40797723936635e-06,9.70198005448474e-06,Early_Loss_Down,0.993100123879116,0.15611265119197
RPS6KA4,0.543508798709982,0.542718657155498,0.508518560012839,5.03209695276091e-29,7.85686882568035e-28,Early_Burst_Up,0.998122183828122,0.543508798709982
SLC25A20,-0.608947613613327,-0.670541354770272,-0.753732391914544,1.1157840247363e-18,6.96590746725843e-18,Early_Loss_Down,0.985018299280277,0.753732391914544
PEX19,0.335943046320653,0.30718394358915,0.293533418533485,3.1982912685184e-12,1.17927248279176e-11,Early_Burst_Up,0.993650650051802,0.335943046320653
AHCYL2,-0.195281038920968,-0.168907754221466,-0.186654564015201,0.000871806325120913,0.0015171836548842,Early_Loss_Down,0.992924755750403,0.195281038920968
SIAE,0.476539168116278,0.460439018205559,0.44038481415324,2.40192006123678e-21,1.90369321424881e-20,Early_Burst_Up,0.997931172088772,0.476539168116278
IGLL1,0.234542489018137,0.177068900142001,0.263007413532396,0.00134787612504226,0.00229809979770574,Early_Burst_Up,0.953001525010336,0.263007413532396
CTRL,-1.43587881549806,-1.49752519541414,-1.41086666506986,1.98287823967065e-37,8.37387617536809e-36,Early_Loss_Down,0.998737542061742,1.49752519541414
CEP170B,0.0710133775184238,0.10105658672334,0.0797944280424558,0.0218244583911982,0.0316692489505756,Early_Burst_Up,0.957702245715774,0.10105658672334
NBEA,-0.239723596445298,-0.289107647705148,-0.254928452721494,4.00337809134773e-14,1.71998515623107e-13,Early_Loss_Down,0.987732909346066,0.289107647705148
KRT75,0.207486910291009,0.257880774027626,0.209483983789505,0.00136871551099578,0.00233124242376318,Early_Burst_Up,0.979210812602806,0.257880774027626
LOX,0.436850850917517,0.444741159251099,0.415102735304073,1.86765424585008e-13,7.60402085810389e-13,Early_Burst_Up,0.99832270314693,0.444741159251099
RBBP9,0.186352853418973,0.0754248185119585,0.0550803316559176,0.0332463616247268,0.0470217915433339,Early_Peak,0.956408008365003,0.186352853418973
TIMM13,-0.414208850553055,-0.424579750829856,-0.46387545286675,9.49271878126331e-25,9.78438021892906e-24,Early_Loss_Down,0.99518103381917,0.46387545286675
DNAAF5,0.174455617494342,0.165643419632184,0.200998749344368,2.0643387052429e-06,4.67086098559853e-06,Early_Burst_Up,0.986400805910594,0.200998749344368
MLKL,0.358246417731481,0.395975116326347,0.415708290798574,3.61194028731723e-19,2.34649235527354e-18,Early_Burst_Up,0.992609112182793,0.415708290798574
METTL13,-0.0864926981977209,-0.093622467749626,-0.0395473824127796,0.0111070420139973,0.0168765389155533,Early_Trough,0.924839874232161,0.093622467749626
CPNE2,0.136373049124877,0.139663792682068,0.16396872771245,0.000103490041981119,0.000198580615486942,Early_Burst_Up,0.986209549986381,0.16396872771245
LSM4,0.177518584837618,0.177239673744246,0.163507899907386,0.00718456244176176,0.0112008109105173,Early_Burst_Up,0.997146002755147,0.177518584837618
NDUFA7,-0.704321770336816,-0.702236896225296,-0.710384069258506,1.25420794251981e-45,1.58144219661362e-43,Early_Loss_Down,0.999952039207073,0.710384069258506
FLAD1,0.275327944005965,0.25936999003636,0.280232368090507,1.00613741303569e-08,2.78730877206492e-08,Early_Burst_Up,0.997856823011386,0.280232368090507
WWTR1,0.320465143331377,0.344012543727937,0.403462916207914,8.71251762995411e-13,3.37706435568133e-12,Early_Burst_Up,0.981288305646631,0.403462916207914
MAP3K5,0.176351968290087,0.154211458188206,0.170293327851051,6.73551933249413e-07,1.58835341130678e-06,Early_Burst_Up,0.993795421030403,0.176351968290087
DHRS1,-0.132573623963834,-0.222573291510152,-0.191676225418898,0.000629014362838356,0.00111280984854184,Early_Loss_Down,0.925349627515269,0.222573291510152
SEC14L2,0.399743139680977,0.443536991500886,0.444100316537345,6.55196820274172e-13,2.56832215653399e-12,Early_Burst_Up,0.995343576208729,0.444100316537345
CD81,-0.170996825072725,-0.262034090777254,-0.215894416207587,0.000139284028520108,0.000264337898596201,Early_Loss_Down,0.945716306668646,0.262034090777254
LGALS2,-1.30269463826865,-1.3929295168143,-1.28691398060955,3.82681106007226e-27,4.92983307150485e-26,Early_Loss_Down,0.997533756231647,1.3929295168143
DHRS4,-0.619296638344849,-0.655880690070458,-0.6228178465179,2.22200440942188e-25,2.46225308857642e-24,Early_Loss_Down,0.99864590817266,0.655880690070458
UTP4,0.179718475612506,0.179440812971762,0.185870974690455,2.12293612951239e-05,4.38933527200052e-05,Early_Burst_Up,0.999466677151035,0.185870974690455
CDA,0.597518711804014,0.730944084692232,0.63294770756535,1.7544061057772e-17,9.81853908021377e-17,Early_Burst_Up,0.985425101082237,0.730944084692232
DTNA,-0.790830664776076,-0.849830796767586,-0.789182002166935,1.04401766466123e-28,1.57397010965774e-27,Early_Loss_Down,0.997582695470245,0.849830796767586
SUMO1,0.652348173937921,0.627361348966171,0.650222992004136,1.67505100923239e-28,2.48924544622e-27,Early_Burst_Up,0.999382251285859,0.652348173937921
ARSB,0.0152934834015793,0.0941050921430554,0.108220999076617,0.00936368571982367,0.0143851933838606,Mid_Plateau_Up,0.991497295869297,0.108220999076617
UBAP2,-0.288416095584017,-0.250582390489676,-0.217588356720144,4.745150811304e-09,1.35144233578617e-08,Early_Loss_Down,0.974664313760412,0.288416095584017
GGA2,-0.133534833259721,-0.155096265552889,-0.12786393909901,2.60489408419464e-05,5.33282375612984e-05,Early_Loss_Down,0.98601776205665,0.155096265552889
FTL,0.835641827407856,0.798335864912096,0.769189389719105,9.57334781633313e-12,3.40758770434236e-11,Early_Burst_Up,0.997702510349943,0.835641827407856
TSPAN8,0.363471404605938,0.419255749336735,0.416481493763193,0.00717368234547982,0.011185944253154,Early_Burst_Up,0.991854114702285,0.419255749336735
RASA2,0.168056078422409,0.179400840491226,0.181562365577468,5.8818389155101e-07,1.39494623695854e-06,Early_Burst_Up,0.997750811080844,0.181562365577468
CBX3,0.129319784419838,0.154821357571945,0.194647115960865,3.18187783854928e-05,6.45056939644509e-05,Early_Burst_Up,0.947669206003272,0.194647115960865
TRADD,0.359825392462248,0.385282890263509,0.365693082018751,1.22654250794269e-19,8.22504975914509e-19,Early_Burst_Up,0.998276139535637,0.385282890263509
MSI2,-0.252093322566575,-0.294114151354776,-0.209909353910275,5.40509860317685e-09,1.532058262113e-08,Early_Loss_Down,0.964749168189012,0.294114151354776
WFS1,-0.190171709641225,-0.214784324321917,-0.22775462058242,2.45940103592818e-05,5.04862738554374e-05,Early_Loss_Down,0.989252181956444,0.22775462058242
NDUFS8,-0.461175310390476,-0.459772163139736,-0.483689791243584,1.25972280783888e-25,1.42825793008653e-24,Early_Loss_Down,0.998906085075549,0.483689791243584
VPS13D,-0.0626453882656503,-0.0954191751756942,-0.0496710716277442,0.0151134717306546,0.0224958525742278,Mid_Trough,0.983341766272875,0.0954191751756942
MFF,0.128137206361624,0.131322707422239,0.0900209885284842,0.0187556094223303,0.0274796094388438,Early_Burst_Up,0.95182880934148,0.131322707422239
KBTBD11,-0.169507409672166,-0.207126733053397,-0.195294561983147,0.000554629607165343,0.000987511251782196,Early_Loss_Down,0.986695410885331,0.207126733053397
ASCC2,-0.114488811058845,-0.115960037620686,-0.112417768364604,0.000179793053843583,0.00033775119505334,Early_Loss_Down,0.999676886880797,0.115960037620686
NDUFAF2,-0.595387762527851,-0.603802496003914,-0.596946675842569,3.97119104045052e-35,1.2194926877723e-33,Early_Loss_Down,0.999925466362722,0.603802496003914
DDX39A,0.408406762314509,0.406459150787088,0.404363053895042,3.9719282917798e-20,2.80359518610615e-19,Early_Burst_Up,0.999966987073851,0.408406762314509
PGAM5,0.0538419354550543,0.112491222448807,0.0846010497854216,0.0255917725847319,0.0368404655682648,Mid_Peak,0.952865764333156,0.112491222448807
SF3B6,0.101962213568657,0.0763538535382527,0.0937582653861822,0.0334747023573442,0.0473125803359066,Early_Burst_Up,0.973381119138027,0.101962213568657
SMOC2,0.644332608483142,0.660889573087604,0.577654406041056,2.29034454392807e-13,9.24357288776401e-13,Early_Burst_Up,0.993492858622341,0.660889573087604
SERPINA6,0.452833148339518,0.345370484929956,0.409377436383545,2.79631590716565e-06,6.27264937802955e-06,Early_Burst_Up,0.976786745761411,0.452833148339518
AMT,-1.28798628541208,-1.36614924227815,-1.31951924656578,9.27709457392914e-46,1.20631220381622e-43,Early_Loss_Down,0.998826871661681,1.36614924227815
PRAM1,0.387461131066383,0.425631647359613,0.471405156680458,1.43213577054821e-09,4.28251307312333e-09,Early_Burst_Up,0.987394864727655,0.471405156680458
LRRFIP2,0.213807324721781,0.214959967797556,0.202899389434735,4.30000674740069e-06,9.46934536963972e-06,Early_Burst_Up,0.998670489061119,0.214959967797556
RAB35,0.305787251416549,0.310982782268811,0.305291776111108,1.74325735968374e-14,7.63948801858248e-14,Early_Burst_Up,0.999859764321584,0.310982782268811
ARPC4,0.810869884095585,0.820889313592577,0.8037015367311,9.99522793002912e-28,1.37715706678315e-26,Early_Burst_Up,0.999849247218648,0.820889313592577
CYB5R2,0.328399969235468,0.277400610118671,0.237945444537891,3.80623757408155e-09,1.09490180060514e-08,Early_Burst_Up,0.967037950593538,0.328399969235468
TMEM63A,0.451456127065939,0.437335854084305,0.333484971105486,4.06241303165927e-11,1.37933093633082e-10,Early_Burst_Up,0.968243123618178,0.451456127065939
CENPV,-0.0849793421390844,-0.119797213552734,-0.18491168594484,0.0313340839264271,0.044519725110068,Monotonic_Down,0.988066278414409,0.18491168594484
TMOD1,-0.752117509348419,-0.812196999437424,-0.723052320889759,8.51004246186699e-23,7.57439287354621e-22,Early_Loss_Down,0.99529300294811,0.812196999437424
HMGA1,0.389852574473092,0.422289933837274,0.47876705321866,1.57661289190757e-13,6.45379856687396e-13,Early_Burst_Up,0.985732194446091,0.47876705321866
BPHL,-0.390960063452886,-0.472063237352196,-0.442870627664833,4.87617038321204e-22,4.07834069639102e-21,Early_Loss_Down,0.988333473833976,0.472063237352196
GATAD2B,0.319838785703813,0.27941831067861,0.317950009263484,9.90465156949749e-12,3.52061533693172e-11,Early_Burst_Up,0.992659328780183,0.319838785703813
THEMIS2,0.410310124666013,0.393960353056288,0.422225671592834,6.23195683816272e-18,3.60405453837318e-17,Early_Burst_Up,0.998397492808872,0.422225671592834
TBC1D24,-0.628367800951533,-0.694774479106069,-0.614503202054678,3.90899596269722e-29,6.17909712950184e-28,Early_Loss_Down,0.994167479836215,0.694774479106069
RANBP9,0.0948723188138553,0.0695147582630595,0.105186440113318,0.00125707758039453,0.00215166590375222,Early_Burst_Up,0.948606983079414,0.105186440113318
PDCD10,0.315800015239331,0.358040015099519,0.334216563241959,1.61390059646078e-17,9.08105528312818e-17,Early_Burst_Up,0.994745501831246,0.358040015099519
TMED4,-0.394501753146285,-0.402450877542256,-0.355716372645614,8.02200615513693e-15,3.62230793396904e-14,Early_Loss_Down,0.994400125495702,0.402450877542256
AGR3,0.440656640349096,0.441005866385443,0.332026127802388,0.000259960532221783,0.000479687704911236,Early_Burst_Up,0.969324033020924,0.441005866385443
APOL1,0.4168055335875,0.344008184453148,0.352800813191649,7.45688504360208e-06,1.60517841005837e-05,Early_Burst_Up,0.985063504858999,0.4168055335875
PWP1,-0.185589847861408,-0.183186346633181,-0.159549745029695,3.60569547717083e-07,8.71018802932241e-07,Early_Loss_Down,0.991214066628455,0.185589847861408
C4BPB,0.430912465322036,0.395151972950523,0.411664164042045,9.55972258889488e-07,2.22037430602242e-06,Early_Burst_Up,0.997500269353417,0.430912465322036
PHF5A,0.379529664053778,0.348583545528615,0.385367599597083,1.89095845501109e-11,6.54871255206088e-11,Early_Burst_Up,0.996238884135674,0.385367599597083
MTX2,-0.231994826020108,-0.205234204756152,-0.243047816776599,5.99871169515932e-10,1.8551199824272e-09,Early_Loss_Down,0.990339381594973,0.243047816776599
PLCB1,-0.835853118466738,-0.879300543220422,-0.829639123423024,2.40292457488305e-46,3.71607620186596e-44,Early_Loss_Down,0.998646185568508,0.879300543220422
CNOT2,0.106047969555347,0.0971150795851487,0.118012720635272,0.00103734703630167,0.00179215321488529,Early_Burst_Up,0.987450368972982,0.118012720635272
GMFG,0.441262614653245,0.44700056287668,0.501655500495387,5.42978973338378e-11,1.82720219010189e-10,Early_Burst_Up,0.993168147293693,0.501655500495387
HDHD3,-0.0886277262237087,-0.082349591208719,-0.179511835084996,0.00958216671048287,0.0146890861338662,Monotonic_Down,0.936522432826238,0.179511835084996
UBE2L6,0.54788101232319,0.541148907141445,0.575286899580868,5.2336053577423e-19,3.35806197279348e-18,Early_Burst_Up,0.998586510528531,0.575286899580868
CSPG4,0.218333804277827,0.198057357841513,0.191080439839854,0.00499308188451145,0.0079177643755534,Early_Burst_Up,0.993545490293734,0.218333804277827
MLYCD,-0.716946409108863,-0.709771210443345,-0.704037946990549,4.08451621288023e-34,1.1144702925767e-32,Early_Loss_Down,0.999889456400456,0.716946409108863
POLDIP2,-0.36677183297169,-0.360730693517303,-0.324753296679218,1.09622630904518e-17,6.23141758461338e-17,Early_Loss_Down,0.994453448990729,0.36677183297169
RPE,0.209924053746403,0.185820659745814,0.197975571549637,0.000110127785899833,0.000210792544982711,Early_Burst_Up,0.995091848756154,0.209924053746403
ICA1,-0.406758042519378,-0.419278113996749,-0.370055871090458,1.11718751860807e-15,5.3943479819141e-15,Early_Loss_Down,0.994555440498247,0.419278113996749
ZMYM3,-0.0757675197391423,-0.107717581202714,-0.0607738758582992,0.00677098370776246,0.0105837953448533,Mid_Trough,0.973503405140094,0.107717581202714
HLTF,-0.386371612891973,-0.42138762395408,-0.312845324086308,2.09867167753056e-16,1.07743033315295e-15,Early_Loss_Down,0.971903257164714,0.42138762395408
C19orf33,1.09260210989167,1.26467834067728,1.22938207654245,2.58706255239252e-42,2.17470046070813e-40,Early_Burst_Up,0.992382058495871,1.26467834067728
PHKA2,-0.182182705336889,-0.216141062815864,-0.127366511814784,1.68743035659392e-12,6.38889691882375e-12,Mid_Trough,0.929397741651507,0.216141062815864
FIBP,0.139751596734936,0.120429734484474,0.164112210935193,7.89765986784401e-05,0.000153382323034301,Early_Burst_Up,0.969513767278656,0.164112210935193
RABL3,-0.550855517065631,-0.590614604676413,-0.582371923879569,2.40080133798819e-32,5.37082492869294e-31,Early_Loss_Down,0.998226573661597,0.590614604676413
PKP4,0.115080296811019,0.111071229352096,0.0617605553232641,0.00587752439442802,0.00923753692359395,Early_Peak,0.947428041411108,0.115080296811019
DMTN,-0.3792906652523,-0.462455714704976,-0.340187963965747,2.02904597118806e-08,5.48237680916463e-08,Early_Loss_Down,0.968100270132857,0.462455714704976
SCAF8,-0.160278578823612,-0.141939409173746,-0.120756686019854,8.61182589154814e-06,1.84472625661425e-05,Early_Loss_Down,0.974752253581676,0.160278578823612
SERPINA5,0.433359402063598,0.414779788453498,0.359257721026777,1.1798365452961e-08,3.25011576628736e-08,Early_Burst_Up,0.987983968466732,0.433359402063598
DHX57,-0.196962139492794,-0.209197245439735,-0.153792318215343,5.0695050723159e-10,1.57831729187478e-09,Early_Loss_Down,0.96907330443409,0.209197245439735
TAPBP,0.611975757081165,0.580795182329598,0.598970616693823,2.0777437486612e-20,1.50225746970969e-19,Early_Burst_Up,0.99908440326594,0.611975757081165
SNRPC,0.15373470054375,0.173840091431103,0.18832467742279,0.000119926567563835,0.000228643504070156,Early_Burst_Up,0.986666525741263,0.18832467742279
USP11,0.279868620052698,0.295094006728934,0.325450993126255,2.70204192275272e-19,1.7691890543783e-18,Early_Burst_Up,0.992123324408357,0.325450993126255
SCFD2,-0.272996709544056,-0.270371047780569,-0.258638487093396,9.49599562173062e-14,3.95523901721933e-13,Early_Loss_Down,0.998911301656443,0.272996709544056
MORC2,0.0570662587660507,0.0596076501617778,0.0852711923753501,0.0267059698296621,0.0383647645300272,Early_Burst_Up,0.935249791294372,0.0852711923753501
PRKCB,0.459087479278102,0.407414002948934,0.508989984201273,1.483666794579e-06,3.39952507282116e-06,Early_Burst_Up,0.984029101407955,0.508989984201273
TMOD2,-0.226527332720029,-0.277235793479074,-0.280768329934598,3.63154352718111e-05,7.31937641879419e-05,Early_Loss_Down,0.982513449567254,0.280768329934598
DCK,0.24932000366089,0.17065719864299,0.248957276665522,1.93322428464137e-06,4.38492572820537e-06,Early_Burst_Up,0.949106962669318,0.24932000366089
CSTA,0.804703591861012,0.80844332068553,0.691171759443685,3.05064162577789e-15,1.42281797908783e-14,Early_Burst_Up,0.990108547328628,0.80844332068553
SUGP1,-0.135485521576379,-0.125745503946263,-0.0944517419918211,0.000175867540626828,0.000330675479687407,Early_Loss_Down,0.959058679789152,0.135485521576379
IMPA2,-1.40804224738811,-1.4466669211546,-1.42690781186897,7.63629262351345e-30,1.31844869736263e-28,Early_Loss_Down,0.999755907908003,1.4466669211546
PADI4,0.234243698646275,0.295238519301984,0.342580664835627,0.00964769520660189,0.0147776654418066,Early_Burst_Up,0.956471613011099,0.342580664835627
MFAP1,-0.146615868661024,-0.130018403599624,-0.109225692835378,0.000259171714433472,0.000478338214130707,Early_Loss_Down,0.972858796069772,0.146615868661024
ARMCX3,-0.151994638328425,-0.16184697392884,-0.140777592824125,0.0118729830242279,0.0179518467891759,Early_Loss_Down,0.99360916893893,0.16184697392884
RASAL1,0.527476694932588,0.522332419020043,0.449863520662835,5.81188712191612e-18,3.37519362376734e-17,Early_Burst_Up,0.990098410791415,0.527476694932588
MCU,0.321290039455862,0.381809574895164,0.257668547937016,1.59221846898019e-08,4.34013825707604e-08,Early_Burst_Up,0.953379184648861,0.381809574895164
TEX10,0.166533236086404,0.147328310874814,0.187150921089895,4.03223024021594e-07,9.68992782531823e-07,Early_Burst_Up,0.981561595994535,0.187150921089895
RAB13,0.193080316310569,0.219573593560429,0.195180655791781,3.34106695409567e-07,8.08501285024255e-07,Early_Burst_Up,0.993029180049304,0.219573593560429
DPP4,0.267317761191869,0.229541302581135,0.242439369287763,0.00401075201967745,0.00643111335409553,Early_Burst_Up,0.992001468172887,0.267317761191869
KRT23,0.818885757381231,0.817625910878054,0.564639678573335,1.07932669558934e-11,3.81084291925944e-11,Early_Burst_Up,0.950783971032367,0.818885757381231
BABAM2,0.142565659539554,0.110536239464787,0.153508619468004,8.87556189399907e-07,2.07071561765798e-06,Early_Burst_Up,0.965656882487537,0.153508619468004
CASKIN2,-0.170185369324219,-0.175567092093245,-0.15974392371693,6.05707150703692e-08,1.5757095680388e-07,Early_Loss_Down,0.996974110856413,0.175567092093245
PCF11,0.0841817544298241,0.0836571353533349,0.0938582043264942,0.0165769140481258,0.0245206325468366,Early_Burst_Up,0.994268256902902,0.0938582043264942
RHOT1,-0.403038922759715,-0.433129745641754,-0.395985385258084,2.86069335149404e-20,2.04700688487819e-19,Early_Loss_Down,0.99693822945831,0.433129745641754
A1CF,-1.38477310344437,-1.41070954175814,-1.35926885816446,3.21034641083628e-48,7.22067644080528e-46,Early_Loss_Down,0.999540426093111,1.41070954175814
TJP3,0.300195949773795,0.3074401930539,0.226821571643023,2.03480550703782e-07,5.03677912836668e-07,Early_Burst_Up,0.967385785120558,0.3074401930539
CTIF,0.168972744893541,0.154767273640575,0.129573499395977,0.000691283720240467,0.00121650732075305,Early_Burst_Up,0.977530974269207,0.168972744893541
MAGI1,-0.520902741757069,-0.568984512170197,-0.500505022349923,1.04805991109254e-33,2.69196129015805e-32,Early_Loss_Down,0.994186057447599,0.568984512170197
IGFALS,0.49180327876046,0.468466666968062,0.539109438047799,4.12849219170282e-12,1.51087563849388e-11,Early_Burst_Up,0.993155968101177,0.539109438047799
XIAP,-0.105165334295348,-0.0760083969261992,-0.10172769176527,0.0021276186230055,0.00353908498513927,Early_Loss_Down,0.963974777524375,0.105165334295348
PLTP,0.137952325965866,0.170789787998118,0.210361425685711,0.0238380776977233,0.0344410560070232,Early_Burst_Up,0.946145678684445,0.210361425685711
TMTC3,0.171104037289763,0.182552177461124,0.196108595676823,6.99730006957648e-05,0.000136886533095946,Early_Burst_Up,0.99383682857125,0.196108595676823
POFUT2,0.276470385048187,0.264785715753186,0.235829912212085,8.76621764606987e-11,2.90415856889305e-10,Early_Burst_Up,0.991412508987826,0.276470385048187
EMC8,-0.137236505419211,-0.149876316324574,-0.101879182936968,2.89256511768196e-05,5.89276056532418e-05,Early_Loss_Down,0.954256838115607,0.149876316324574
RAB25,0.570209663395051,0.637761469691665,0.537194616868808,1.47632449100078e-19,9.84452917797154e-19,Early_Burst_Up,0.989804182670543,0.637761469691665
RAB31,0.689359489651552,0.729362486935047,0.721898658264061,1.12448034303358e-39,6.10528925499464e-38,Early_Burst_Up,0.998817207032952,0.729362486935047
HERC1,-0.247607599626458,-0.239021374384434,-0.178322198448213,1.08136115510402e-13,4.49280455954852e-13,Early_Loss_Down,0.963399553052076,0.247607599626458
MMRN1,-0.295229461598334,-0.392832573481041,-0.224952826021197,8.97966351836867e-06,1.91956742357729e-05,Mid_Trough,0.960229175121023,0.392832573481041
PADI2,0.27130543395243,0.33858263083951,0.375676786682984,3.1349515410988e-07,7.60945008772674e-07,Early_Burst_Up,0.967114053153977,0.375676786682984
CWC27,-0.0975102430944952,-0.088131496381676,-0.0684032569954612,0.0345999909400697,0.0487953100496966,Early_Loss_Down,0.961323974517249,0.0975102430944952
EPM2AIP1,-0.188147895831295,-0.219451351137429,-0.169168556793209,3.93254026635552e-08,1.03893968560669e-07,Early_Loss_Down,0.977523373929679,0.219451351137429
LLGL1,0.140751348674295,0.0871168384871935,0.121713654386876,0.000529918242928385,0.000945738712770752,Early_Burst_Up,0.934458311079677,0.140751348674295
PRTN3,0.251496622281371,0.390556272023125,0.513911065395995,8.28803094103857e-05,0.000160439621984934,Monotonic_Up,0.98419569971524,0.513911065395995
ATG5,-0.108300300326237,-0.0580729785665057,-0.0598174199530458,0.0097541503669226,0.0149326783211056,Early_Trough,0.941623693231024,0.108300300326237
POLR2C,-0.124060959173301,-0.129271836791689,-0.113737660649184,0.000754160683145475,0.00131934521865391,Early_Loss_Down,0.994479299900279,0.129271836791689
SLC9A3R2,0.177242377588644,0.200707057214964,0.157991055111496,6.77056154936887e-05,0.000132794280494574,Early_Burst_Up,0.981411968895755,0.200707057214964
PRPS1,-0.245123929016232,-0.291077621078973,-0.197652302821906,9.5113922973252e-11,3.14227100827076e-10,Early_Loss_Down,0.954655695477238,0.291077621078973
YARS2,-0.182726956670419,-0.190087527130457,-0.134988151592951,4.67506582587031e-05,9.34339524565148e-05,Early_Loss_Down,0.960789861146614,0.190087527130457
LBP,0.756139218849754,0.674430423231005,0.64302779146967,8.66406524798202e-16,4.23299116306666e-15,Early_Burst_Up,0.990618540238104,0.756139218849754
CD46,-0.310081967684405,-0.268508956204998,-0.318181525233359,6.96094094004454e-05,0.00013632578592459,Early_Loss_Down,0.989567983541525,0.318181525233359
COMMD3-BMI1,0.292710351166139,0.264091230851054,0.266775461462132,2.66461815119767e-10,8.47666370575957e-10,Early_Burst_Up,0.995609437446505,0.292710351166139
DCTN3,0.200193364939838,0.147919973284664,0.160607626499525,0.00963078039053432,0.0147573843509532,Early_Burst_Up,0.967214660520207,0.200193364939838
ACP1,-0.123146296473439,-0.189703452547206,-0.105619136232209,0.00117552147300325,0.00202074630014585,Mid_Trough,0.985455588696151,0.189703452547206
GATD1,0.129134100000873,0.107353786449454,0.11127028947301,0.0168669164712991,0.0249053369187635,Early_Burst_Up,0.986886235882438,0.129134100000873
LRCH3,0.23957344073588,0.231818794285004,0.243402436253901,1.51186657554957e-13,6.20402053339423e-13,Early_Burst_Up,0.999182980616977,0.243402436253901
SPCS3,-1.14999189855772,-1.11842208889879,-1.01233959587751,1.69616619373363e-29,2.80626144418514e-28,Early_Loss_Down,0.994252788370707,1.14999189855772
UIMC1,-0.20551770306512,-0.245421192329407,-0.21387578957504,1.67901773710211e-10,5.43899790119259e-10,Early_Loss_Down,0.988188244375305,0.245421192329407
PLD1,-0.182907384791879,-0.19364254872082,-0.162182338126949,0.000664111499288016,0.00117067059882967,Early_Loss_Down,0.989590430646355,0.19364254872082
SRRM1,-0.346152857913035,-0.337115150718469,-0.288478509256687,4.04867664162163e-15,1.87496310581943e-14,Early_Loss_Down,0.98799153179974,0.346152857913035
ADD2,-0.429142328414511,-0.498069862929146,-0.35838688731559,6.26720969117599e-12,2.25880117150137e-11,Early_Loss_Down,0.966359207879571,0.498069862929146
HMGN1,-0.393773956490885,-0.381384607873625,-0.289210038762514,9.59992730338721e-10,2.9178449605109e-09,Early_Loss_Down,0.967122956985936,0.393773956490885
TOR1AIP2,-0.282381451641159,-0.238742216195554,-0.246394549986747,4.40166612941568e-10,1.3796860839547e-09,Early_Loss_Down,0.989118976462687,0.282381451641159
TIMP3,0.778881475531338,0.77719390212678,0.696223113834832,1.47975542363781e-18,9.14897818388847e-18,Early_Burst_Up,0.994761762984421,0.778881475531338
PPP2R5A,0.223802798438121,0.225942030713343,0.199922597565055,1.61133397346191e-06,3.68090072115017e-06,Early_Burst_Up,0.994120274745615,0.225942030713343
UBXN1,0.324305343393908,0.297460050971751,0.344291183266598,4.56777044960263e-09,1.30404753624676e-08,Early_Burst_Up,0.992974381608221,0.344291183266598
IGFBP4,0.418623698425029,0.423366284036837,0.383176932374175,7.14767506665321e-16,3.51761986426304e-15,Early_Burst_Up,0.996165955470572,0.423366284036837
APOOL,-0.392543154710881,-0.409267082454409,-0.443023715476048,6.2224276801513e-17,3.33653628571e-16,Early_Loss_Down,0.994918377104142,0.443023715476048
AP3S1,-0.129269669639094,-0.147779784911559,-0.134814315458674,0.000209677592638146,0.000390978473209647,Early_Loss_Down,0.99367641739423,0.147779784911559
MTIF2,-0.660944014918153,-0.666557317184793,-0.673996323028332,2.34843747263708e-37,9.77184832364291e-36,Early_Loss_Down,0.999871611761251,0.673996323028332
GAS7,0.527927465316003,0.504538990922298,0.462893964067776,3.13770875106685e-21,2.45875821340662e-20,Early_Burst_Up,0.994227133258446,0.527927465316003
TRAFD1,0.220466292961833,0.247881432854588,0.238636547782931,1.56522706044293e-11,5.46155957945748e-11,Early_Burst_Up,0.995361985448235,0.247881432854588
PAK1IP1,-0.415580920680066,-0.411419062692145,-0.341198611466526,1.78760390809364e-20,1.30266547488225e-19,Early_Loss_Down,0.98498485145441,0.415580920680066
HSPBP1,0.178574718283996,0.108425045041723,0.153399572453087,6.68632259755902e-05,0.000131265809523204,Early_Burst_Up,0.929970831129092,0.178574718283996
DCTPP1,0.193653011165776,0.178924916772401,0.190811403730836,0.000150988341686787,0.000285768701277561,Early_Burst_Up,0.99770001118777,0.193653011165776
EPN2,0.273611635466098,0.242785785650932,0.261864777840908,3.28896259325245e-13,1.31526894286626e-12,Early_Burst_Up,0.995238944760113,0.273611635466098
CCS,-0.121432514020971,-0.152860978683774,-0.113883447649304,0.000650328749847267,0.00114807718630228,Early_Loss_Down,0.967612365105258,0.152860978683774
MMP11,0.944731213629206,0.920354421754728,0.870479037043354,1.0084290170035e-28,1.52584477809148e-27,Early_Burst_Up,0.997710729790601,0.944731213629206
NOC2L,0.13060969765513,0.106954687262256,0.1364970060346,0.0182798657224385,0.0268108992848314,Early_Burst_Up,0.979668889961835,0.1364970060346
MRPS5,-0.445023157175142,-0.484296108446037,-0.407205328282616,6.03068754663161e-23,5.46703505044317e-22,Early_Loss_Down,0.990164877503675,0.484296108446037
RASA3,0.408772390002175,0.379886929873309,0.370342054129667,8.15597371712911e-20,5.56800765167748e-19,Early_Burst_Up,0.996442223914326,0.408772390002175
GLIPR2,0.294646470686671,0.329794017387976,0.261015725076294,3.6961276672264e-08,9.78034163645726e-08,Early_Burst_Up,0.982373817806768,0.329794017387976
IDI1,-0.130810164396418,-0.154095252510218,-0.11333582096307,0.0262460423890769,0.037743142346967,Early_Loss_Down,0.969787870836103,0.154095252510218
EXD2,-0.357084892538298,-0.366253647726857,-0.311633714678356,6.76271511655656e-16,3.34597593341163e-15,Early_Loss_Down,0.990551292529555,0.366253647726857
TMX3,0.152758007980028,0.0902656106775679,0.178385702663155,0.00109911720915793,0.00189532810083139,Early_Burst_Up,0.884691655631711,0.178385702663155
WAC,-0.158320188324041,-0.141171140009749,-0.147654891678411,3.42318494224589e-05,6.91450123528404e-05,Early_Loss_Down,0.995530020400762,0.158320188324041
NARS2,-0.615886413307343,-0.686188929750541,-0.641375130768334,2.35398290748237e-33,5.9543604121788e-32,Early_Loss_Down,0.995999566437674,0.686188929750541
SEMA4B,0.284485468670632,0.351418751033861,0.309519663694652,1.21533934529738e-06,2.79935068684328e-06,Early_Burst_Up,0.984989941456609,0.351418751033861
EIF4E2,-0.128239917968552,-0.1412742840807,-0.108636402433377,0.00146383539658883,0.00248308972083413,Early_Loss_Down,0.978091945521213,0.1412742840807
SDF2,0.468511592959565,0.479079000931597,0.462398538603375,7.10677981856867e-22,5.85570511387411e-21,Early_Burst_Up,0.999570435435387,0.479079000931597
PSMB9,0.251275227342052,0.218763397703325,0.262973152948807,8.05693011314289e-06,1.73076335574536e-05,Early_Burst_Up,0.988482998855896,0.262973152948807
ARFIP2,-0.370727581583511,-0.384542749172926,-0.376225661404187,5.80349269562715e-17,3.11390497827267e-16,Early_Loss_Down,0.999546874600637,0.384542749172926
HOOK2,-0.535289068423739,-0.52191277471535,-0.509879008484347,9.20878972424672e-31,1.75367386922611e-29,Early_Loss_Down,0.999211430813006,0.535289068423739
CLCC1,-0.44132258463459,-0.45321506402436,-0.396643405074542,1.7806043607103e-10,5.74794006587708e-10,Early_Loss_Down,0.993657099126877,0.45321506402436
TANK,0.174066756464359,0.210620289575193,0.195569240484773,5.32352906935198e-10,1.65616481925784e-09,Early_Burst_Up,0.988183867093609,0.210620289575193
MICAL2,0.705409091550418,0.795799620827881,0.723202268148025,2.30800848198119e-54,1.60060388225396e-51,Early_Burst_Up,0.994485162126418,0.795799620827881
DCAF7,0.24493234156078,0.213972767560259,0.27829601319404,4.90614125435984e-07,1.17257057779387e-06,Early_Burst_Up,0.977904446453701,0.27829601319404
SLU7,-0.124732262839735,-0.127489914323408,-0.129812251680293,1.32239480683473e-05,2.78889244360837e-05,Early_Loss_Down,0.999468678661837,0.129812251680293
EIF2AK4,0.0404232517339545,0.0675756946481255,0.0997123845264716,0.010631384380166,0.016195200587908,Monotonic_Up,0.996837573585524,0.0997123845264716
DEPTOR,0.230022923787625,0.204361918404315,0.222644367661826,2.73673288187858e-05,5.59380003596864e-05,Early_Burst_Up,0.995183465105612,0.230022923787625
TRIM16,0.621109581103507,0.705745308106534,0.672980734627477,4.66457762505814e-35,1.41158599984487e-33,Early_Burst_Up,0.994579819900135,0.705745308106534
YBX3,-0.541501950368997,-0.490605149454041,-0.509996430615178,4.34084050431964e-15,2.00357596655286e-14,Early_Loss_Down,0.996686878629785,0.541501950368997
ABHD12,-0.215075621617027,-0.212914927946683,-0.165224750510962,0.00208421451147725,0.00346966056501574,Early_Loss_Down,0.973976023700456,0.215075621617027
COMMD9,0.51517215303037,0.506380869169335,0.51007063644254,5.00459096932206e-17,2.69219172893977e-16,Early_Burst_Up,0.999900327815828,0.51517215303037
CNOT10,-0.0804266442350489,-0.0763071337674096,-0.0468128549964988,0.0241303038348404,0.0348421843254862,Early_Trough,0.942730888999494,0.0804266442350489
C17orf75,-0.340973991189241,-0.345239648724269,-0.291604158680463,1.70923389160246e-17,9.57861578849542e-17,Early_Loss_Down,0.98902917811046,0.345239648724269
PELO,0.117671352824857,0.125311923797647,0.145634354515591,0.00367476877784532,0.00593468382868789,Early_Burst_Up,0.983804590251287,0.145634354515591
ABHD16A,0.129459184765375,0.112993880391733,0.137593289223483,0.0102559278662996,0.0156605195785955,Early_Burst_Up,0.987200542063221,0.137593289223483
VPS52,0.0677905417401336,0.0765511822846249,0.0888442663479516,0.0179805779767921,0.0264091722419456,Early_Burst_Up,0.976193114871453,0.0888442663479516
SHPK,-0.397925087412863,-0.416097787443927,-0.369612385826151,4.46161226380854e-25,4.79090803347286e-24,Early_Loss_Down,0.995332291338179,0.416097787443927
DIABLO,0.243591057025512,0.228474073635581,0.211873634339058,4.64719702540569e-07,1.11356100332353e-06,Early_Burst_Up,0.993605335049804,0.243591057025512
CUTA,-0.138284117910396,-0.207570532911336,-0.16001816816676,0.00226525566728013,0.00375676717080614,Mid_Trough,0.950659101558293,0.207570532911336
DUSP23,0.14788064404557,0.153945701252909,0.176752975943666,5.56192705124268e-05,0.000110126949608474,Early_Burst_Up,0.988074106992739,0.176752975943666
DHRS11,-0.636413414197663,-0.653582907008852,-0.606695353728022,5.4652145662224e-14,2.31222753533822e-13,Early_Loss_Down,0.998128157392978,0.653582907008852
SRPX,0.562131168012381,0.550203484602387,0.403611161313632,2.09378530883575e-10,6.717224880544e-10,Early_Burst_Up,0.961632012982059,0.562131168012381
PPIL2,-0.12260634068073,-0.105911837614977,-0.109266101078766,0.000992735060926004,0.00171757612827988,Early_Loss_Down,0.991897502915714,0.12260634068073
CBL,0.30505336929836,0.27361914240016,0.326843645233627,3.36114300287072e-18,1.99226724144517e-17,Early_Burst_Up,0.989683843034537,0.326843645233627
ZNF330,-0.495538997748488,-0.526725146050206,-0.497851176821028,2.52705311867005e-22,2.17029267838722e-21,Early_Loss_Down,0.998435678620884,0.526725146050206
CYP51A1,-0.538644181519158,-0.523914453360209,-0.464837485770878,1.51078026747408e-11,5.27821720651523e-11,Early_Loss_Down,0.992243170276278,0.538644181519158
ELP2,0.125617654480561,0.0903904839098407,0.142449510923012,1.32514072412434e-05,2.79397545127002e-05,Early_Burst_Up,0.939964764946534,0.142449510923012
TXLNG,-0.108491833390071,-0.128424566621538,-0.081474458057738,0.00859931145999404,0.0132820100167169,Early_Loss_Down,0.940114552851908,0.128424566621538
MRPL45,-0.217083670836539,-0.239147370534444,-0.178059856527377,1.61313086392629e-09,4.79959780107065e-09,Early_Loss_Down,0.972625653162444,0.239147370534444
PDCD5,-0.250125023222644,-0.244711696346935,-0.212269558547084,1.28018572540997e-09,3.84749209348564e-09,Early_Loss_Down,0.990089940066293,0.250125023222644
FN3K,-0.299182361794146,-0.370485493771805,-0.287839840644845,1.08191377537573e-10,3.55595830911408e-10,Early_Loss_Down,0.974720523271516,0.370485493771805
S100P,2.01894953275237,2.10552262583764,1.97716190539777,8.13868346943352e-41,5.2100095255866e-39,Early_Burst_Up,0.998621302688421,2.10552262583764
NFIA,-0.546564196083623,-0.638442159140577,-0.554636042867069,1.90609264199903e-33,4.83612895326705e-32,Early_Loss_Down,0.989892059573711,0.638442159140577
GFPT2,0.394050334441746,0.354400596012765,0.408184840607516,2.30099893761e-13,9.28207133242386e-13,Early_Burst_Up,0.993098555947145,0.408184840607516
MED12,0.039702502787273,0.0305784964097919,0.083577007234844,0.0165666090567289,0.0245097458791285,Monotonic_Up,0.903132453693406,0.083577007234844
DMXL2,0.081148800253758,0.0766608629836137,0.148518426479452,0.000575033938379836,0.00102209150687676,Monotonic_Up,0.937782768975936,0.148518426479452
TCEAL4,-0.193416451388957,-0.194282073615077,-0.169587289427958,0.000705451206051236,0.0012392001597512,Early_Loss_Down,0.992496548192274,0.194282073615077
NDUFA6,-0.727035363102484,-0.729958716912739,-0.700183577860848,1.29092022383768e-39,6.88656288639561e-38,Early_Loss_Down,0.999306126260064,0.729958716912739
STX12,0.348325474311196,0.380606004548031,0.398632837601705,1.71899073341092e-17,9.62681082331475e-17,Early_Burst_Up,0.99392427388686,0.398632837601705
CDC16,-0.205801432320223,-0.202306899308333,-0.14022775856848,1.73905933899344e-08,4.72338505845412e-08,Early_Loss_Down,0.949741854796843,0.205801432320223
MVB12A,0.271833030515427,0.265212954466974,0.220986712304009,1.53287375773403e-10,4.98303727025884e-10,Early_Burst_Up,0.984413132325335,0.271833030515427
XRCC4,0.135247255601046,0.209411949316914,0.177897655564093,1.20244279853252e-08,3.30800957665706e-08,Early_Burst_Up,0.944166605150315,0.209411949316914
UBR3,-0.299879242987673,-0.300590829871384,-0.259092780877411,1.27069582311843e-20,9.38307953859056e-20,Early_Loss_Down,0.990958159683713,0.300590829871384
CHCHD6,-0.387446188300226,-0.373278407549552,-0.404229157040284,2.53421777492853e-14,1.09957040265669e-13,Early_Loss_Down,0.997884083934992,0.404229157040284
DVL3,0.272626993150932,0.284382297246122,0.267137602039666,1.47506431743297e-13,6.05598680299811e-13,Early_Burst_Up,0.998631531239202,0.284382297246122
RAB23,0.582547691228232,0.606088902208275,0.55253336160905,1.13586828692405e-20,8.4474494046309e-20,Early_Burst_Up,0.997160091413179,0.606088902208275
CHD1,0.144347480765042,0.148044101272183,0.185460087312662,1.62303210522897e-05,3.39283425765273e-05,Early_Burst_Up,0.973874570448771,0.185460087312662
DDRGK1,-0.991229137122078,-0.953259187492712,-0.904476056904906,3.85642481022739e-35,1.1886358248412e-33,Early_Loss_Down,0.997215524511983,0.991229137122078
HMBS,-0.464533077572737,-0.46525742290257,-0.42257358531529,2.87550502770272e-25,3.13219278017565e-24,Early_Loss_Down,0.996104616431031,0.46525742290257
CHMP7,-0.180681725707863,-0.195347503973434,-0.119336015236727,4.41030506665194e-09,1.26168988534471e-08,Early_Loss_Down,0.928864056645727,0.195347503973434
NPL,0.722974477159682,0.766086832108786,0.861746882850805,3.83387892885659e-25,4.1435766812915e-24,Early_Burst_Up,0.989222844899768,0.861746882850805
STAMBP,0.243915516375514,0.280622767501043,0.229570161995992,1.0283675794047e-10,3.38665413367865e-10,Early_Burst_Up,0.985684469316635,0.280622767501043
POLR3B,-0.201983535548792,-0.189018841830131,-0.138099765984049,1.02772304684466e-07,2.62031593009843e-07,Early_Loss_Down,0.9544347726282,0.201983535548792
SLC25A22,-0.372305710172639,-0.431534487131886,-0.409388728750911,1.19679390693426e-08,3.2935578351544e-08,Early_Loss_Down,0.992777500603578,0.431534487131886
CASP3,0.447103105224148,0.463564193937198,0.441842250190316,5.7559989563539e-16,2.8700673046601e-15,Early_Burst_Up,0.999158670309432,0.463564193937198
AZU1,0.334469958007119,0.387484934606034,0.490190764541249,1.27395786831232e-06,2.92950466429818e-06,Early_Burst_Up,0.952431157218257,0.490190764541249
GPC6,0.594685883966528,0.542218209960619,0.567337151754151,6.98293824101858e-19,4.4462136221696e-18,Early_Burst_Up,0.997166941852612,0.594685883966528
GULP1,0.28919288771529,0.293610290428604,0.230636517202163,1.54444144442534e-10,5.01868086704712e-10,Early_Burst_Up,0.978316555517279,0.293610290428604
AGO3,0.193142295059015,0.172261562861685,0.194471220552807,4.42806415722421e-08,1.16430805423128e-07,Early_Burst_Up,0.994112009366844,0.194471220552807
CRISPLD2,0.404452802048732,0.337365226355383,0.331805591938895,2.65835397492147e-07,6.50288706034581e-07,Early_Burst_Up,0.983402439463907,0.404452802048732
S100A14,0.983153628879584,1.091979693022,1.07246600646115,8.9303248420024e-25,9.25506392716612e-24,Early_Burst_Up,0.995946887255769,1.091979693022
PGRMC2,-0.358079866763024,-0.376467886534357,-0.400085338850076,2.44724634549275e-12,9.12863473204423e-12,Early_Loss_Down,0.995892498067521,0.400085338850076
ABHD11,-0.117781214494363,-0.120008401344738,-0.200243330857014,0.0176728487918846,0.0259847080646756,Monotonic_Down,0.943882642373954,0.200243330857014
FES,0.205489973850059,0.207853693589438,0.269205404815706,1.09038650723899e-07,2.77668191959697e-07,Early_Burst_Up,0.967993720542334,0.269205404815706
SLC38A10,-0.24053884324651,-0.232769566059638,-0.230695112792692,9.00920147406145e-07,2.09954003548416e-06,Early_Loss_Down,0.999348670710234,0.24053884324651
PMVK,0.613547691708125,0.613792397757816,0.511925246503047,1.6574472940471e-11,5.77849869336403e-11,Early_Burst_Up,0.986586337722658,0.613792397757816
RIPK3,0.172779393822713,0.248817800494081,0.157799694635674,4.4440297720361e-06,9.7684140947925e-06,Mid_Peak,0.972381270040329,0.248817800494081
CDKN1B,-0.262669909317601,-0.301167249610742,-0.241666494157901,1.4259448316964e-09,4.26553302997034e-09,Early_Loss_Down,0.983572818031788,0.301167249610742
FGD5,0.228852784246909,0.217635904640578,0.182167455949115,6.69572317980439e-07,1.57941633510012e-06,Early_Burst_Up,0.982440805381611,0.228852784246909
QRICH1,0.193295782918475,0.169461237721242,0.184794254742217,4.41093508709872e-06,9.70592326674657e-06,Early_Burst_Up,0.99421059514252,0.193295782918475
ADAMTSL4,0.709487857396402,0.710107411291777,0.659519893323012,1.95656666695617e-25,2.17681120353064e-24,Early_Burst_Up,0.997668780601804,0.710107411291777
TBCEL,0.13440072074811,0.1389327426854,0.158963937110269,0.00139337941126124,0.00237034003690025,Early_Burst_Up,0.989206267744269,0.158963937110269
ATP8B1,-0.496770453828444,-0.509971502910934,-0.548582159240715,4.82200326913666e-14,2.05682784242723e-13,Early_Loss_Down,0.996423214414348,0.548582159240715
DIMT1,-0.256739638185815,-0.319961223528366,-0.242238750255627,3.10503718343564e-15,1.44600556466432e-14,Early_Loss_Down,0.970772288684977,0.319961223528366
GPRC5A,0.96956500677918,1.21995431448836,1.15773919590649,2.18658572567961e-30,4.02583327635082e-29,Early_Burst_Up,0.982279312693107,1.21995431448836
C2,0.592073330854155,0.544649743552799,0.519754759336395,2.08514738407526e-14,9.09942135829802e-14,Early_Burst_Up,0.994148718833326,0.592073330854155
GNPAT,0.540204610419523,0.554443549272103,0.490788356425034,3.36975059728481e-25,3.65144068627658e-24,Early_Burst_Up,0.994713859917537,0.554443549272103
MOB1A,0.412072280809104,0.444902105027576,0.453845619067847,4.91006412881541e-31,9.68283262559286e-30,Early_Burst_Up,0.996638245176137,0.453845619067847
MTMR9,0.12752781540732,0.137857075072974,0.155636738950288,3.10365197448387e-05,6.29812039299067e-05,Early_Burst_Up,0.986589385290033,0.155636738950288
PLD3,0.397289878778828,0.406370472998283,0.459533113131618,1.37061732370466e-11,4.80264310226114e-11,Early_Burst_Up,0.991605153231394,0.459533113131618
DAP3,-0.155785766850582,-0.192711547501389,-0.160275595867504,0.000208487619898035,0.000388933865230093,Early_Loss_Down,0.981695260840958,0.192711547501389
STING1,0.499309324677586,0.448447800558531,0.345836091173115,1.56109230276247e-12,5.92403563319165e-12,Early_Burst_Up,0.958858288517935,0.499309324677586
AAMDC,0.320051852395785,0.258775330512643,0.248908025476941,0.000535766221947549,0.000955356010080888,Early_Burst_Up,0.974953770294213,0.320051852395785
CD9,0.288851240400946,0.246964423114975,0.219447384270604,0.00481776159513306,0.00766018570781377,Early_Burst_Up,0.975254474463001,0.288851240400946
PFDN6,0.324628170064822,0.301659407404481,0.308872378401126,3.90103713950686e-10,1.22785291508987e-09,Early_Burst_Up,0.998112133418549,0.324628170064822
AKAP1,-0.190259138516138,-0.144875848562159,-0.143793850926952,0.000923477616684209,0.00160274884797622,Early_Loss_Down,0.965119182296376,0.190259138516138
MRPS31,-0.453641577400821,-0.495866830226492,-0.445115662300072,1.31814301530488e-24,1.34102520456812e-23,Early_Loss_Down,0.995474202996929,0.495866830226492
SEC11C,-1.49245189249806,-1.55729546884949,-1.44639981937639,6.4727756059626e-33,1.54345096254501e-31,Early_Loss_Down,0.998162581894308,1.55729546884949
FAM98A,-0.293741333838495,-0.285380284946724,-0.276947480379104,1.02329575198351e-10,3.3726206922799e-10,Early_Loss_Down,0.998847460928683,0.293741333838495
BAG2,0.298803977350073,0.230935360351011,0.241776757361783,0.00249870557915298,0.00411930028322328,Early_Burst_Up,0.974232596718548,0.298803977350073
TBC1D22A,0.0734499205553739,0.102231461948419,0.0931440359476071,0.00344311135847101,0.00558440318167915,Early_Burst_Up,0.965883916695226,0.102231461948419
IFIT2,0.402576101195589,0.46577309313349,0.497803154119756,1.92353262743393e-14,8.41179113268793e-14,Early_Burst_Up,0.985236841077193,0.497803154119756
MINPP1,-0.283726008741977,-0.286191927599781,-0.25155175681929,6.33604218788554e-09,1.78862086457203e-08,Early_Loss_Down,0.993423006977534,0.286191927599781
NTPCR,-0.197668413553494,-0.219593342397271,-0.229919992586412,4.50289830788919e-05,9.01663130853077e-05,Early_Loss_Down,0.992318017595154,0.229919992586412
HMGN2,-0.632014660816749,-0.654205870654748,-0.54257940459343,2.19760731557147e-18,1.33103988938761e-17,Early_Loss_Down,0.987701707139017,0.654205870654748
NMNAT1,-0.366970329965639,-0.353258584328634,-0.293512390891573,1.14895930391233e-19,7.72970034531802e-19,Early_Loss_Down,0.982647897807029,0.366970329965639
IAH1,0.434585033287866,0.405081842311373,0.346828941040546,1.12526155284754e-10,3.69259725662351e-10,Early_Burst_Up,0.983423050583225,0.434585033287866
GOLPH3L,-0.498787354221954,-0.460028799835121,-0.477162284687289,8.32551718565987e-15,3.75324778001416e-14,Early_Loss_Down,0.99781187012545,0.498787354221954
YES1,0.144451432675905,0.115104798177125,0.144004821508325,0.0243534976641594,0.0351430219457489,Early_Burst_Up,0.979794030843325,0.144451432675905
HDAC6,-0.144218382736801,-0.160283127990833,-0.136491123353711,6.50594614128174e-05,0.000127823254125369,Early_Loss_Down,0.991032499770623,0.160283127990833
PACSIN3,-0.542608354788944,-0.628523159848499,-0.560869293641884,2.94245697744394e-28,4.29598718706816e-27,Early_Loss_Down,0.991904334441518,0.628523159848499
TRAPPC6B,0.247736210910796,0.23321097131927,0.297144669784471,1.71871705467342e-13,7.01479319715166e-13,Early_Burst_Up,0.97845271352602,0.297144669784471
MMAA,-0.33743867229222,-0.346940028800561,-0.34184563707772,1.42346833080961e-13,5.8499276291346e-13,Early_Loss_Down,0.999742488157864,0.346940028800561
ESF1,-0.228981794463242,-0.191193264203428,-0.157327510284216,8.43847757453591e-06,1.80945659302468e-05,Early_Loss_Down,0.956746561934364,0.228981794463242
PHF14,0.17645809670169,0.180648073101194,0.194118525180749,1.87147935254031e-10,6.02959782107645e-10,Early_Burst_Up,0.996654012268387,0.194118525180749
IBA57,-0.293798502656501,-0.310161414983744,-0.295146462707132,3.31233090511298e-14,1.42750998406785e-13,Early_Loss_Down,0.99877756577763,0.310161414983744
MAPRE3,0.619731311788143,0.550303583003323,0.537889431640191,1.09223073263453e-17,6.21294884277826e-17,Early_Burst_Up,0.992091797220436,0.619731311788143
UBAC1,-0.206051131359689,-0.249019703636462,-0.198214916274528,2.4672404474433e-07,6.05853496713578e-07,Early_Loss_Down,0.979605610231884,0.249019703636462
SRP19,-0.726554436340797,-0.736725714227137,-0.674807524776218,3.87113709337394e-21,3.01080400851009e-20,Early_Loss_Down,0.99711840854221,0.736725714227137
SPAST,0.102857912467765,0.134585927042458,0.127375201276492,6.05009571367801e-05,0.000119451711813116,Early_Burst_Up,0.975954585444081,0.134585927042458
LGALS9,0.767777992664767,0.745507370617502,0.775992082398856,1.64601824088972e-39,8.56135237542767e-38,Early_Burst_Up,0.999430812986525,0.775992082398856
GALC,0.324666553994569,0.424634156746611,0.376666796135415,1.50223375454609e-09,4.48728977219404e-09,Early_Burst_Up,0.977147444631565,0.424634156746611
STARD10,-0.497476425175803,-0.530528752390615,-0.561866205321328,5.4877720651036e-13,2.17162335358022e-12,Early_Loss_Down,0.995114130511457,0.561866205321328
TBRG4,-0.240917632002304,-0.272476452853589,-0.290674064724915,2.52388408506969e-07,6.19397326922735e-07,Early_Loss_Down,0.988439744886418,0.290674064724915
PPP4C,0.0512921871619774,0.0325672080096665,0.085260281008911,0.0305364763936887,0.0434623835382722,Monotonic_Up,0.85871086041263,0.085260281008911
RBMS2,0.845769896690734,0.856376207218994,0.860705781665455,7.92090526311599e-49,1.83104926665698e-46,Early_Burst_Up,0.999892128181432,0.860705781665455
RPIA,-0.162963753544657,-0.213029415238286,-0.167915488676343,0.00264349607508145,0.00434766291241656,Early_Loss_Down,0.970488924696481,0.213029415238286
APBB2,0.295316078164816,0.309933526870525,0.291842192879299,6.90561183654412e-13,2.69931900909911e-12,Early_Burst_Up,0.998628442905087,0.309933526870525
IFIH1,0.223291899006686,0.256039417064382,0.28798172556594,4.55640072713432e-09,1.30124800450281e-08,Early_Burst_Up,0.979334615806291,0.28798172556594
FPGT,-0.258975410907325,-0.257132438619361,-0.239460607622143,6.40188043173386e-12,2.305341798048e-11,Early_Loss_Down,0.997568756518319,0.258975410907325
SEPTIN4,0.388347257281482,0.318888357413473,0.264473422832711,3.01147051736794e-05,6.11702651831487e-05,Early_Burst_Up,0.954336266877356,0.388347257281482
KANK1,-0.209503853632742,-0.243734733791978,-0.254139246477674,2.10375320182749e-11,7.26449549610306e-11,Early_Loss_Down,0.9871718603781,0.254139246477674
CAPS,0.573261807947357,0.674713267181273,0.537871504874432,1.0118544100091e-08,2.80221377707012e-08,Early_Burst_Up,0.981541102279068,0.674713267181273
FAM162A,-0.620023153121583,-0.645874089491046,-0.675408778844428,3.5530567734008e-15,1.6481905500692e-14,Early_Loss_Down,0.997563436289959,0.675408778844428
RAP2B,0.306615922881061,0.337877567282774,0.389116699977028,6.85015057125885e-16,3.38722240368486e-15,Early_Burst_Up,0.981065344819766,0.389116699977028
RNPS1,-0.163905168663966,-0.147941187721523,-0.113654820829229,2.84636966778425e-05,5.80575695473052e-05,Early_Loss_Down,0.958975261170693,0.163905168663966
BCAS3,0.0453252432689632,0.0766695833327273,0.0887342270096847,0.00651152536519118,0.0101954683140397,Monotonic_Up,0.970008325452646,0.0887342270096847
NPNT,-0.398423715031973,-0.455306945538344,-0.374506173119565,1.12943975557309e-09,3.41044907325081e-09,Early_Loss_Down,0.986571641028663,0.455306945538344
FBXO2,-0.576344014658445,-0.646662627585487,-0.492105230334649,9.89654798418838e-13,3.80587210371607e-12,Early_Loss_Down,0.976432102932076,0.646662627585487
RINT1,-0.253633774695713,-0.259807600026634,-0.212413024379532,9.21749119560556e-11,3.04880611008861e-10,Early_Loss_Down,0.985212993405438,0.259807600026634
MARK3,-0.140674783880915,-0.13315174369162,-0.114031009393109,0.000161740352890522,0.000305423920298371,Early_Loss_Down,0.985280464875004,0.140674783880915
RPS25,-0.652163480952905,-0.681357935714674,-0.592495254684643,2.40636730587443e-17,1.32358154127475e-16,Early_Loss_Down,0.993428838302441,0.681357935714674
UEVLD,0.214438965235974,0.195966642094789,0.199088633691912,5.38091953836852e-08,1.40596585238e-07,Early_Burst_Up,0.996856698680252,0.214438965235974
FHL5,-0.279080905754691,-0.342380445193475,-0.414510319814558,8.84074556078185e-05,0.000170538364944636,Early_Loss_Down,0.952302129956744,0.414510319814558
TBCK,0.125136683543404,0.135376197373234,0.125433670739481,8.37101941778293e-06,1.79556660382425e-05,Early_Burst_Up,0.997274916625326,0.135376197373234
PPP2R1B,-0.455681611931346,-0.495976753886277,-0.427625193900469,1.43616334424196e-20,1.05487655346704e-19,Early_Loss_Down,0.992636067976538,0.495976753886277
SETDB1,0.0713868259202266,0.0859714135350466,0.107188661867545,0.00468024372582581,0.00744722529375189,Early_Burst_Up,0.948668078914645,0.107188661867545
RUNX1,0.526011213359197,0.567949916144227,0.559164736322717,1.25277498764395e-32,2.92033429892799e-31,Early_Burst_Up,0.997858797226348,0.567949916144227
EXOC6,-0.15826540124492,-0.170128146249477,-0.129650643019762,8.09712027578327e-06,1.73894799832435e-05,Early_Loss_Down,0.976118088631095,0.170128146249477
C1QC,0.707151975862615,0.677023492502058,0.666092842375705,1.92751733817008e-19,1.27106175025764e-18,Early_Burst_Up,0.998711668511912,0.707151975862615
CDK1,0.535124491363816,0.475343455792049,0.53172505442883,1.85028756588584e-13,7.54069202904113e-13,Early_Burst_Up,0.994359942754327,0.535124491363816
ARHGAP10,0.156965368538027,0.164643421237673,0.170032090679761,0.000377093425120512,0.000683548569778458,Early_Burst_Up,0.99786603130061,0.170032090679761
GIPC1,0.343008956831475,0.390423155022053,0.322400732928481,2.02215311459282e-20,1.46460907046487e-19,Early_Burst_Up,0.987155326774826,0.390423155022053
PRG4,0.508440957809383,0.450037011184669,0.470907894789564,1.51420781257112e-09,4.51981255961867e-09,Early_Burst_Up,0.994894988172256,0.508440957809383
ADA2,0.37851848295665,0.399493741419957,0.474577568852114,9.6877468098128e-13,3.73593275955802e-12,Early_Burst_Up,0.98104363378487,0.474577568852114
CASP10,0.215184743806061,0.240375542541773,0.270569809856706,2.1392662154085e-08,5.77456161032421e-08,Early_Burst_Up,0.982945626364316,0.270569809856706
RENBP,0.620062860215932,0.674319384184863,0.663104549195488,1.16589440253928e-24,1.19196231178524e-23,Early_Burst_Up,0.997440732517403,0.674319384184863
NCAPD2,0.177312322540414,0.178870615208522,0.259446758575007,0.001041029326191,0.0017977684275911,Early_Burst_Up,0.936689829997341,0.259446758575007
CRELD1,0.294682158858185,0.286215883862417,0.212268950039214,7.99021467715199e-05,0.000155143645691225,Early_Burst_Up,0.962960806790165,0.294682158858185
ENPP2,0.518489805271177,0.489663236835459,0.445928258921666,1.58641890474115e-11,5.53318446154898e-11,Early_Burst_Up,0.992509270188632,0.518489805271177
HDDC3,-0.957615527177875,-0.969943963902037,-0.868268133939765,4.35714782991291e-37,1.76020311847258e-35,Early_Loss_Down,0.995306692815032,0.969943963902037
HELZ2,0.196526645727642,0.257644475328655,0.253076993930797,9.66621983929732e-10,2.93477860279578e-09,Early_Burst_Up,0.973302822227337,0.257644475328655
MAPT,-0.575850111602353,-0.653349481910403,-0.606271649650425,3.82212154082206e-22,3.23332877115355e-21,Early_Loss_Down,0.994613110823007,0.653349481910403
BID,0.0742255806683095,0.126505724619722,0.118741462264926,0.00903650419631089,0.0139082278383021,Mid_Plateau_Up,0.94462475965459,0.126505724619722
SMC6,0.0915932181027701,0.101667775465878,0.12037156621588,0.00639732870478411,0.0100242081493529,Early_Burst_Up,0.974957426006867,0.12037156621588
THUMPD3,0.16255983215238,0.129921417198271,0.146804443337014,7.35185209347878e-05,0.000143451613416015,Early_Burst_Up,0.983833136571506,0.16255983215238
ZC3HC1,-0.153107562091919,-0.136178486601995,-0.117741256536427,1.21082276934165e-05,2.5587778279485e-05,Early_Loss_Down,0.978079458991815,0.153107562091919
LGALS8,0.0835100170762125,0.105200879944487,0.130358105470898,0.00261493252897874,0.00430153558137202,Monotonic_Up,0.942832275561247,0.130358105470898
SLC2A1,0.721955890010504,0.736078041637563,0.665836039244703,2.00611528164664e-12,7.53379574632821e-12,Early_Burst_Up,0.99634769038517,0.736078041637563
CAMP,0.550360415149416,0.649485402351931,0.760114316213941,3.36961175509622e-05,6.81455869402447e-05,Early_Burst_Up,0.967284512766839,0.760114316213941
TIGAR,0.337082919351909,0.405853471932724,0.445048342019059,1.91492260949281e-26,2.32642130747433e-25,Early_Burst_Up,0.975530419985441,0.445048342019059
RRP9,-0.108373531499429,-0.0836173150159482,-0.109180988205651,0.0100983123591031,0.0154255057732114,Early_Loss_Down,0.973181371555484,0.109180988205651
MUC13,0.705414634657526,0.7470132410576,0.577110833882712,6.21780157995517e-08,1.61348751943832e-07,Early_Burst_Up,0.977904843846862,0.7470132410576
ZMYM4,0.253550914019865,0.241526758096872,0.275493194449422,6.56748352110947e-13,2.57319198976803e-12,Early_Burst_Up,0.994058678513717,0.275493194449422
MACROD1,-0.329611915708376,-0.36300373263637,-0.35290529997907,8.6591724692807e-13,3.3579512250398e-12,Early_Loss_Down,0.996796085889969,0.36300373263637
ZNF687,-0.0783177560815775,-0.0668675626526358,-0.0859355542052179,0.029427342867031,0.0420130978451591,Early_Loss_Down,0.9799262110722,0.0859355542052179
MRPL3,-0.134061585128997,-0.159862156439842,-0.133759325356827,0.000495083005576474,0.000885277346885994,Early_Loss_Down,0.985588027800339,0.159862156439842
CHD1L,-0.163407246634687,-0.170400235541327,-0.147818032537886,2.25995809731174e-05,4.65759566266179e-05,Early_Loss_Down,0.993157016902366,0.170400235541327
RMC1,-0.207066201453977,-0.207793379799967,-0.197103819050549,1.04477726120153e-09,3.16398703337668e-09,Early_Loss_Down,0.998858858733341,0.207793379799967
CRLF3,0.231097141584666,0.215143186774159,0.264443749144878,1.92749883816989e-06,4.37313122444106e-06,Early_Burst_Up,0.985295068040935,0.264443749144878
RGS10,0.591068839989752,0.586377435587483,0.604408626334228,2.13332076837196e-16,1.09454349163943e-15,Early_Burst_Up,0.999669403776858,0.604408626334228
TRMT6,0.119802095293083,0.121201288984213,0.103064363976832,0.0330669398351885,0.0467998423993944,Early_Burst_Up,0.989833726130476,0.121201288984213
MAMDC2,0.321494144480233,0.276753355547941,0.18365157467133,9.88760151287463e-05,0.000189989886377609,Early_Peak,0.958771512634433,0.321494144480233
KPNA3,0.166879747627399,0.139626015217875,0.135468568609163,0.00146793786604508,0.00248852697519395,Early_Burst_Up,0.982582176675295,0.166879747627399
RIPK2,0.446761933321585,0.448223638418414,0.440883060750393,1.59194777312576e-24,1.60002287052567e-23,Early_Burst_Up,0.999898497360809,0.448223638418414
EDEM3,-0.25126880450145,-0.24346924311723,-0.242159426036514,2.34287100384264e-08,6.28947499805757e-08,Early_Loss_Down,0.999464427761183,0.25126880450145
RDH11,-0.18111697873209,-0.178083611666433,-0.184815182602118,0.013705202201777,0.0205134339430195,Early_Loss_Down,0.999539488118232,0.184815182602118
GAR1,-0.386152742241838,-0.454129239430764,-0.457807969619743,2.01568370044786e-11,6.97195334793313e-11,Early_Loss_Down,0.988603071300146,0.457807969619743
SEPSECS,-0.698343717795958,-0.703791741871623,-0.618429885832642,1.83636286526087e-36,6.70272445820218e-35,Early_Loss_Down,0.993354320535699,0.703791741871623
WDFY3,0.228608282503315,0.238048416751061,0.245336612031007,9.9731385315993e-16,4.83944366530434e-15,Early_Burst_Up,0.998338958466282,0.245336612031007
RPRD1A,-0.217753806526907,-0.226330751718553,-0.181160457435647,1.18138876648698e-08,3.25331479639465e-08,Early_Loss_Down,0.982789264888584,0.226330751718553
IVNS1ABP,0.441909753033319,0.416032739080164,0.464440186640418,9.49985486288715e-25,9.78438021892906e-24,Early_Burst_Up,0.995997703156337,0.464440186640418
PSTPIP2,0.190359203800031,0.15302554455426,0.250457747902077,0.000249691954909607,0.00046166106393196,Early_Burst_Up,0.926699110242246,0.250457747902077
FAM120B,-0.200232736112865,-0.225400863362864,-0.19007519940812,2.31477487852541e-10,7.38406459451267e-10,Early_Loss_Down,0.989691929587902,0.225400863362864
EIF4EBP1,-0.348701416870449,-0.358361709831274,-0.298528123008167,1.15329704250084e-12,4.41275309778943e-12,Early_Loss_Down,0.987976212481726,0.358361709831274
AHR,0.711440280047838,0.686018397236597,0.670693590981897,7.47168667539233e-45,8.7576586637486e-43,Early_Burst_Up,0.99881377469873,0.711440280047838
NEDD8-MDP1,0.12061301509,0.128328125167914,0.145282779686162,0.0011201683534226,0.0019292303470991,Early_Burst_Up,0.987924941273961,0.145282779686162
DAB2IP,0.223092982180602,0.239774418402362,0.206647212228195,9.36539904144209e-12,3.33928238315686e-11,Early_Burst_Up,0.992735172456769,0.239774418402362
WDR18,0.106652940330612,0.125036233646909,0.125656129929866,6.54701870373482e-05,0.000128591667813267,Early_Burst_Up,0.989221824117306,0.125656129929866
RP2,0.529370265465362,0.546935247696536,0.535668739531129,3.76037818572014e-24,3.66010143410093e-23,Early_Burst_Up,0.999634496645779,0.546935247696536
SRSF5,-0.169073661234405,-0.194265508000437,-0.21516431679535,0.000311673652175432,0.000569929275632597,Early_Loss_Down,0.981432194967066,0.21516431679535
SULT1A1,-0.454828140477291,-0.458073996495546,-0.471799669565847,1.09735901402389e-10,3.60316072204497e-10,Early_Loss_Down,0.999492446016435,0.471799669565847
LCLAT1,-0.69581042285671,-0.670807392615537,-0.644523757730081,1.08272610132888e-22,9.51954738522408e-22,Early_Loss_Down,0.998054343299451,0.69581042285671
ADAM17,0.200274211930548,0.187183714216932,0.180422361925599,0.000404800587344443,0.000731065644071278,Early_Burst_Up,0.996231054296036,0.200274211930548
OSBPL2,-0.229344904476661,-0.227270645411099,-0.210875937228492,5.00799793836606e-07,1.19588404140839e-06,Early_Loss_Down,0.997254313223053,0.229344904476661
OCIAD2,0.948201593227248,1.11394952156494,0.934906390823215,5.76726870563617e-30,1.01469788939332e-28,Early_Burst_Up,0.98696538205342,1.11394952156494
ME3,-0.333051074780806,-0.343784490022576,-0.351822482341898,3.57809573164313e-14,1.5396542233058e-13,Early_Loss_Down,0.998995632038465,0.351822482341898
HAT1,0.178105961584086,0.160622853817583,0.256694902990116,2.0391788672613e-05,4.22245497221909e-05,Early_Burst_Up,0.921641978407753,0.256694902990116
LAMTOR2,0.368883271698405,0.364505555681149,0.393757305001919,5.28276755685977e-14,2.24301998000954e-13,Early_Burst_Up,0.997657066308136,0.393757305001919
ZFYVE19,0.109700578945164,0.157297321749473,0.15837289652199,0.000311368970228359,0.000569497268184704,Early_Burst_Up,0.952390446318389,0.15837289652199
DAPK3,0.554660382294364,0.581375341272576,0.524876181340376,5.10385432800425e-21,3.92916519127209e-20,Early_Burst_Up,0.996543134035942,0.581375341272576
REPS2,-0.178965832414243,-0.210116986101886,-0.193471062619573,4.37920513663351e-08,1.15255360996408e-07,Early_Loss_Down,0.991517438483066,0.210116986101886
PIR,0.332215125114747,0.284433693791098,0.286933513061158,2.89670562518402e-05,5.89975139813543e-05,Early_Burst_Up,0.989535957958064,0.332215125114747
CEP41,0.193112537591136,0.195681349696199,0.186218186318625,1.92700719967237e-11,6.66800578614281e-11,Early_Burst_Up,0.999132012004211,0.195681349696199
GBP5,0.455624432302493,0.434525013519773,0.566640422191691,1.22220840998609e-10,3.99654946479539e-10,Early_Burst_Up,0.972678560156547,0.566640422191691
PARVG,0.700507967701684,0.757829749568719,0.778696911334226,1.72289271796184e-36,6.34420938003472e-35,Early_Burst_Up,0.996092527051964,0.778696911334226
NUDT4,-0.166856921124249,-0.0977106241016206,-0.1444555174452,0.00150322527818279,0.00254471943959259,Early_Loss_Down,0.921138218884497,0.166856921124249
TANC2,0.417122125814273,0.470886863541789,0.45196723214758,2.97925624470763e-27,3.88610822389607e-26,Early_Burst_Up,0.995065788702293,0.470886863541789
THEM6,0.288540352726685,0.309193565098984,0.238099833996157,3.26793545235227e-07,7.91494727429441e-07,Early_Burst_Up,0.977788311265187,0.309193565098984
TFCP2,0.0822545013697572,0.0971727895021283,0.118634095776158,0.00645414747667063,0.0101094325806236,Early_Burst_Up,0.957673906225357,0.118634095776158
GTF3C2,-0.173859029127574,-0.170826669019172,-0.141731875997862,1.33264577492936e-05,2.80874585697047e-05,Early_Loss_Down,0.984414035554648,0.173859029127574
CIZ1,-0.190612903871761,-0.18640540605578,-0.183125818244224,7.88635374843245e-06,1.69543363199315e-05,Early_Loss_Down,0.999461712375992,0.190612903871761
RDH14,0.204084592240748,0.160933995695005,0.141838695935378,8.18094258089448e-05,0.000158587943531805,Early_Burst_Up,0.955639147506638,0.204084592240748
RAB34,0.776389275956024,0.736949326081956,0.730653171512746,3.12616564531153e-43,3.17267689027836e-41,Early_Burst_Up,0.998538828629687,0.776389275956024
RFC3,-0.207313024011116,-0.236784018927778,-0.175007854503647,9.89416201989773e-09,2.74189864567396e-08,Early_Loss_Down,0.971385830595884,0.236784018927778
PPP1R1B,-0.356566535319838,-0.33651762490057,-0.39697404996358,7.92955685733459e-06,1.70428130595915e-05,Early_Loss_Down,0.99055861349817,0.39697404996358
PHYKPL,-0.375006224609582,-0.372823701844482,-0.331530387193855,1.30003998199006e-16,6.77453520984424e-16,Early_Loss_Down,0.993876465621884,0.375006224609582
URI1,-0.284343395001691,-0.306557723218881,-0.302871607852166,9.16049803269492e-16,4.46594403210821e-15,Early_Loss_Down,0.997877764240001,0.306557723218881
MRTO4,0.221076466682596,0.185629760155848,0.235276572884745,7.53727601928128e-05,0.000146794315545188,Early_Burst_Up,0.98149017012867,0.235276572884745
SLIRP,-0.294419824327426,-0.336338829366646,-0.312424694426251,1.72628334369452e-08,4.69021547052752e-08,Early_Loss_Down,0.994087741571838,0.336338829366646
MTHFD2,-0.608168609501312,-0.638851302991317,-0.631459712660981,3.99568919618142e-18,2.34997353290614e-17,Early_Loss_Down,0.999129120939885,0.638851302991317
RALBP1,-0.1627770095846,-0.166762918144663,-0.161032116732582,1.34688609670558e-07,3.4048560439805e-07,Early_Loss_Down,0.999570010706519,0.166762918144663
NAGLU,0.0667900996042079,0.0835964957796878,0.144966037149744,0.00378504804839704,0.0060926827579807,Monotonic_Up,0.978451454933734,0.144966037149744
DDB2,-0.269760246785822,-0.320032774468534,-0.270142082771567,6.7400852194827e-14,2.83574262874292e-13,Early_Loss_Down,0.986702387669399,0.320032774468534
SERPINB2,0.622661502987794,0.700233543733693,0.72137529116822,6.37893189686805e-13,2.50167159499227e-12,Early_Burst_Up,0.992331920316533,0.72137529116822
PTRH2,-0.373134053542026,-0.334795665282114,-0.277588033554462,1.61153716540509e-07,4.02981138536693e-07,Early_Loss_Down,0.972603862270339,0.373134053542026
RRM2B,0.192319442759584,0.162573815806235,0.149105679021093,5.61405144204913e-06,1.2233604634913e-05,Early_Burst_Up,0.977672634693118,0.192319442759584
ANAPC7,0.207404915272295,0.188298578900292,0.222975841239033,5.0658972411837e-09,1.43934437832471e-08,Early_Burst_Up,0.990674471689614,0.222975841239033
CPN2,0.419097158863163,0.3097365948288,0.367557820479587,3.01581107184783e-05,6.12434839919904e-05,Early_Burst_Up,0.971395322890122,0.419097158863163
DECR2,0.55157978680257,0.563176873156333,0.592436282209393,2.62999005894618e-13,1.0568216934114e-12,Early_Burst_Up,0.99817972804459,0.592436282209393
SMPDL3B,-1.10997722773809,-1.03219915035934,-0.987421571540761,1.83977292067499e-23,1.71068047439746e-22,Early_Loss_Down,0.995321290115367,1.10997722773809
RASSF2,0.482409834527829,0.479988940449063,0.465952151563483,1.70911667720973e-15,8.12294059836629e-15,Early_Burst_Up,0.999535907368605,0.482409834527829
FAM107B,0.158891062863603,0.18316927117597,0.20642160542252,0.00311528444578177,0.00507942734282834,Early_Burst_Up,0.978201544884064,0.20642160542252
NDUFA4,-0.295215375905329,-0.325586030004681,-0.320195215589783,0.000538687655128089,0.000960359611391593,Early_Loss_Down,0.996460496077597,0.325586030004681
PYM1,-0.200270262381162,-0.171962685388653,-0.19949279505735,0.000378427181652275,0.000685518285962174,Early_Loss_Down,0.990590463792665,0.200270262381162
L1CAM,-0.594118855160971,-0.610117953363283,-0.540397711454577,3.7967484957834e-11,1.29018133858348e-10,Early_Loss_Down,0.994782574902769,0.610117953363283
SHROOM2,-0.238664958304112,-0.217235930723592,-0.18504534285545,8.12389514802096e-06,1.74424807589862e-05,Early_Loss_Down,0.979378500827526,0.238664958304112
IMPACT,-0.462059073393241,-0.450752528433393,-0.38354501266592,5.70244028357805e-22,4.75032112511878e-21,Early_Loss_Down,0.987379122542048,0.462059073393241
AMDHD2,0.348583501789755,0.343538617302124,0.379628093270561,3.5969669546168e-17,1.95646790825627e-16,Early_Burst_Up,0.996033526301926,0.379628093270561
MAPK9,-0.119612382100814,-0.127425965777281,-0.0926042654280455,0.00150707054133608,0.00255019134709209,Early_Loss_Down,0.966982638251919,0.127425965777281
MICU2,0.637970950955545,0.634785996025169,0.575849831672809,4.43059268262931e-31,8.75805042870336e-30,Early_Burst_Up,0.995730222803957,0.637970950955545
TRIM32,-0.127683559469876,-0.126807075198713,-0.124177491642093,0.000158860720510677,0.00030012234190462,Early_Loss_Down,0.999721498511038,0.127683559469876
DOCK4,0.22333148606957,0.244283250047367,0.285278924126963,4.61177122317041e-10,1.44336818801144e-09,Early_Burst_Up,0.979621939645256,0.285278924126963
HELZ,-0.173652476101972,-0.171232367155181,-0.109639123315882,4.0036289584898e-08,1.0563792071196e-07,Early_Loss_Down,0.93132880974434,0.173652476101972
INHBA,1.50799683244295,1.59026617733266,1.4603890881652,1.12705060781061e-57,1.33990216545713e-54,Early_Burst_Up,0.997516389169162,1.59026617733266
DNAJA4,0.259740122688183,0.290937058969851,0.243261393098599,2.9589769545705e-10,9.40229332414499e-10,Early_Burst_Up,0.989021943261574,0.290937058969851
ANKRD13A,0.0932237381549198,0.0774811684183119,0.100981854556083,0.017645681261734,0.0259493478459358,Early_Burst_Up,0.97747459730318,0.100981854556083
UPF3B,-0.168026368275945,-0.152100639315814,-0.128526941369518,4.09516410552605e-07,9.83832438977707e-07,Early_Loss_Down,0.97725648899726,0.168026368275945
COG8,-0.121927830279411,-0.110812295015194,-0.127392478497973,0.000899817146057047,0.00156233638420337,Early_Loss_Down,0.993459717436701,0.127392478497973
MRPS27,-0.374136266417186,-0.412463018151379,-0.373993775024348,1.72286013931819e-18,1.05579102204757e-17,Early_Loss_Down,0.995650085106447,0.412463018151379
OMD,1.46748964828562,1.51310960542118,1.38910836930148,1.19522842486262e-30,2.26061157993334e-29,Early_Burst_Up,0.99753707639289,1.51310960542118
TOMM40,-0.183298116826049,-0.17224020385964,-0.191129050987078,0.00402674934801268,0.00645179208204881,Early_Loss_Down,0.996402983527847,0.191129050987078
NHP2,-0.307502208633512,-0.258381761479451,-0.263963262681111,4.52753361063727e-12,1.64893368523953e-11,Early_Loss_Down,0.987630060760931,0.307502208633512
KRR1,-0.217657832231292,-0.212088622727705,-0.179437306776243,2.22182763787735e-05,4.5812808727491e-05,Early_Loss_Down,0.986493164182685,0.217657832231292
CNPY4,0.341117509560042,0.314298368738104,0.294709201946294,1.05991993295711e-11,3.75027792604977e-11,Early_Burst_Up,0.992861925823951,0.341117509560042
VTI1B,-0.31739426690448,-0.3013734269526,-0.289784409337914,1.75229917272687e-10,5.66756071334356e-10,Early_Loss_Down,0.997217416121183,0.31739426690448
YIF1A,-0.336730188478646,-0.33800132580765,-0.337040319853583,1.9364436465825e-10,6.23166435686757e-10,Early_Loss_Down,0.999994850973177,0.33800132580765
CSNK1D,0.325783081348929,0.316878001374731,0.328566848795964,3.12710867293244e-15,1.45546970783802e-14,Early_Burst_Up,0.999526081135892,0.328566848795964
SMC5,0.1195666098249,0.079492750793308,0.132780086163362,0.000475283668858431,0.000850787414979536,Early_Burst_Up,0.925361754807528,0.132780086163362
MTHFS,-0.488552834901989,-0.524103715562842,-0.541567728065685,8.71122522077167e-19,5.48372286590483e-18,Early_Loss_Down,0.996393661382307,0.541567728065685
BAX,0.481757847436156,0.453816603170266,0.477154462571043,6.05563148875142e-25,6.37104491142722e-24,Early_Burst_Up,0.998653333483442,0.481757847436156
TOM1L1,-0.590802910906733,-0.577607509704859,-0.598268416113676,9.91168001668102e-26,1.13772415308716e-24,Early_Loss_Down,0.99957944327353,0.598268416113676
CDCP1,0.458101563894712,0.462340131111191,0.476827136468789,1.01499821943273e-13,4.22340759105959e-13,Early_Burst_Up,0.999407924687089,0.476827136468789
KRT80,0.446132428072066,0.49188270588218,0.400866449898075,6.32748736498909e-10,1.95316579567653e-09,Early_Burst_Up,0.986418105538398,0.49188270588218
MAN2B2,-0.377057541033667,-0.36800106105768,-0.364316756725664,2.22628193289212e-10,7.11760209202006e-10,Early_Loss_Down,0.999581121961421,0.377057541033667
ELF1,-0.100970854969832,-0.10020675434763,-0.0963879772046422,0.011383157278422,0.0172708541241619,Early_Loss_Down,0.999184023957504,0.100970854969832
TMEM87A,-0.192317334375533,-0.164870389248896,-0.231293457693358,0.00369143677931091,0.00595989923484444,Early_Loss_Down,0.963496562814568,0.231293457693358
ARHGAP27,0.331210228160473,0.386604703256408,0.347719735459503,4.73357436960263e-17,2.54969617500538e-16,Early_Burst_Up,0.991559023041978,0.386604703256408
COL2A1,0.421578053966164,0.286396273291419,0.289764900902329,0.000566882433497054,0.00100824868808773,Early_Burst_Up,0.935238142507252,0.421578053966164
IRF9,0.302477291685888,0.348965918711335,0.372766684866658,1.9649319733602e-16,1.01189132935047e-15,Early_Burst_Up,0.985692935991974,0.372766684866658
DENND4A,-0.494435788076814,-0.528455155203048,-0.457938368954938,1.00768116743089e-26,1.25350114728847e-25,Early_Loss_Down,0.993262963660494,0.528455155203048
RING1,0.105437933890935,0.0842677602474121,0.128754640294518,0.0146193270887065,0.0217993262913843,Early_Burst_Up,0.946104395781875,0.128754640294518
CHKB,0.271119609497208,0.242531935916893,0.256799982940148,1.29472219317718e-09,3.88837174002906e-09,Early_Burst_Up,0.995895047335488,0.271119609497208
MSRB3,0.496375505111214,0.440065518270915,0.422519178559831,2.01906873995452e-09,5.95206874031225e-09,Early_Burst_Up,0.990463516592047,0.496375505111214
PTPN9,0.186821207481797,0.196472995379053,0.215822582170328,1.8416143021235e-11,6.3831379518e-11,Early_Burst_Up,0.992787104536329,0.215822582170328
NUBP1,-0.26134466276451,-0.212597083598608,-0.17615122204347,9.80243055976945e-08,2.50232598522704e-07,Early_Loss_Down,0.951838162469228,0.26134466276451
GLTP,-0.110998906097155,-0.093729935812968,-0.143434492918757,0.012612904194749,0.0189946776526785,Early_Loss_Down,0.942356190901836,0.143434492918757
UBASH3B,0.54131154005796,0.507826094345368,0.552415527361632,7.28157307077209e-26,8.48700995727805e-25,Early_Burst_Up,0.99748876934587,0.552415527361632
GCNT3,0.853896227355611,0.915876316210852,0.803180135125215,1.4514358545254e-13,5.96191963541972e-13,Early_Burst_Up,0.994274969198777,0.915876316210852
PTEN,0.351794916104954,0.32297396375746,0.35366926378165,2.09955024286828e-14,9.15747228571794e-14,Early_Burst_Up,0.996657867691555,0.35366926378165
MRPS35,-0.250622805546692,-0.28758677237627,-0.233084545986467,2.25371392113786e-08,6.05990541250704e-08,Early_Loss_Down,0.98474218868155,0.28758677237627
ISCU,-0.284218003595256,-0.284371624839401,-0.264990655732054,7.58324080092571e-17,4.04536730418614e-16,Early_Loss_Down,0.99786158149737,0.284371624839401
COQ8A,-0.36172499335339,-0.440949820943835,-0.399184279740703,5.59179225135797e-11,1.87716398208152e-10,Early_Loss_Down,0.987201359162437,0.440949820943835
MOB4,0.061055181752308,0.0955188180664161,0.0766549235111673,0.00197014673069038,0.00328897915602916,Mid_Peak,0.943134198251634,0.0955188180664161
SRCAP,-0.168350879099651,-0.157290542512871,-0.123019207902167,5.13278612094283e-07,1.2239268223062e-06,Early_Loss_Down,0.968274008204728,0.168350879099651
SLIT3,-0.291656417469637,-0.373835185654703,-0.275353856102257,4.94666186008659e-08,1.29738796090894e-07,Early_Loss_Down,0.964241711750758,0.373835185654703
GALNS,0.113840502075385,0.205868499821311,0.205234189033112,2.3996618072222e-07,5.89781026571269e-07,Mid_Plateau_Up,0.963982610674362,0.205868499821311
COMMD2,0.205884878580232,0.208696878518015,0.208073333967324,5.9255840016913e-07,1.40492051458903e-06,Early_Burst_Up,0.999932503558762,0.208696878518015
LAMP1,0.722643446350247,0.821076252722069,0.766592489727974,8.57312965717583e-30,1.46801615240776e-28,Early_Burst_Up,0.994577853644547,0.821076252722069
MRPL38,-0.355845986565027,-0.357230704243427,-0.327524128349841,2.14500536266239e-24,2.14294533350257e-23,Early_Loss_Down,0.996899503890077,0.357230704243427
FAM172A,-0.181948059783697,-0.183769684534785,-0.180858422991001,3.0430577964386e-07,7.40044622500352e-07,Early_Loss_Down,0.999913107466738,0.183769684534785
SRPK1,-0.451810638849191,-0.468022686892374,-0.417729303059096,1.18779535586495e-16,6.21296854274549e-16,Early_Loss_Down,0.995609157300138,0.468022686892374
CPXM1,0.684971370093482,0.669946849705537,0.72938584987793,1.94849591641183e-18,1.18707049900287e-17,Early_Burst_Up,0.997371838234652,0.72938584987793
UBE2F,-0.131878203833979,-0.119477897409652,-0.0918448964447357,0.00580352286238524,0.00912985203417202,Early_Loss_Down,0.959774754868535,0.131878203833979
TRAPPC13,0.190314730068823,0.142136611189665,0.21722331680868,0.000490350035603233,0.00087700257818399,Early_Burst_Up,0.947046409422345,0.21722331680868
PTPRA,0.0991084885970579,0.0821648902273809,0.0985666809270749,0.0103815173963124,0.0158319567110338,Early_Burst_Up,0.986085837562543,0.0991084885970579
RB1CC1,-0.0933635128217078,-0.105309313727921,-0.0426631491144051,0.00701438884276489,0.0109533931819568,Early_Trough,0.911702881755154,0.105309313727921
SPRR3,1.03882064289472,1.07338563772343,0.963989404627104,1.54087243965127e-12,5.85514768732934e-12,Early_Burst_Up,0.996058086367875,1.07338563772343
MRPS36,-0.265687244823913,-0.26339615352662,-0.286747779501031,1.02556400524251e-11,3.63799814647407e-11,Early_Loss_Down,0.997026170557783,0.286747779501031
ZC3HAV1L,0.299078936999095,0.290426339510608,0.263001996010138,1.81920741951172e-12,6.87219434642604e-12,Early_Burst_Up,0.99419351126239,0.299078936999095
WIZ,0.0697769463964384,0.112981985819499,0.10552635807322,0.000994474485227753,0.00172022794971219,Mid_Plateau_Up,0.932566396698128,0.112981985819499
CASP8,0.599411948282787,0.615620233519835,0.621234938920256,1.58160534095672e-39,8.27806267134708e-38,Early_Burst_Up,0.99954331157384,0.621234938920256
C1QTNF3,1.03835954568896,1.0734028559457,0.949488495477986,5.95863423162646e-25,6.27693089564499e-24,Early_Burst_Up,0.994815921798298,1.0734028559457
EOGT,0.245479898896986,0.306378229959905,0.27403649348257,4.44448097868089e-15,2.0491396512234e-14,Early_Burst_Up,0.984057430811415,0.306378229959905
ERP27,-1.02534065185849,-1.03418436415355,-1.0903735470222,9.57531023188152e-13,3.69771377028854e-12,Early_Loss_Down,0.998498687511716,1.0903735470222
DDX31,-0.193201501382611,-0.20691959841268,-0.161033758551403,1.87731654116515e-07,4.66916564721349e-07,Early_Loss_Down,0.97950743886234,0.20691959841268
C20orf27,0.168359674267292,0.118603957540869,0.125785274016513,0.00680824256279271,0.0106360417885416,Early_Burst_Up,0.952642047155548,0.168359674267292
SNRPG,0.269101434523343,0.289274011900227,0.275337558668146,4.27595390393233e-09,1.22451783855901e-08,Early_Burst_Up,0.998163415572839,0.289274011900227
HEXIM1,0.055033351444048,0.0823040734819136,0.129289560429199,0.0124823042234814,0.0188048037197343,Monotonic_Up,0.992603669270264,0.129289560429199
OSBPL11,0.0806451590379854,0.066493535278723,0.117627890549799,0.00799029542689945,0.0123919564932272,Early_Burst_Up,0.898509717637123,0.117627890549799
INTS12,-0.206697158551131,-0.218405190493773,-0.203385397061882,7.16096354134881e-10,2.19740186545372e-09,Early_Loss_Down,0.998113488791339,0.218405190493773
COA7,0.174933963885446,0.167694011619739,0.139706564859658,0.00206554316069361,0.00344202046121191,Early_Burst_Up,0.982611594799527,0.174933963885446
ARHGEF10,0.311907323002443,0.307313444440896,0.346659030703147,6.28683280369224e-23,5.67451438094651e-22,Early_Burst_Up,0.994099609178451,0.346659030703147
MAN1B1,0.150581197606624,0.131653436542629,0.0877508687072772,0.028556305827242,0.0408606563092001,Early_Peak,0.954394020233317,0.150581197606624
GNAQ,0.119648951209171,0.115594371761109,0.0499398334787982,0.0246507655915306,0.0355473351676862,Early_Peak,0.957146898657259,0.119648951209171
DHRS7B,-0.503348441243014,-0.536487782953743,-0.456256405747821,1.06522883925124e-17,6.06764846012923e-17,Early_Loss_Down,0.991397656285873,0.536487782953743
TCEA3,-0.908400399680674,-0.895329376915617,-0.884437216909605,7.4491265165819e-30,1.29149230981239e-28,Early_Loss_Down,0.999761033369733,0.908400399680674
FMNL3,0.676734060995746,0.708160903629527,0.700772349728593,2.58273215076435e-42,2.17470046070813e-40,Early_Burst_Up,0.999255969835857,0.708160903629527
GPX7,0.66205164654903,0.709784483952938,0.668549323126973,1.99799442233919e-20,1.44963466283407e-19,Early_Burst_Up,0.998073888022667,0.709784483952938
AGFG2,-0.175964676956143,-0.18042289716717,-0.240101738943182,2.73951073530329e-05,5.59739954313626e-05,Early_Loss_Down,0.959363631747773,0.240101738943182
USP48,0.166726378934371,0.113942693285647,0.137518934968889,0.000279035842958327,0.000513179289524684,Early_Burst_Up,0.955222007003557,0.166726378934371
MOCS3,-0.262616308768721,-0.289557315609765,-0.265890894086398,3.59424023293077e-16,1.81720943003948e-15,Early_Loss_Down,0.996147355317849,0.289557315609765
CGGBP1,-0.312290559550261,-0.314794070490026,-0.249088393706867,5.51436960138284e-12,1.99784866446269e-11,Early_Loss_Down,0.979009349961146,0.314794070490026
CAB39L,-0.237755449267864,-0.274197097951008,-0.327431294351871,5.66583737144936e-08,1.47623978100193e-07,Early_Loss_Down,0.967060470770829,0.327431294351871
MRPL13,-0.394813359593763,-0.40979843084054,-0.366066245724614,2.11190863628866e-21,1.67863454357156e-20,Early_Loss_Down,0.995703182335563,0.40979843084054
METTL26,0.256829095248397,0.245654949318366,0.239049239033523,3.38473125595823e-09,9.77367575020277e-09,Early_Burst_Up,0.998241979982487,0.256829095248397
RBKS,-0.505101037967956,-0.560408847930102,-0.481912004142084,2.18932266305218e-15,1.03461346972858e-14,Early_Loss_Down,0.991947652933774,0.560408847930102
KRI1,-0.213436090072657,-0.201673736518161,-0.161632840783734,8.37649335232132e-07,1.95757308840264e-06,Early_Loss_Down,0.9744097247601,0.213436090072657
MRPL19,-0.355892761316458,-0.419005308199412,-0.383106603986588,5.16098030694961e-15,2.37160011675509e-14,Early_Loss_Down,0.991151482841421,0.419005308199412
GTF3C3,-0.167321024289829,-0.163137791387391,-0.12357751733365,1.31808952192327e-06,3.02764035369735e-06,Early_Loss_Down,0.967716182520951,0.167321024289829
TSC22D4,0.305216873240143,0.256050186494846,0.312476487075788,3.68320026756146e-08,9.74923429600714e-08,Early_Burst_Up,0.985509057840557,0.312476487075788
CD248,0.408435123782769,0.433617041044531,0.395280763199776,1.47744941372362e-11,5.16610673151597e-11,Early_Burst_Up,0.997038877768877,0.433617041044531
MRPL46,-0.293895127841323,-0.282220725944467,-0.284630878577611,3.13806950193143e-15,1.45975485718689e-14,Early_Loss_Down,0.999385284665111,0.293895127841323
TRIM26,-0.0443928643074201,-0.0548089737869638,0.0331989220003335,0.00729742820027024,0.011361870436417,Late_Burst_Up,0.81258205229962,0.0548089737869638
JPT1,0.637158896459748,0.758252549703748,0.71197664499204,1.75131344296726e-28,2.59793769561026e-27,Early_Burst_Up,0.990061256686946,0.758252549703748
OSBPL10,0.800561781404816,0.805631578044624,0.820436038740008,5.21361822512254e-54,3.33751775918998e-51,Early_Burst_Up,0.999782746300785,0.820436038740008
EEF2K,-0.255047985711604,-0.269595143561833,-0.218783911938812,2.96782517513139e-09,8.6176696118086e-09,Early_Loss_Down,0.985456156011607,0.269595143561833
C8orf82,-0.192703533443075,-0.123451229910482,-0.155868468482924,0.00224222629214563,0.0037215411254958,Early_Loss_Down,0.941002061746256,0.192703533443075
ZMYND11,-0.329817130207153,-0.358239805491618,-0.297916950573565,1.08602845989028e-16,5.712976512773e-16,Early_Loss_Down,0.988944304270123,0.358239805491618
WARS2,-0.317653612629359,-0.358242063963766,-0.355237326340679,6.99649683819414e-10,2.14851832795025e-09,Early_Loss_Down,0.994276593202245,0.358242063963766
NPC1,0.559191826233192,0.598355244051646,0.578070542637917,5.83676840021175e-16,2.9068573684358e-15,Early_Burst_Up,0.998475361889836,0.598355244051646
KPNA2,0.39161372829803,0.382521904410764,0.408796591731063,2.50789942158777e-07,6.15656017299511e-07,Early_Burst_Up,0.99847665399681,0.408796591731063
CAMSAP1,0.126231408872076,0.166302915947285,0.149937377315754,2.75742551794655e-06,6.19026036157302e-06,Early_Burst_Up,0.976011516597667,0.166302915947285
IRS1,0.208693723595141,0.264464806693843,0.228507697729316,1.67282188358378e-10,5.421037272268e-10,Early_Burst_Up,0.981069135154334,0.264464806693843
RFC5,-0.302939213766974,-0.348798921140487,-0.263148213070519,1.64901528182938e-14,7.24939523263821e-14,Early_Loss_Down,0.974659305172633,0.348798921140487
KANK4,-0.50242247445155,-0.481371366025162,-0.48676245941042,9.78524667797037e-13,3.7682935147649e-12,Early_Loss_Down,0.999337133901396,0.50242247445155
NDUFS5,-0.414886362498782,-0.386143574444231,-0.452907104227254,4.24828106278036e-15,1.96412194469212e-14,Early_Loss_Down,0.99154910836784,0.452907104227254
CBS,-1.58279357620571,-1.57126309924125,-1.49231316098318,9.73347416657431e-28,1.34778655597723e-26,Early_Loss_Down,0.998654541387775,1.58279357620571
PI4K2A,0.311667445891775,0.3143396858233,0.335666524511936,1.4042481203875e-15,6.7277794230655e-15,Early_Burst_Up,0.997762908894708,0.335666524511936
PEDS1-UBE2V1,-0.235541604367137,-0.229629657327173,-0.183199437945824,2.23721367307314e-08,6.01942844724045e-08,Early_Loss_Down,0.977337623811853,0.235541604367137
HM13,-0.89209477509596,-0.888440657823329,-0.789304482259371,5.37624276626885e-20,3.72222065731193e-19,Early_Loss_Down,0.993876532496696,0.89209477509596
ALDH1A2,-0.784122872869373,-0.841806320606652,-0.623755032558506,3.65849539011253e-17,1.98863479010558e-16,Early_Loss_Down,0.971041391945271,0.841806320606652
MRPS7,-0.378708096023328,-0.398609762951679,-0.357705336919343,8.5537041258126e-17,4.54558912739543e-16,Early_Loss_Down,0.996125394663068,0.398609762951679
CIB1,0.409446126655049,0.489967602589304,0.486523853491183,1.15963768930907e-10,3.80090777882242e-10,Early_Burst_Up,0.98729703157389,0.489967602589304
UNC13B,-0.283761341643468,-0.231435041671648,-0.21429624058328,1.43812646967419e-06,3.29699407179852e-06,Early_Loss_Down,0.9717173459371,0.283761341643468
ATP5MG,-0.270283674136432,-0.309925664438875,-0.304056924113711,3.91162882089081e-06,8.63921843085278e-06,Early_Loss_Down,0.993048059639892,0.309925664438875
PLXNA1,0.193026242570376,0.195253003726485,0.19056994591383,0.000231115504030681,0.000428934706633213,Early_Burst_Up,0.999803542291212,0.195253003726485
RRP8,-0.397113731095768,-0.358392280439829,-0.319828060748086,1.19501813318871e-18,7.44381804221292e-18,Early_Loss_Down,0.984854675605511,0.397113731095768
BUD31,0.280126851947806,0.320469651696387,0.298591756921361,3.65234538401132e-09,1.05208786035799e-08,Early_Burst_Up,0.994001187044353,0.320469651696387
CPZ,0.783548053646076,0.780242968520821,0.651232231163143,6.84275069896601e-30,1.19633133018477e-28,Early_Burst_Up,0.986358540182436,0.783548053646076
HARS2,0.198708377609117,0.140611346593758,0.118676446263466,0.000208121547125629,0.000388425098717085,Early_Peak,0.955953675648793,0.198708377609117
MARCKSL1,0.778449879591149,0.815494965116412,0.77099614800138,1.59457383182396e-32,3.67591230704682e-31,Early_Burst_Up,0.998783530591201,0.815494965116412
P3H4,0.741973620728634,0.770969795652857,0.760065988301647,7.10625375299054e-34,1.86555973919203e-32,Early_Burst_Up,0.999502167390334,0.770969795652857
KAT7,-0.110919378346204,-0.121852813812245,-0.0360968288386444,0.000827838222069194,0.00144368601929167,Early_Trough,0.91846752358365,0.121852813812245
TTC27,-0.135304198977842,-0.108919727822902,-0.0730867001228078,0.00570495450327157,0.0089849794428891,Early_Trough,0.971355685884341,0.135304198977842
CARD11,0.477717835069326,0.465999214169296,0.413708524913123,6.27090088163304e-22,5.19268031213434e-21,Early_Burst_Up,0.992520641922231,0.477717835069326
UHRF1BP1L,0.139753201419915,0.16070578673315,0.160632039455812,9.82966620328172e-06,2.09696185961832e-05,Early_Burst_Up,0.991869556912992,0.16070578673315
S100A13,0.304729373132335,0.193822090347549,0.169607813569169,0.000165845094793301,0.000312891153677137,Early_Peak,0.961924315256726,0.304729373132335
SAMD4B,0.34312994461615,0.351619211580721,0.368381519243027,9.00377195840697e-22,7.36045090745214e-21,Early_Burst_Up,0.998251555101832,0.368381519243027
ATG2B,-0.333144119772872,-0.314854066101669,-0.28101117746621,6.88561881033087e-16,3.40071927237825e-15,Early_Loss_Down,0.990412149945792,0.333144119772872
RPS29,-0.288415106652018,-0.279284382939206,-0.32471511533182,2.79735749582378e-05,5.70998505770063e-05,Early_Loss_Down,0.99141030921645,0.32471511533182
RBM7,0.345643619649236,0.321896954880207,0.335496493175353,7.39356031730498e-09,2.07169053739435e-08,Early_Burst_Up,0.998310958674429,0.345643619649236
ECM2,0.765640981764019,0.840852430111743,0.725241784863267,1.62992867756988e-19,1.07995752028157e-18,Early_Burst_Up,0.992487671510399,0.840852430111743
FUT8,0.150653168895111,0.174573946513958,0.120407872918205,0.00861508703740294,0.0133039069076391,Early_Burst_Up,0.958245527202343,0.174573946513958
CHM,0.0958084988747328,0.0925455211541629,0.104890219730795,0.00226441751935611,0.00375612569186397,Early_Burst_Up,0.994338249272768,0.104890219730795
GAB1,-0.109117314446257,-0.170732368094438,-0.133652689016371,0.00174979796500474,0.00293999973041984,Mid_Trough,0.949301101582571,0.170732368094438
SULT1C2,0.402187920274148,0.408911438675268,0.208736837581726,0.00484368350349682,0.00769552006798406,Early_Peak,0.937749356111898,0.408911438675268
SHOC2,-0.136065085638233,-0.116746862394715,-0.133153251026403,0.000471038412534127,0.000843732602046708,Early_Loss_Down,0.99137493889983,0.136065085638233
STX4,-0.108992803761123,-0.123194441192708,-0.136510047748308,0.00299258909376729,0.00488607542443228,Early_Loss_Down,0.983691464346471,0.136510047748308
HYI,-0.513905708675286,-0.597503137687572,-0.517347840822652,2.22394752679544e-24,2.21383867440091e-23,Early_Loss_Down,0.990029731377028,0.597503137687572
PIP5K1C,0.117790422421883,0.108907988554196,0.136420675572552,0.00650480231650237,0.0101868582758624,Early_Burst_Up,0.982526060162996,0.136420675572552
CISD1,-0.448742965372657,-0.512852327251858,-0.49485560646795,6.85630209561298e-15,3.11113119082286e-14,Early_Loss_Down,0.993871514137647,0.512852327251858
WRNIP1,-0.101080184574072,-0.133649952787068,-0.0898816635480273,0.0147483981363989,0.021981648134077,Mid_Trough,0.953911708617589,0.133649952787068
POGLUT1,0.323192093032734,0.306236566406432,0.325606545682565,4.58605220685017e-14,1.95919540376833e-13,Early_Burst_Up,0.998537320782785,0.325606545682565
WDR13,0.132859915418458,0.137885038703554,0.0982205597326764,0.000412453224066258,0.0007435952622789,Early_Burst_Up,0.96126114489567,0.137885038703554
PDXP,-0.419110707699032,-0.475395520555699,-0.41778499875042,1.51368959590677e-29,2.52443383108941e-28,Early_Loss_Down,0.992548351286411,0.475395520555699
PRAG1,0.578298154608191,0.557813442023837,0.543303817837808,2.44914338469718e-28,3.5946686503439e-27,Early_Burst_Up,0.998687362502064,0.578298154608191
RAB2B,-0.108708263312651,-0.122895237010132,-0.13013256805205,0.0320241385480779,0.045455377963006,Early_Loss_Down,0.989282418360127,0.13013256805205
TPD52L1,-0.79827308517307,-0.875332638096583,-0.843997226435419,1.18085128364122e-24,1.20577231686653e-23,Early_Loss_Down,0.997168800440997,0.875332638096583
PTMS,0.110493696808525,0.101279426790489,0.196044884438878,0.0088764227268954,0.0136820874112287,Monotonic_Up,0.931296530653846,0.196044884438878
EEPD1,0.203220831564602,0.219137716488917,0.202458032123872,1.84891881396261e-08,5.00869217766825e-08,Early_Burst_Up,0.997284935945175,0.219137716488917
CNOT9,0.259200036469133,0.261964629464547,0.283434831924403,8.17026748412122e-12,2.92694644868088e-11,Early_Burst_Up,0.996753689515272,0.283434831924403
ARHGAP30,0.337223960645883,0.316285172132718,0.381630503109021,2.20752977348298e-08,5.9472524360393e-08,Early_Burst_Up,0.987759413752763,0.381630503109021
RIOK3,-0.219998074460086,-0.233607715163233,-0.21699596504947,1.17299660081772e-07,2.98066495023056e-07,Early_Loss_Down,0.997915461160983,0.233607715163233
TOP3B,-0.274450571770914,-0.26755412660413,-0.232332334914309,4.06545085432816e-18,2.38931370125134e-17,Early_Loss_Down,0.989940080962352,0.274450571770914
GIMAP1,0.327462139877175,0.294600415543278,0.386193432005478,1.4673555892248e-07,3.69257127714809e-07,Early_Burst_Up,0.975513956321335,0.386193432005478
LRRC1,-0.162941962869634,-0.134712703929486,-0.141123460672559,0.00852758161356448,0.0131761110635135,Early_Loss_Down,0.986622831988249,0.162941962869634
VPS26C,0.177369448323065,0.157219864174983,0.183203196312819,0.000371703342167175,0.000674365644978249,Early_Burst_Up,0.991783592443519,0.183203196312819
SDAD1,-0.166554676251742,-0.177386308805252,-0.136526081183687,0.000126524057363347,0.000240780518037451,Early_Loss_Down,0.977490319153723,0.177386308805252
NCDN,0.319906104073246,0.304813167256672,0.316791269450249,9.26490503457895e-16,4.51155878863464e-15,Early_Burst_Up,0.999141549417196,0.319906104073246
AP1G2,0.138346781605753,0.119856157039682,0.132495100428337,0.00870180079313778,0.0134278483590752,Early_Burst_Up,0.993051725912819,0.138346781605753
TGFB1,0.630588737486615,0.645535819486021,0.683412392209835,4.23863535566285e-33,1.03140126987796e-31,Early_Burst_Up,0.997691023037946,0.683412392209835
DOK1,0.131700242784542,0.134406316964768,0.138722461429866,0.000353014286953882,0.000641858181348089,Early_Burst_Up,0.999082780526174,0.138722461429866
ARHGEF40,0.100012754603609,0.0737602245535428,0.093742313817297,0.0151918992039659,0.0226045029814776,Early_Burst_Up,0.969897537412992,0.100012754603609
MFAP2,1.14239728856531,1.08143732643004,0.861996548566725,6.59824920595846e-29,1.01686351651826e-27,Early_Burst_Up,0.973669560505948,1.14239728856531
WASHC2C,0.266303995343825,0.257164386037231,0.262176668636448,7.23861693571198e-09,2.03032592312083e-08,Early_Burst_Up,0.999592981963677,0.266303995343825
RNASE4,0.437389489107345,0.427857622673722,0.354622102847747,3.83509652375007e-10,1.2080118573296e-09,Early_Burst_Up,0.983861527607818,0.437389489107345
SPATA20,-0.378051583203662,-0.410886408591272,-0.34324004903987,1.39403416463145e-14,6.16099432717095e-14,Early_Loss_Down,0.989456299022305,0.410886408591272
MAN1A2,-0.459358516738691,-0.470160257238067,-0.467694447581311,3.53905008158308e-13,1.41324255177228e-12,Early_Loss_Down,0.999803105920786,0.470160257238067
COMMD10,-0.197692226685872,-0.20648687657558,-0.166345918033198,2.54918885538765e-07,6.25423044060614e-07,Early_Loss_Down,0.983980173161491,0.20648687657558
MPP7,-0.750888717449069,-0.800890029637985,-0.780441534235709,4.8707210169655e-45,5.96090298576278e-43,Early_Loss_Down,0.998608731273197,0.800890029637985
PBX1,-0.406014378380425,-0.44352938917191,-0.411680063795506,1.76119942802304e-13,7.18465766667045e-13,Early_Loss_Down,0.996928924913657,0.44352938917191
B4GALT1,0.578515150684806,0.620228492505504,0.519609350243793,3.14320984312077e-21,2.46075186401233e-20,Early_Burst_Up,0.989772694901352,0.620228492505504
PIGS,0.133264133148162,0.154975008936029,0.169457692596169,9.1509517556765e-06,1.95568106088187e-05,Early_Burst_Up,0.981516207789354,0.169457692596169
CD2BP2,0.203601731059755,0.203181868904196,0.209238560789353,3.9185840995978e-07,9.42582653220347e-07,Early_Burst_Up,0.999638474563753,0.209238560789353
UHRF1,0.588762776737858,0.62754163019489,0.577131303750557,7.72571680774544e-12,2.77246292686751e-11,Early_Burst_Up,0.997410740085601,0.62754163019489
SGSH,-0.481363902704061,-0.481289517493045,-0.470786509574671,1.48254267663573e-15,7.0988033112558e-15,Early_Loss_Down,0.999783790835366,0.481363902704061
OCLN,-0.296299406024532,-0.260081730302157,-0.27018368090563,0.00138490737952178,0.00235737353495198,Early_Loss_Down,0.993920726053797,0.296299406024532
SLC27A4,-0.203483510472198,-0.225072207832636,-0.237088519476419,2.49156300899651e-05,5.11212706135823e-05,Early_Loss_Down,0.992238319926304,0.237088519476419
ELMO3,0.240645832900388,0.287545251783779,0.265343802719894,3.61835349384734e-08,9.58368484271087e-08,Early_Burst_Up,0.989673194478662,0.287545251783779
SNCA,-0.643116961022447,-0.734002600164842,-0.5667011633451,2.77358927777506e-11,9.50259776436559e-11,Early_Loss_Down,0.978439207526807,0.734002600164842
GPT2,-1.06384954647051,-1.07754731179558,-1.06364520788056,1.02526374654138e-28,1.54850179650043e-27,Early_Loss_Down,0.999925840007432,1.07754731179558
CUL7,-0.0894694573409292,-0.0868648532531538,-0.0573625195089205,0.0335598326695543,0.0474174087496839,Early_Loss_Down,0.936690233456061,0.0894694573409292
CHP1,0.239547607459458,0.240929123665801,0.166774863185248,0.000161980385737763,0.000305807797211811,Early_Burst_Up,0.952127695308652,0.240929123665801
HDGFL3,0.41687227221206,0.395872224102599,0.348699330705619,1.27929593382665e-07,3.24088303236086e-07,Early_Burst_Up,0.989329522091214,0.41687227221206
HSD17B8,-0.681811841813462,-0.724346546240669,-0.681423628835828,3.32072985013805e-27,4.31798653325763e-26,Early_Loss_Down,0.998328326965088,0.724346546240669
PHYHD1,-0.604933089289598,-0.583644492116798,-0.521261307990615,7.95358032351721e-19,5.03726753822757e-18,Early_Loss_Down,0.99232752750881,0.604933089289598
VPS25,-0.220438910707521,-0.196636428643447,-0.193321103176884,7.53322553343543e-08,1.94271778398666e-07,Early_Loss_Down,0.993025964081645,0.220438910707521
COPS8,0.200038438525722,0.160168466546908,0.215007149319531,0.00037775864264163,0.00068445622122004,Early_Burst_Up,0.972073933195781,0.215007149319531
XYLB,-0.198690788952801,-0.190005056013144,-0.227384469510248,1.92601956911548e-05,3.99709098607955e-05,Early_Loss_Down,0.98811689275156,0.227384469510248
CDK2,0.116942605680433,0.146712288018491,0.151605322137942,2.30029129236908e-05,4.737199736475e-05,Early_Burst_Up,0.976372925949366,0.151605322137942
SF3B4,-0.201658635138852,-0.196732730342734,-0.121761128124668,4.63834390637963e-06,1.01659989436111e-05,Early_Trough,0.932992856335288,0.201658635138852
TSC1,-0.122931654755963,-0.173045179042462,-0.149129134002027,3.02138704817341e-06,6.7591352190589e-06,Early_Loss_Down,0.963988673357922,0.173045179042462
STK25,0.143571068929138,0.133716344580447,0.133796646250346,4.81372571342385e-05,9.60667275470342e-05,Early_Burst_Up,0.997727619271436,0.143571068929138
SELENOM,0.455987544931728,0.386204858634587,0.339873701412218,2.35999310924184e-08,6.33339653502437e-08,Early_Burst_Up,0.97189050417804,0.455987544931728
WDR19,-0.161883387584519,-0.155794053570974,-0.129736164123912,0.00074014564913925,0.00129564410856896,Early_Loss_Down,0.982965618778863,0.161883387584519
COL28A1,-1.04550466805275,-1.05073819055628,-0.99480943655964,1.11406670828649e-21,9.03631885610153e-21,Early_Loss_Down,0.998803686776288,1.05073819055628
C11orf68,0.201938490285516,0.196820308954361,0.156249309565527,0.000119430941104577,0.000227802954818311,Early_Burst_Up,0.976448003688408,0.201938490285516
DNAJB12,-0.154034743834077,-0.145921328390341,-0.154176898481853,0.00150118984477756,0.00254230807656468,Early_Loss_Down,0.998703029276535,0.154176898481853
GOSR1,0.1617723001339,0.190575402717583,0.146635316431534,0.00887844592120261,0.0136826716585645,Early_Burst_Up,0.976818331640394,0.190575402717583
RPS6KA5,-0.145115522747622,-0.200277398789015,-0.139851152722022,0.00449005715115335,0.00715691545908795,Mid_Trough,0.957784037938036,0.200277398789015
CAMSAP3,-0.429017841997165,-0.411155852485968,-0.405478673046423,9.30796241156304e-19,5.84610288219077e-18,Early_Loss_Down,0.998835057055882,0.429017841997165
SPG7,-0.452669317455168,-0.46850162315035,-0.425601358374326,5.2618881649305e-18,3.07510065369043e-17,Early_Loss_Down,0.996900809896538,0.46850162315035
DTNBP1,0.264888525555458,0.261809551554475,0.263754595744927,2.91149521787161e-08,7.76336533262656e-08,Early_Burst_Up,0.999953432461171,0.264888525555458
UVRAG,0.209926939984205,0.208871680887236,0.228318277682369,7.00818152644995e-10,2.15131267661809e-09,Early_Burst_Up,0.996590614515694,0.228318277682369
HPF1,-0.115620429633426,-0.161368212295813,-0.107704153239025,8.13604808091988e-05,0.000157791172522525,Mid_Trough,0.963986678901782,0.161368212295813
MRPL24,-0.560246426407845,-0.578520638699824,-0.513987267443764,8.33592205007108e-33,1.97078248013328e-31,Early_Loss_Down,0.995174688629262,0.578520638699824
ACADL,-1.35012925987448,-1.39701516574239,-1.28323758015691,4.62588538119524e-28,6.61453919970907e-27,Early_Loss_Down,0.997593283102886,1.39701516574239
APOBEC3G,0.40498361679645,0.427264892268516,0.495201771354561,6.86833260339209e-13,2.68727145864734e-12,Early_Burst_Up,0.985290997969813,0.495201771354561
SMPD4,-0.182933530637975,-0.181301952073511,-0.177321808919173,0.00025712478386803,0.000474665583706687,Early_Loss_Down,0.999659242203295,0.182933530637975
GIPC2,-0.759929522132003,-0.748526581233831,-0.805717901248972,7.46988727682375e-19,4.74537419219292e-18,Early_Loss_Down,0.997953252277023,0.805717901248972
NFIX,-0.0130368642326379,-0.0995128863303135,-0.124372314535723,0.0171824074201333,0.0253262477064027,Mid_Plateau_Down,0.98272146086487,0.124372314535723
SASH3,0.239464079782083,0.273973302844844,0.31558195828526,1.17324988818315e-06,2.70689924298869e-06,Early_Burst_Up,0.975561663669889,0.31558195828526
GTF2E2,-0.185843013438497,-0.187862285326369,-0.162897062401272,7.56806147809762e-06,1.6286891031996e-05,Early_Loss_Down,0.992080575559225,0.187862285326369
GOSR2,-0.127730070809218,-0.128380028048534,-0.132138654694894,0.00815311616784383,0.0126209510321422,Early_Loss_Down,0.999549382840304,0.132138654694894
PTGR3,-0.360126076551204,-0.418241958777901,-0.365035274241217,2.54593151624789e-14,1.10407723179859e-13,Early_Loss_Down,0.990599814573163,0.418241958777901
HMCES,0.163211380330369,0.15336770374667,0.157326735040328,0.00160886587407651,0.00271361609324376,Early_Burst_Up,0.998691711289497,0.163211380330369
ADAP1,0.57273221800384,0.5833051684194,0.564511794036658,2.29557801891177e-25,2.53666081589487e-24,Early_Burst_Up,0.999640395759277,0.5833051684194
PEF1,0.158677912134979,0.149361954427877,0.164215978373544,0.000442228893025955,0.000794694201632907,Early_Burst_Up,0.996981786967197,0.164215978373544
EIF1AX,-0.150267732420804,-0.157317008761187,-0.165367482351517,0.0114060132224901,0.0173023773309447,Early_Loss_Down,0.996951594015818,0.165367482351517
LRCH1,0.361508993342833,0.375596844144365,0.371033363258376,1.69491092661647e-24,1.70145340546469e-23,Early_Burst_Up,0.999495474151841,0.375596844144365
PLXNC1,0.480288572466951,0.494570158219122,0.475077075303024,6.52142839715053e-22,5.3947641273446e-21,Early_Burst_Up,0.99941914354546,0.494570158219122
ZNF592,-0.0837333229195017,-0.0924415219864754,-0.000341411705225286,0.0122430738381905,0.0184812008854384,Early_Trough,0.871010124423546,0.0924415219864754
HEATR5A,0.307240720198525,0.320202049157906,0.31223037683349,5.49962651304271e-21,4.22213024368464e-20,Early_Burst_Up,0.999419657439777,0.320202049157906
SF3B5,0.183575853002651,0.185645073091998,0.202657204209045,7.29835515168591e-06,1.57268025821673e-05,Early_Burst_Up,0.996001465391024,0.202657204209045
RIN3,0.355150049813183,0.382644287849205,0.414042539125822,3.26472019091328e-19,2.12756471642759e-18,Early_Burst_Up,0.992237263982995,0.414042539125822
UFC1,0.345480890111645,0.291079666840283,0.322335396532998,0.000794639816017051,0.00138811766349578,Early_Burst_Up,0.990412174363954,0.345480890111645
KCTD14,-1.085218825345,-1.15074622700985,-1.09070681704062,1.01795476356152e-24,1.04456467846596e-23,Early_Loss_Down,0.998570187007512,1.15074622700985
CENPC,-0.185119557553161,-0.200304979965534,-0.132581458809763,2.32153402771729e-08,6.23420657588359e-08,Early_Loss_Down,0.947897014983269,0.200304979965534
KMT2D,-0.120154147760268,-0.135723515200271,-0.101402375632879,9.37943204646991e-05,0.000180558948625312,Early_Loss_Down,0.973341939441803,0.135723515200271
EARS2,-0.540933846615564,-0.553127304019567,-0.510782954363582,1.0082173511588e-19,6.81037726975937e-19,Early_Loss_Down,0.997793561008663,0.553127304019567
TRIM22,0.275951634802011,0.27185532895944,0.328270483486132,2.48724230058098e-09,7.27295517408113e-09,Early_Burst_Up,0.984879948594411,0.328270483486132
TRPM4,0.351386808003097,0.378195457151431,0.317396536208682,1.05420971345313e-08,2.91660014473302e-08,Early_Burst_Up,0.989988660019426,0.378195457151431
MAGT1,-0.140377996760956,-0.175853624603045,-0.160816421561561,0.0294676825578693,0.0420634741417818,Early_Loss_Down,0.9836893121296,0.175853624603045
CBLB,0.196193019709403,0.185176386149652,0.208769933727691,1.24307061114305e-10,4.06317110209445e-10,Early_Burst_Up,0.995232214948387,0.208769933727691
SP110,0.378505123680948,0.388872244423066,0.414652392208811,2.86261821973958e-15,1.34061388996471e-14,Early_Burst_Up,0.997037654820406,0.414652392208811
ENPP4,0.199506870265432,0.261504172796991,0.250955487692886,3.1178361041682e-06,6.96366936631447e-06,Early_Burst_Up,0.974927185700322,0.261504172796991
PSME3IP1,-0.153463131791775,-0.123749413540791,-0.105917483826261,0.00338237216610453,0.00549124096104602,Early_Loss_Down,0.955931500835301,0.153463131791775
CHI3L1,0.538985957784298,0.622124455672828,0.6439936343525,2.62481600789974e-11,9.00771910009965e-11,Early_Burst_Up,0.988883890581114,0.6439936343525
TIMM8A,-0.515007893746551,-0.518583217057216,-0.560482766796936,8.54747835021738e-25,8.89151435381363e-24,Early_Loss_Down,0.996994157101079,0.560482766796936
HINT3,-0.144938553471496,-0.127165596476822,-0.174007447856421,0.0169227632967277,0.0249833663571701,Early_Loss_Down,0.967898360904466,0.174007447856421
HDDC2,-0.378924146226674,-0.410494399214139,-0.369339666718325,1.06950404538968e-20,7.97528016642734e-20,Early_Loss_Down,0.995881379368201,0.410494399214139
BCL9L,0.100733782470052,0.104355416459012,0.128498640651875,0.00694869961338074,0.0108534305898188,Early_Burst_Up,0.976303089518489,0.128498640651875
DDHD2,0.11896357052785,0.0729565092789732,0.0978223902209093,0.0271476905294414,0.0389455405250838,Early_Burst_Up,0.931853320524516,0.11896357052785
MKRN2,-0.23932818867157,-0.241776051283887,-0.216221977287967,4.80661362438921e-10,1.50039904659291e-09,Early_Loss_Down,0.995129427528968,0.241776051283887
RNF123,-0.0541817457412157,-0.115185911789443,-0.0659906274617869,0.0334522669284188,0.0472889018818246,Mid_Trough,0.99432496445569,0.115185911789443
METTL16,-0.0501465326293735,-0.116889275056028,-0.020271047172158,0.000319458656137916,0.000583652016768329,Mid_Trough,0.934801461183006,0.116889275056028
ARHGAP26,0.283224483135527,0.269505717386344,0.278458672211673,8.95754723769938e-15,4.02292002763811e-14,Early_Burst_Up,0.999158442463337,0.283224483135527
PDE3A,-0.356335765055948,-0.433603199405737,-0.422411187940927,1.71902576798881e-14,7.54521753228001e-14,Early_Loss_Down,0.986061619085419,0.433603199405737
PAFAH1B2,0.170745865492647,0.166191500370235,0.158020615411181,0.0044250511961929,0.007058707313536,Early_Burst_Up,0.997969835936084,0.170745865492647
DENND3,0.231707435951639,0.280461699647776,0.316027022816148,1.15010566383833e-09,3.47033333374278e-09,Early_Burst_Up,0.970051094978734,0.316027022816148
MRPL1,-0.689849937558147,-0.69515203165966,-0.694055048082475,1.44105219440464e-35,4.68454545384196e-34,Early_Loss_Down,0.999978254605126,0.69515203165966
CRABP2,1.24432342305036,1.279445339918,1.20320322932081,2.60975583096802e-21,2.05861497870292e-20,Early_Burst_Up,0.99874433052591,1.279445339918
CYP2S1,0.859597109401378,0.898390050544291,0.790047762830903,1.51093067845881e-18,9.33479220945377e-18,Early_Burst_Up,0.994476566101415,0.898390050544291
UTP18,-0.145741479477642,-0.159253131569001,-0.121224374104947,0.000274431203566229,0.000505157371395302,Early_Loss_Down,0.976319292963167,0.159253131569001
LARP4,-0.174241671887941,-0.134596792021655,-0.110724303503841,0.00706090235793125,0.0110183441632672,Early_Trough,0.94499465134329,0.174241671887941
DNAAF10,-0.101706416422099,-0.150944776794708,-0.142508153268484,1.67484473490015e-06,3.8165547327051e-06,Early_Loss_Down,0.950626531987458,0.150944776794708
DPP8,-0.0982022920554634,-0.075414768966937,-0.030275835255701,0.0103133995022432,0.0157396131776394,Early_Trough,0.992863517730614,0.0982022920554634
HOPX,0.756887218254268,0.786206127960543,0.703378880247279,9.43780790541509e-21,7.08857738166646e-20,Early_Burst_Up,0.995832085953946,0.786206127960543
KIF11,0.317913193456209,0.336788645510192,0.436295464443623,4.38349159667167e-07,1.05158308064288e-06,Early_Burst_Up,0.961552444359457,0.436295464443623
HMOX1,0.10762266814855,0.143945386822242,0.196688531942096,0.0331874982850834,0.0469624826948586,Monotonic_Up,0.972207379618082,0.196688531942096
STAP2,-0.295545286060247,-0.183557849023471,-0.247387567455209,2.60865762096265e-05,5.33921513075532e-05,Early_Loss_Down,0.935150864763178,0.295545286060247
IRF3,0.205033086606274,0.21007684605219,0.202230110071725,2.59571954984115e-09,7.56887809873093e-09,Early_Burst_Up,0.999502521672092,0.21007684605219
BSPRY,-0.375664912903383,-0.356206881353622,-0.384651533855189,7.68737022850094e-08,1.98124171698931e-07,Early_Loss_Down,0.997971139281748,0.384651533855189
WDHD1,0.330014804581634,0.38794665235859,0.407135515056204,6.40892799453775e-08,1.66101210746008e-07,Early_Burst_Up,0.985060211808537,0.407135515056204
SEC61B,-0.425287472284502,-0.473809672150384,-0.441533238193124,2.28314386334636e-06,5.1533287851284e-06,Early_Loss_Down,0.995951808331484,0.473809672150384
ATF7IP,0.0534760612773042,0.0764897797141285,0.104767973363152,0.030931623609541,0.0440097404135067,Monotonic_Up,0.980996340225227,0.104767973363152
SIRT5,-0.207877648347059,-0.237172954543675,-0.174424736416057,1.72899726108479e-09,5.13149615076591e-09,Early_Loss_Down,0.970530270955387,0.237172954543675
ZNF318,-0.16051200742879,-0.184435617738903,-0.121522148127324,1.88491951029169e-07,4.68667468319314e-07,Early_Loss_Down,0.948633282091631,0.184435617738903
KMT2A,0.089533320855352,0.0632231775112701,0.135747191559039,0.000730447021325681,0.00127974318136259,Monotonic_Up,0.867903666685562,0.135747191559039
ZAP70,0.260280420790497,0.194009479967079,0.280070280373067,0.00196568639732396,0.00328219145235353,Early_Burst_Up,0.957643747992423,0.280070280373067
ATP11A,0.350027406535049,0.402822391484006,0.301362230049594,2.24112635609582e-11,7.71644747018181e-11,Early_Burst_Up,0.973305002297183,0.402822391484006
NDUFB7,-0.153796085615708,-0.125963927464724,-0.165578076485821,0.00801356645001358,0.0124257313204794,Early_Loss_Down,0.97586586460333,0.165578076485821
BST1,0.519023459459817,0.489357386094893,0.393626639413336,4.62304284734862e-11,1.56140270193325e-10,Early_Burst_Up,0.974768641270711,0.519023459459817
MMAB,-0.820479225507302,-0.85745238234391,-0.824816013181594,2.53553226274529e-31,5.12152900256464e-30,Early_Loss_Down,0.999218333115582,0.85745238234391
RILPL1,0.128330695960339,0.128129617687239,0.129599278641775,0.00347536421670118,0.00563342053201933,Early_Burst_Up,0.999948882254931,0.129599278641775
STX17,-0.457351043764896,-0.455706937943928,-0.440886494345022,2.63662749072317e-32,5.83564201537187e-31,Early_Loss_Down,0.999462097785196,0.457351043764896
FAM83B,0.504486901500344,0.517439424451375,0.522445466466598,4.11741275026691e-18,2.41814459475802e-17,Early_Burst_Up,0.999568145599847,0.522445466466598
ACAD10,-0.530173624183259,-0.538753894510534,-0.538568901110301,4.98238232863146e-29,7.79386949978778e-28,Early_Loss_Down,0.999888460273895,0.538753894510534
RNF113A,-0.174632289129982,-0.145102423453202,-0.15132663891037,2.13478609339589e-05,4.41273965952324e-05,Early_Loss_Down,0.987147845374095,0.174632289129982
HMGB3,0.286716892555044,0.350832234096752,0.325126623867203,7.81328098228836e-08,2.01182315391719e-07,Early_Burst_Up,0.986785329942562,0.350832234096752
FRG1,-0.220761725024284,-0.231250231877662,-0.203933974037129,5.28011541874887e-07,1.25689703989783e-06,Early_Loss_Down,0.994745620981679,0.231250231877662
GCSH,-0.713962939669694,-0.674042993045875,-0.676630031174124,6.40983916129985e-28,8.9953931703773e-27,Early_Loss_Down,0.998598197542171,0.713962939669694
MUC16,0.660057220573788,0.925727596588926,0.822459005649618,1.68157947691665e-16,8.70280124807236e-16,Early_Burst_Up,0.964833510740888,0.925727596588926
HDAC4,0.189269672804171,0.143581108267224,0.158406902692259,1.99375994143361e-05,4.13458017259171e-05,Early_Burst_Up,0.974033113869358,0.189269672804171
GFM2,-0.408188357251148,-0.447371681111675,-0.380924240727085,2.65061840916285e-24,2.61666030854724e-23,Early_Loss_Down,0.991356797694104,0.447371681111675
SPAG7,-0.275539049889775,-0.30998711567755,-0.288580434365872,1.53945688338461e-13,6.30790752512394e-13,Early_Loss_Down,0.995282688005544,0.30998711567755
GPX8,1.00335053974525,0.963044348613273,0.94143128460772,9.62875130928978e-47,1.65918217299465e-44,Early_Burst_Up,0.998601310122918,1.00335053974525
PFKFB3,0.224380340916947,0.162097830770336,0.247724938600986,9.02796031001824e-07,2.10283689815533e-06,Early_Burst_Up,0.946215733808964,0.247724938600986
DNPH1,-0.119328716074138,-0.208174869975395,-0.127226949017391,0.000155644859076481,0.000294381026644199,Mid_Trough,0.990907889533953,0.208174869975395
TXNDC9,0.393956741528624,0.404504493553674,0.385851161923736,5.26089557572009e-20,3.64843108176188e-19,Early_Burst_Up,0.999252366681737,0.404504493553674
FBXO22,-0.010914763237558,-0.0727832221356333,0.0113846267705842,0.0311095793415857,0.0442402459468004,Mid_Trough,0.790484008235399,0.0727832221356333
HYPK,-0.386614227786816,-0.394508547521912,-0.36003951521392,7.26722875226292e-21,5.50800343135993e-20,Early_Loss_Down,0.997008451477935,0.394508547521912
ARMCX1,-0.313166606276839,-0.363497524270367,-0.304377194035756,8.68041654350399e-09,2.41923732334361e-08,Early_Loss_Down,0.987548610579246,0.363497524270367
SGSM3,-0.628433355252465,-0.61634535076131,-0.627515399939326,2.2798491885848e-17,1.25898506618465e-16,Early_Loss_Down,0.999845003301192,0.628433355252465
AKT2,0.263359853782191,0.246929828887978,0.273167420613681,8.09703354996077e-13,3.14582227837411e-12,Early_Burst_Up,0.996581517199985,0.273167420613681
METTL7A,-1.00506001640668,-1.08368796331645,-0.971504703161172,1.12454896793891e-29,1.9060074360871e-28,Early_Loss_Down,0.995778493027466,1.08368796331645
PTPRE,0.445439834755171,0.416552637734559,0.437010202350404,7.15281394880766e-20,4.91136284504764e-19,Early_Burst_Up,0.998434365358325,0.445439834755171
LMTK2,-0.194669587253115,-0.179075346322271,-0.195063195116374,8.05746942530377e-05,0.00015641301739533,Early_Loss_Down,0.996929925609456,0.195063195116374
AGAP3,-0.325043921727581,-0.325866029212681,-0.286874246100486,4.53558512217242e-17,2.45098307705967e-16,Early_Loss_Down,0.993295625903831,0.325866029212681
CLEC16A,-0.265468261301029,-0.252995252278331,-0.228118200501188,5.19424912154807e-13,2.05742699616959e-12,Early_Loss_Down,0.992305262822125,0.265468261301029
NDE1,0.356664613047992,0.361818388829746,0.325434366991713,3.31481765118267e-17,1.80536076525799e-16,Early_Burst_Up,0.995758892593938,0.361818388829746
SMARCD1,-0.0976358755294613,-0.12501544489026,-0.064379688340664,0.00120420731298807,0.00206584482759981,Mid_Trough,0.947213381052868,0.12501544489026
HLA-DPA1,0.559151460358946,0.566491479930225,0.600855457611124,1.16641030301022e-14,5.19875066894453e-14,Early_Burst_Up,0.998010525059086,0.600855457611124
ITGA7,-0.52394105739102,-0.607681294482223,-0.547438418283995,9.58245894069251e-12,3.40937252263545e-11,Early_Loss_Down,0.992152392688578,0.607681294482223
RTKN,0.253040368090418,0.263034530297365,0.25482193742126,8.21794393486858e-10,2.50603625599034e-09,Early_Burst_Up,0.999426678403464,0.263034530297365
PLAU,1.17297251865175,1.31168179740836,1.19660852057634,4.93827343214886e-37,1.966330693892e-35,Early_Burst_Up,0.995159121357217,1.31168179740836
MRPS30,-0.201309609089352,-0.276249229065862,-0.218545627533043,1.84720759755013e-06,4.19554083701205e-06,Early_Loss_Down,0.963904017871691,0.276249229065862
PITPNM1,0.165157311668045,0.143525658240041,0.154605683731356,0.000273077511966401,0.000502776781987697,Early_Burst_Up,0.993521900663916,0.165157311668045
MACO1,-0.581976172156823,-0.546457095322502,-0.513674114240637,6.37596065352375e-20,4.38881261857937e-19,Early_Loss_Down,0.994847108090712,0.581976172156823
COQ5,-0.379307148304113,-0.408909340607719,-0.391863507711642,4.66572411290615e-16,2.33763733098164e-15,Early_Loss_Down,0.998103180175106,0.408909340607719
HOMER3,0.444077541397797,0.415067585482309,0.44616963625262,2.89268314679111e-18,1.72813418144979e-17,Early_Burst_Up,0.997878303021868,0.44616963625262
MRPL58,-0.185079012694142,-0.191496763659723,-0.177498906228562,8.390375582649e-05,0.000162307544395177,Early_Loss_Down,0.998086375068338,0.191496763659723
ORC3,-0.206117269328582,-0.238147263459913,-0.165041666000359,5.4288506053237e-09,1.53826675987415e-08,Early_Loss_Down,0.959228994322758,0.238147263459913
RPS4Y1,-0.621553687922906,-0.653469158063626,-0.534703346177588,2.36647926032713e-05,4.86989129684529e-05,Early_Loss_Down,0.98643900486059,0.653469158063626
SPG21,0.155671479146599,0.187830986723457,0.196637047249103,1.18814862807925e-08,3.27084779453375e-08,Early_Burst_Up,0.981406127424849,0.196637047249103
TRIM65,0.210202398421185,0.20111268514401,0.246524519295101,6.93409342743916e-11,2.31656063842428e-10,Early_Burst_Up,0.984364647015381,0.246524519295101
RRS1,-0.301742198868434,-0.272942933654257,-0.251771813511284,1.9710028738719e-06,4.46574623369505e-06,Early_Loss_Down,0.989127275399242,0.301742198868434
BRK1,0.233588239265338,0.211817386584168,0.230906493614156,0.0040214583176217,0.00644469184262816,Early_Burst_Up,0.996323136462604,0.233588239265338
OAS1,0.568248428563617,0.686262207698703,0.505434052451488,9.7825202737693e-13,3.7682935147649e-12,Early_Burst_Up,0.968862852814052,0.686262207698703
NSRP1,-0.117906249293512,-0.0845088573365434,-0.092195419512079,0.0345788182682258,0.0487738952269107,Early_Loss_Down,0.960211939331432,0.117906249293512
CUTC,-0.0769614387857214,-0.154333105104462,-0.10041262380444,0.0050640279962277,0.00802262345033446,Mid_Trough,0.983310487414292,0.154333105104462
QSOX2,-0.128937292767044,-0.169478960811228,-0.170850372171953,0.00190865457107785,0.00319208668418606,Early_Loss_Down,0.970462638526605,0.170850372171953
PFDN1,0.181003152590847,0.157449997592416,0.157408524677668,0.00084240516282739,0.00146776281413552,Early_Burst_Up,0.991080074409588,0.181003152590847
PHYHIPL,-0.539251815279162,-0.621588236942457,-0.696864511186239,8.93250400894381e-17,4.74083535474684e-16,Early_Loss_Down,0.979066832737855,0.696864511186239
LGALSL,-0.254571035763739,-0.302715891672441,-0.257649798087731,4.48926832251457e-14,1.91981968036825e-13,Early_Loss_Down,0.987127701990685,0.302715891672441
NPTN,-0.109871538956523,-0.109637685859709,-0.153748882148179,0.0103715151149242,0.0158215506895483,Early_Loss_Down,0.948670689466683,0.153748882148179
BSDC1,-0.295927333249314,-0.273579156242672,-0.320299650901596,2.79759669110785e-12,1.03982133378292e-11,Early_Loss_Down,0.991825406820971,0.320299650901596
ANLN,0.480139121371208,0.472453491274339,0.577562273367666,1.03580312231106e-09,3.13795179609489e-09,Early_Burst_Up,0.982856198732788,0.577562273367666
MADD,0.114640571903142,0.116351138770741,0.118007978523447,0.000239003321965884,0.00044268543187182,Early_Burst_Up,0.999720798829647,0.118007978523447
CHMP3,0.422662273069669,0.431518662478727,0.429778045254108,3.62319775947208e-12,1.33240175670909e-11,Early_Burst_Up,0.999839777022225,0.431518662478727
HSBP1,0.237471389224015,0.268303923106731,0.255603810901777,5.18452702566302e-11,1.74749428544219e-10,Early_Burst_Up,0.995066159828024,0.268303923106731
AKAP11,0.175854779658676,0.137057625368688,0.173226025980566,2.09861326258345e-07,5.18707557494808e-07,Early_Burst_Up,0.976954571973169,0.175854779658676
SDCBP2,0.756465757781013,0.860662788985358,0.773021734420248,1.0832746183378e-22,9.51954738522408e-22,Early_Burst_Up,0.993478437643147,0.860662788985358
ZGPAT,-0.207611789199247,-0.209515406094813,-0.131072281235572,8.26238498256078e-07,1.93199122857181e-06,Early_Loss_Down,0.92850685674753,0.209515406094813
MTMR2,0.413749591415792,0.38247016107307,0.355286020240402,1.47948768326801e-19,9.85772337882814e-19,Early_Burst_Up,0.992342994606457,0.413749591415792
NECAP1,-0.58459445272956,-0.567752201785257,-0.500180302072803,3.54811883189398e-31,7.09794349014944e-30,Early_Loss_Down,0.991343269661506,0.58459445272956
SRA1,-0.239281135392074,-0.278305366205612,-0.267600961763026,4.8765014066167e-12,1.77215042383687e-11,Early_Loss_Down,0.992178977215655,0.278305366205612
HERC2,-0.129419760282757,-0.141249758155597,-0.082819503646967,0.000766363908635157,0.00134013037353683,Early_Loss_Down,0.919295190987244,0.141249758155597
THADA,-0.257207251099151,-0.219460904584808,-0.17590577883514,6.68063349178725e-10,2.05911970069087e-09,Early_Loss_Down,0.956384784542677,0.257207251099151
THY1,0.57153623997834,0.518030567547896,0.452218673611265,5.50135763069924e-14,2.32515480968406e-13,Early_Burst_Up,0.982442486489915,0.57153623997834
RASAL2,0.363596654362682,0.380199599759099,0.327035167215781,4.1955929949419e-19,2.70874514382517e-18,Early_Burst_Up,0.992346662666332,0.380199599759099
MYL6B,0.32418654330025,0.315978848673348,0.285720127838426,4.41624328914157e-13,1.75427096192058e-12,Early_Burst_Up,0.994303738412635,0.32418654330025
ALKBH5,-0.113920973413953,-0.126982794353221,-0.100459604973245,0.00342373724430789,0.00555514551513555,Early_Loss_Down,0.982365457552129,0.126982794353221
ADAMTS12,1.03386247954013,1.08567627651488,0.953529583938563,2.26782615716946e-54,1.60060388225396e-51,Early_Burst_Up,0.994413638560711,1.08567627651488
TRA2A,0.204515421198733,0.142728676873582,0.196719135132513,0.00408016040875786,0.00653359532839772,Early_Burst_Up,0.957021347411395,0.204515421198733
MEGF6,0.692191131205171,0.682788713418939,0.566689393255661,2.71770132439269e-25,2.97065304042398e-24,Early_Burst_Up,0.984800625846159,0.692191131205171
POLR1E,0.166141116922935,0.136338176227959,0.144715446278308,5.50026755532108e-05,0.000109009827566997,Early_Burst_Up,0.98611874933482,0.166141116922935
EIF4ENIF1,-0.150914707815533,-0.162478035085047,-0.138511221638585,4.45531124041845e-06,9.79062586288945e-06,Early_Loss_Down,0.99166375901656,0.162478035085047
QPRT,-0.204532117454152,-0.216424098478291,-0.200455814738869,0.00247887682287196,0.0040882308600754,Early_Loss_Down,0.997867679058236,0.216424098478291
AKAP17A,-0.159208252147065,-0.143425966874569,-0.0977998738845515,0.000569352220664484,0.00101242503854056,Early_Trough,0.942948159627804,0.159208252147065
USP13,-0.233701076758863,-0.273824152659511,-0.177208244302966,7.21995521605819e-14,3.02692530519074e-13,Early_Loss_Down,0.944658872675903,0.273824152659511
LSM1,-0.0941829412585333,-0.114214904703095,-0.0890855655916928,0.0265607126042424,0.038162681335032,Early_Loss_Down,0.97689845897383,0.114214904703095
PGK2,0.647534268647253,0.70361242915781,0.687043080622569,7.45957800299572e-24,7.16016241533223e-23,Early_Burst_Up,0.997610905438691,0.70361242915781
NUDT2,0.208937306144251,0.19149023622362,0.109349631784347,0.0150623375175826,0.0224277639687461,Early_Peak,0.959227798909378,0.208937306144251
STX18,-0.329088483223486,-0.318829602388194,-0.296039036692343,7.06650251612925e-14,2.96557911947693e-13,Early_Loss_Down,0.99616845431934,0.329088483223486
PSMG1,-0.115754965370959,-0.133219330535408,-0.111980511329674,0.0116094337084895,0.0175853125813706,Early_Loss_Down,0.988380577521345,0.133219330535408
ARL6IP4,-0.166132397269202,-0.198366927558577,-0.147124164115907,5.54385978496798e-05,0.000109795338244892,Early_Loss_Down,0.970587761208296,0.198366927558577
NLE1,-0.15603268205081,-0.154490534530488,-0.124662379314972,0.000437008750748687,0.000785822563468144,Early_Loss_Down,0.980756684889072,0.15603268205081
LSM6,0.685683087674178,0.677013229695886,0.657809580096697,1.96152840597466e-16,1.01076404919635e-15,Early_Burst_Up,0.999402424257113,0.685683087674178
CCDC88B,0.315744139621186,0.316145372745113,0.346777778931769,5.84873467665935e-10,1.81210610495752e-09,Early_Burst_Up,0.996052702740785,0.346777778931769
MTX1,-0.223798318563126,-0.251968425125078,-0.278932258734039,2.0208886960419e-08,5.46210968771053e-08,Early_Loss_Down,0.984361345134632,0.278932258734039
NRP2,0.520494729561366,0.53996364062705,0.529546344648272,3.65478749199428e-20,2.59293618997241e-19,Early_Burst_Up,0.999549778610067,0.53996364062705
GM2A,0.126155397056674,0.182674501992701,0.177016535437176,0.0181233170359913,0.0266000430993861,Early_Burst_Up,0.954108737683182,0.182674501992701
PRPF39,-0.196832228827082,-0.198324203191649,-0.152486363566918,2.37736193587765e-11,8.16862346423362e-11,Early_Loss_Down,0.973916694353915,0.198324203191649
MLH1,-0.0558499611826627,-0.0773263820547286,0.00666324639483686,0.00524604997953329,0.00829992926419696,Early_Trough,0.784408451875128,0.0773263820547286
PLCB4,-0.0436035348670826,-0.15220393803372,-0.109361036842662,0.0216615511300243,0.0314547947136734,Mid_Plateau_Down,0.952235821706017,0.15220393803372
VPS37B,0.225924901530065,0.302705991782086,0.298064254133838,1.25084026082703e-14,5.55469191600987e-14,Early_Burst_Up,0.968962393819444,0.302705991782086
RPL29,-0.875292038500022,-0.89904459198936,-0.77430898631832,3.85114769563617e-25,4.15684190960885e-24,Early_Loss_Down,0.991993024988028,0.89904459198936
ISG20,0.620128178381243,0.668713045572822,0.638892263342977,1.12091897160151e-16,5.88632449956051e-16,Early_Burst_Up,0.998067132078075,0.668713045572822
CD93,0.43100412472865,0.508612879746299,0.541236761632157,4.08439034828491e-21,3.17369715017993e-20,Early_Burst_Up,0.98290259160951,0.541236761632157
NDUFA3,-0.318570904693563,-0.324377196776901,-0.376441604346474,3.18430715903759e-06,7.10260095886112e-06,Early_Loss_Down,0.98847468999958,0.376441604346474
C1QA,0.478411667978597,0.48390257105249,0.437501878562527,1.09776253047976e-11,3.87100838078499e-11,Early_Burst_Up,0.996086563864353,0.48390257105249
CRBN,-0.075829481932623,-0.114515621551448,-0.0822847111354204,0.00905402548253656,0.0139300425338638,Mid_Trough,0.964193277115478,0.114515621551448
NUP58,0.141280732389507,0.138670573074634,0.181197527699807,8.74209320277023e-06,1.87166708601631e-05,Early_Burst_Up,0.969405521677566,0.181197527699807
DNTTIP1,0.12359063586679,0.149624180130186,0.153828503817717,0.000324859525214414,0.000593258935447521,Early_Burst_Up,0.982800092135568,0.153828503817717
RABGGTB,-0.208373363883102,-0.222188694048445,-0.170841286044619,2.34284304230123e-11,8.05334151095864e-11,Early_Loss_Down,0.977368105427959,0.222188694048445
MCAT,-0.125141951278752,-0.152290643401375,-0.132798106440271,0.000409832546668284,0.000739671753062993,Early_Loss_Down,0.986314640464148,0.152290643401375
ARHGAP9,0.333061246557879,0.334359537283829,0.368523858123292,8.202293798751e-11,2.72492970032758e-10,Early_Burst_Up,0.99550840609392,0.368523858123292
GLRX,0.389140718953325,0.328658832803206,0.280313489627389,3.27163727993513e-06,7.27983033251876e-06,Early_Burst_Up,0.966003310043021,0.389140718953325
GPRIN3,-0.370867401818956,-0.359582204865516,-0.286634587296753,1.66942315661855e-13,6.82029430995561e-13,Early_Loss_Down,0.97659600676238,0.370867401818956
EHD3,0.397990875144792,0.328393440835643,0.359373212572507,4.72224922252587e-08,1.23931119614823e-07,Early_Burst_Up,0.987849061988759,0.397990875144792
OXSM,-0.605821083486075,-0.62100783226877,-0.608413566158129,5.19361228360571e-29,8.07873671479752e-28,Early_Loss_Down,0.999764952061373,0.62100783226877
SNRPF,-0.165246750245004,-0.136323220272363,-0.101989589482576,0.0156279244963512,0.0231910819648064,Early_Trough,0.949675508080004,0.165246750245004
IL1RN,1.22249298814763,1.45624363517331,1.26960910485334,1.09718636205884e-45,1.40473613923903e-43,Early_Burst_Up,0.988440257298963,1.45624363517331
CHCHD4,-0.232089647617184,-0.270752209922502,-0.292021708077602,2.8757993049467e-06,6.44383462998558e-06,Early_Loss_Down,0.982914159158388,0.292021708077602
GSPT2,-0.298670454446737,-0.291292086030711,-0.220111732538356,5.17306639744616e-09,1.46929210100843e-08,Early_Loss_Down,0.96726368800861,0.298670454446737
RAC2,0.693286451175961,0.628518744089233,0.638172741507867,4.2105847485087e-15,1.94777577971592e-14,Early_Burst_Up,0.996207779769767,0.693286451175961
CCDC90B,-0.649265506601351,-0.642443565603145,-0.59404426337127,1.77623022448624e-27,2.37267864015642e-26,Early_Loss_Down,0.99695529126136,0.649265506601351
B4GALT4,0.436972378850473,0.400045685393231,0.363726294979757,1.89541343245724e-09,5.60143131566375e-09,Early_Burst_Up,0.989020060437611,0.436972378850473
UFM1,-0.267439420445023,-0.295729108202261,-0.310673309388593,0.000548653714216826,0.000977289428448721,Early_Loss_Down,0.992508279186818,0.310673309388593
DNAJC19,-0.176625710025806,-0.152272002393978,-0.146027767231059,0.000385212929391405,0.000697355231323748,Early_Loss_Down,0.986377083267633,0.176625710025806
PIGT,0.279220419055313,0.278185029192204,0.300662967233816,7.29623335119012e-12,2.62286194162437e-11,Early_Burst_Up,0.997385982870191,0.300662967233816
USE1,-0.654760061173042,-0.64688493115369,-0.614265341588436,7.40494155650425e-22,6.08932051711743e-21,Early_Loss_Down,0.998496400311756,0.654760061173042
RBM15B,-0.150747846538827,-0.127490528846093,-0.102096647004167,0.000158439592233326,0.000299394706304663,Early_Loss_Down,0.954226622715911,0.150747846538827
HACL1,-0.524925443230498,-0.522682369195349,-0.489723145868909,5.19017955196244e-19,3.33276807341292e-18,Early_Loss_Down,0.998033608416957,0.524925443230498
TRIM38,0.390482436137263,0.380150091557542,0.406792136641558,1.63172376366356e-15,7.79070864096854e-15,Early_Burst_Up,0.998441880849449,0.406792136641558
SLC12A4,0.220730944386009,0.217958340255258,0.141311599166048,1.71515192278446e-07,4.2773432128895e-07,Early_Burst_Up,0.934561407945241,0.220730944386009
CA3,-0.878552209227373,-0.965212830377987,-0.818540357417919,1.73990006353266e-18,1.06466531828815e-17,Early_Loss_Down,0.990919526109217,0.965212830377987
SESTD1,0.366622230518344,0.33704553490052,0.359223036936606,6.22919590745337e-18,3.60405453837318e-17,Early_Burst_Up,0.997493171769734,0.366622230518344
CLN5,0.618075766684381,0.611441504432779,0.642894575554621,2.3425316574155e-28,3.44426651113282e-27,Early_Burst_Up,0.999060471682985,0.642894575554621
KIAA0319L,-0.325868197614849,-0.324592397798859,-0.301967601667835,5.11679027399171e-06,1.11822291649577e-05,Early_Loss_Down,0.997616914728738,0.325868197614849
FDFT1,0.422997584872634,0.396376896115866,0.336507332427858,2.7948831940864e-06,6.27264937802955e-06,Early_Burst_Up,0.982828341428093,0.422997584872634
COX17,-0.471828221083606,-0.456288442558052,-0.533399733218416,8.56976253105199e-15,3.85708836037937e-14,Early_Loss_Down,0.990785729181925,0.533399733218416
GSTM4,-0.376345938827972,-0.478969036095308,-0.401171358541852,0.00234555868419816,0.00388375236169859,Early_Loss_Down,0.97889763157071,0.478969036095308
LRATD2,0.207139886383147,0.178868708765924,0.206772477013666,3.08156229841022e-05,6.25634580321294e-05,Early_Burst_Up,0.991137646755752,0.207139886383147
METTL14,-0.107590656254615,-0.141424569546295,-0.114301410271508,0.00174000051616952,0.00292590104982072,Early_Loss_Down,0.972044110962229,0.141424569546295
TREX1,-0.172891381973509,-0.16383446018366,-0.116437636931401,0.00387603738499666,0.00623070950703925,Early_Loss_Down,0.950257598878904,0.172891381973509
CCDC43,-0.201317494099937,-0.179711539753133,-0.227167058606404,0.000203156938043195,0.000379670343228266,Early_Loss_Down,0.982175010584685,0.227167058606404
PKP1,0.340152047533461,0.441606137557782,0.355900395134988,4.46240042518573e-07,1.06989617800045e-06,Early_Burst_Up,0.973456100472327,0.441606137557782
SNED1,0.766748672186731,0.808654062868621,0.756085278010898,6.94635809523205e-29,1.06656073927161e-27,Early_Burst_Up,0.998299642347679,0.808654062868621
NUBP2,-0.32172055946065,-0.322905171358234,-0.283124971914689,1.84113719486735e-17,1.0262520921424e-16,Early_Loss_Down,0.992933951777348,0.322905171358234
BDH1,-0.287438650089789,-0.310511596536399,-0.314917934168329,0.000362213084526201,0.000657864969320613,Early_Loss_Down,0.996878130771029,0.314917934168329
INPP5F,0.338550601051423,0.331599866505562,0.301726769774425,1.62716704007209e-18,1.00009483807089e-17,Early_Burst_Up,0.995172089744169,0.338550601051423
GPNMB,0.720950588112517,0.718744064133121,0.730758632628683,8.42647134300183e-15,3.79464797166998e-14,Early_Burst_Up,0.999895824709732,0.730758632628683
INTS8,-0.0577208622572285,-0.0919561899071008,-0.0285960032169276,0.0075440416095108,0.0117239055601025,Mid_Trough,0.952512534687014,0.0919561899071008
INTS14,0.231039023958722,0.200821209271381,0.257452738884163,3.81563459546314e-09,1.09722567738232e-08,Early_Burst_Up,0.980317232869062,0.257452738884163
ZFYVE1,0.225155207008483,0.221589553085729,0.260443930622507,5.71743164819226e-09,1.61673347523806e-08,Early_Burst_Up,0.989112311655263,0.260443930622507
OTULIN,0.249165832297666,0.231807997040888,0.256950471751963,3.01721814981984e-12,1.11696127414594e-11,Early_Burst_Up,0.996368890429281,0.256950471751963
VPS37A,0.126289657696417,0.13827472560757,0.163251470020335,1.42434451585024e-05,2.99555093780786e-05,Early_Burst_Up,0.977469686250126,0.163251470020335
MCUR1,-0.861341235513402,-0.848792006715759,-0.766867836257882,9.35801669706105e-40,5.15744469887033e-38,Early_Loss_Down,0.994890962013692,0.861341235513402
RPP30,0.125903716222695,0.104210413180638,0.137431019872209,0.0129304045440512,0.0194306295802806,Early_Burst_Up,0.975646036802884,0.137431019872209
SNX29,0.236364864303839,0.235944514191856,0.272979358051563,2.09730894789411e-10,6.72593644099221e-10,Early_Burst_Up,0.99037446042275,0.272979358051563
CNRIP1,0.597101126681239,0.493486710449965,0.558236073658495,7.57018547737144e-10,2.31529156716961e-09,Early_Burst_Up,0.988121476251212,0.597101126681239
MAIP1,-0.117310068837341,-0.197165557203435,-0.170980632258933,0.00314008781055722,0.00511786344681888,Early_Loss_Down,0.924988909516878,0.197165557203435
APOL3,0.392114136938845,0.310877723315375,0.448874936255857,5.68245848629978e-09,1.60793542025053e-08,Early_Burst_Up,0.959138427595982,0.448874936255857
PLAUR,0.755149696454568,0.8111692544824,0.761975972533735,3.51790390904131e-27,4.55303208880899e-26,Early_Burst_Up,0.997938576926226,0.8111692544824
ITGA4,0.353972610246263,0.335876262595941,0.389354901564269,1.16693898697289e-14,5.19875066894453e-14,Early_Burst_Up,0.992462789737766,0.389354901564269
CCN1,0.495815729760139,0.440005512149334,0.442290537324922,5.43153277988577e-10,1.6878721357061e-09,Early_Burst_Up,0.993756340316202,0.495815729760139
AS3MT,-0.930450806651754,-0.933876328651915,-0.834299085887372,1.11559935549174e-32,2.62260390858822e-31,Early_Loss_Down,0.994775917670149,0.933876328651915
PACS2,-0.176981868952367,-0.226873308356133,-0.186697093227529,1.04188197698046e-07,2.65560239278142e-07,Early_Loss_Down,0.976763243200607,0.226873308356133
AVEN,-0.213400475809946,-0.200536590804689,-0.18445678693899,1.16681884015955e-05,2.46892102410572e-05,Early_Loss_Down,0.993026085846188,0.213400475809946
RAB12,0.50002168405153,0.442207732126541,0.464470809811787,8.00362791464209e-24,7.67352436701054e-23,Early_Burst_Up,0.994882938059268,0.50002168405153
LDLR,0.514679296761239,0.611067821488956,0.506114293361699,8.87217300703878e-25,9.20626231478513e-24,Early_Burst_Up,0.985036946772416,0.611067821488956
C15orf48,0.839667155189251,0.945164856920674,0.935844531517207,5.07178523719418e-25,5.39736531252301e-24,Early_Burst_Up,0.994515461207493,0.945164856920674
IQGAP3,0.134599824023264,0.179693588274988,0.223527327377827,7.78564053541191e-07,1.82512959255487e-06,Monotonic_Up,0.95536313279364,0.223527327377827
PEX5,-0.151868048312213,-0.163865286558464,-0.0989441176603101,4.4702112831561e-06,9.81818376838877e-06,Early_Loss_Down,0.925868623375557,0.163865286558464
CXADR,-0.303072415961129,-0.310471181217293,-0.327038252004765,1.60623967842965e-06,3.6702708961811e-06,Early_Loss_Down,0.997963563715461,0.327038252004765
BCKDK,-0.487575371273021,-0.490370672694398,-0.434261288449159,1.61076210033916e-18,9.90743695419253e-18,Early_Loss_Down,0.994038217748649,0.490370672694398
NOP16,-0.208485342979716,-0.186729843302121,-0.153593901378222,0.000109667213494655,0.00021004615666341,Early_Loss_Down,0.970881543636856,0.208485342979716
HLA-C,0.444089434442558,0.476916769421664,0.56839191711375,2.14160608782653e-10,6.86270537654693e-10,Early_Burst_Up,0.978282203149893,0.56839191711375
PDCL3,0.158929037437369,0.156934565663145,0.160730453500386,2.8412607953024e-05,5.79675713128379e-05,Early_Burst_Up,0.99980958507317,0.160730453500386
VRK2,0.0697647041536445,0.122647176887872,0.0947873536292464,0.032372189526378,0.0458946100917407,Mid_Peak,0.953465196456857,0.122647176887872
RELB,0.271908754288419,0.285955215494546,0.3349234629241,2.05049515983015e-15,9.71766555814719e-15,Early_Burst_Up,0.983920826018605,0.3349234629241
SLFN11,0.346103264350371,0.299661240648098,0.363899964457731,9.48381395184621e-16,4.60737301268325e-15,Early_Burst_Up,0.987297305569979,0.363899964457731
CADPS2,-0.364713567534015,-0.39804991317828,-0.345344665443269,4.2819978960481e-12,1.5656760321139e-11,Early_Loss_Down,0.993125861672191,0.39804991317828
CD151,0.514677195494534,0.524273307239626,0.54033184387112,3.21567241451629e-13,1.28657816507714e-12,Early_Burst_Up,0.99919258335215,0.54033184387112
FAM98C,-0.186192736789375,-0.204717479399731,-0.185346326718283,3.15456541161618e-05,6.39675764022169e-05,Early_Loss_Down,0.995696798038536,0.204717479399731
NUDT19,-0.671059342000646,-0.670563879141319,-0.618268705707762,2.33505518426428e-31,4.73959249840179e-30,Early_Loss_Down,0.997137240778428,0.671059342000646
PIK3CA,0.179433310797071,0.159501698361166,0.15449500104571,1.0534954482626e-05,2.23938419423789e-05,Early_Burst_Up,0.991530826188109,0.179433310797071
FAM120C,-0.325615894726983,-0.371591043660607,-0.283522106901546,2.30380038496176e-17,1.27052530176619e-16,Early_Loss_Down,0.976637488653605,0.371591043660607
DGKZ,-0.29434385008803,-0.3116815497541,-0.247898674457098,1.5271662538952e-19,1.01348305940318e-18,Early_Loss_Down,0.982567264040906,0.3116815497541
ERICH5,-0.759903855829194,-0.826383048240629,-0.791933186995462,5.13960781009559e-20,3.57623881234243e-19,Early_Loss_Down,0.997663014472991,0.826383048240629
SFXN2,-0.708898988916256,-0.758478118322806,-0.762224923341292,6.46248878949097e-23,5.82674233002642e-22,Early_Loss_Down,0.997868172208006,0.762224923341292
SLC25A4,-0.336428445555576,-0.424527504851771,-0.503660861204776,9.29239296454016e-07,2.16190366930118e-06,Early_Loss_Down,0.951292489591565,0.503660861204776
IRAG2,-0.819169967874746,-0.735160747703796,-0.639534447728544,1.14415120607575e-27,1.55582129688928e-26,Early_Loss_Down,0.980447329672559,0.819169967874746
COMMD8,0.174715914810422,0.158073383646508,0.163534848470329,0.00240742400785951,0.00398064426652231,Early_Burst_Up,0.996512429229321,0.174715914810422
MINDY1,-0.445453897540377,-0.455725556637587,-0.427437242154072,3.53887839174945e-25,3.82971989286592e-24,Early_Loss_Down,0.998608935597676,0.455725556637587
NUDT12,-0.472735437019711,-0.534661910418298,-0.46143195933493,1.26148791045989e-19,8.44577827099534e-19,Early_Loss_Down,0.991465816779288,0.534661910418298
MORF4L1,0.302291322053502,0.249688676345887,0.324046886195344,2.8589165774608e-15,1.3396342205872e-14,Early_Burst_Up,0.977900415190657,0.324046886195344
SMG9,0.243579658209704,0.263724912810857,0.285817079978801,4.21472370741123e-22,3.53577930373753e-21,Early_Burst_Up,0.9915930156887,0.285817079978801
EMG1,-0.18629020719383,-0.178524753634389,-0.146740589064426,7.74844821877527e-05,0.000150660247842635,Early_Loss_Down,0.980452312466445,0.18629020719383
HSPA1L,-0.685797237224442,-0.73306704219378,-0.64503301313787,5.6232136527456e-27,7.06894018401041e-26,Early_Loss_Down,0.994576349754055,0.73306704219378
HEATR3,0.100243085433114,0.0885702545084894,0.122170255489825,0.0242981380776535,0.03506921697576,Early_Burst_Up,0.965736988649934,0.122170255489825
MED16,-0.143412635796589,-0.155939617643397,-0.105634615709686,9.16394988181143e-05,0.000176533312306562,Early_Loss_Down,0.953311076241001,0.155939617643397
RFX1,-0.178902293021815,-0.16271958029595,-0.117775398698408,4.27495241670622e-06,9.41666331705377e-06,Early_Loss_Down,0.947423798130645,0.178902293021815
CD59,1.10628315964734,1.09407962248202,1.02875122481243,4.69929924475924e-25,5.03314907527495e-24,Early_Burst_Up,0.998005837167029,1.10628315964734
GALNT5,0.963624409005125,1.04315449166837,0.886293985355043,1.12518250381454e-36,4.21791387240746e-35,Early_Burst_Up,0.991295204868187,1.04315449166837
DCP1A,0.126852970740063,0.0708495449789829,0.106709169707201,0.00370146978506252,0.0059731688096355,Early_Burst_Up,0.909690188843049,0.126852970740063
SLC44A1,0.26828365912776,0.319777526228324,0.260561910635647,3.36857057663759e-09,9.73038678888511e-09,Early_Burst_Up,0.983167146135415,0.319777526228324
PIN4,-0.200157339629837,-0.188471305180529,-0.187020375107353,0.000172792970716028,0.000325170201032576,Early_Loss_Down,0.998126731742566,0.200157339629837
HLA-E,0.2485756033891,0.258121992689531,0.284279216284646,4.94932107585535e-08,1.29767643331028e-07,Early_Burst_Up,0.993510221062448,0.284279216284646
MOXD1,0.6396779353124,0.553558759076881,0.623561073210412,3.11400919920482e-17,1.70156169112163e-16,Early_Burst_Up,0.992465580611073,0.6396779353124
ABLIM2,-0.2721706677886,-0.285358886182223,-0.27754330978307,2.21530794431385e-05,4.57123548539048e-05,Early_Loss_Down,0.999244053360886,0.285358886182223
HECTD4,-0.142405124198528,-0.169989123046334,-0.102191823661388,1.02627386206522e-07,2.61742294823988e-07,Mid_Trough,0.931582561673031,0.169989123046334
PPP2R5E,0.511599680670238,0.52430828631184,0.506972926242279,4.42636237379216e-23,4.03021746987947e-22,Early_Burst_Up,0.999594085561599,0.52430828631184
CYTH1,0.171429187493011,0.206881668191705,0.196306237941687,2.33623357403301e-06,5.2674439997569e-06,Early_Burst_Up,0.988173909993077,0.206881668191705
MBOAT7,-0.288355174596017,-0.284474612650671,-0.262077978730968,0.000597400123646181,0.00105868054279887,Early_Loss_Down,0.99655437253374,0.288355174596017
ARMC9,0.335862499310254,0.359669074509706,0.384491850718803,5.10426445155494e-16,2.54968119842978e-15,Early_Burst_Up,0.993971985309109,0.384491850718803
AUH,-0.272584430194145,-0.370068391238145,-0.400296208996326,3.76429214983204e-08,9.95438171938426e-08,Early_Loss_Down,0.954206815188931,0.400296208996326
MTIF3,-0.386170984293303,-0.409169735831763,-0.408565072996377,5.51485551245506e-23,5.00486669298266e-22,Early_Loss_Down,0.998580630639431,0.409169735831763
POLR2H,0.131242393460949,0.126492698297783,0.18229069086953,1.57431636533632e-05,3.29513601416722e-05,Early_Burst_Up,0.945493649564854,0.18229069086953
FCHSD2,0.184568589909293,0.174884430031153,0.216378962786498,1.39123226059989e-05,2.92665188895659e-05,Early_Burst_Up,0.983369785711663,0.216378962786498
ZNF830,-0.177083104664626,-0.186502895888656,-0.15375475903451,6.56262401108818e-05,0.000128867760784039,Early_Loss_Down,0.987494745228821,0.186502895888656
QTRT1,-0.610397423050735,-0.569614871209519,-0.532132624342433,2.54545252667142e-34,7.10847514327501e-33,Early_Loss_Down,0.993786050293271,0.610397423050735
NDUFB5,-1.13201407272412,-1.09265200381977,-1.07451969751558,1.9148823473209e-34,5.47616869223522e-33,Early_Loss_Down,0.999048867397445,1.13201407272412
NDUFS6,-1.03132500517384,-1.01899883826819,-0.980446529873449,9.35930884083959e-53,5.1925445448978e-50,Early_Loss_Down,0.999080947959001,1.03132500517384
RABEPK,-0.0993577491117719,-0.0840869971274357,-0.0780331159433681,0.0256061073828725,0.0368547259841344,Early_Loss_Down,0.979455143551553,0.0993577491117719
RIDA,-0.886914395056231,-0.994158137755194,-0.941833263072153,2.37220407728863e-35,7.56378633379156e-34,Early_Loss_Down,0.995697240812657,0.994158137755194
SPRYD4,-0.51620368004695,-0.514990296298544,-0.517987244675622,3.74244400938943e-20,2.65060587626714e-19,Early_Loss_Down,0.999988637430511,0.517987244675622
LRWD1,-0.146952450243853,-0.173879733968431,-0.148681226067252,5.98803405968156e-05,0.000118254436271167,Early_Loss_Down,0.98785845235531,0.173879733968431
RAB43,0.287106959256401,0.310053639746999,0.324256636785216,8.07292351037666e-13,3.13792010524776e-12,Early_Burst_Up,0.99507003212011,0.324256636785216
RAB8B,0.422251245182564,0.392285361973602,0.390099646220404,9.64087884360367e-13,3.72130768722031e-12,Early_Burst_Up,0.997341775920404,0.422251245182564
EMC4,-0.558020063056123,-0.571571901901446,-0.528336982705082,2.90906862095619e-19,1.90025659839854e-18,Early_Loss_Down,0.997872009551521,0.571571901901446
CD276,0.587030614811159,0.593951888669069,0.58880227332403,6.95557525788617e-31,1.3481281727183e-29,Early_Burst_Up,0.99995047754694,0.593951888669069
CDH13,0.293814063821909,0.278632077227123,0.234529063460956,0.00451365649591473,0.00719177663392732,Early_Burst_Up,0.982969122220801,0.293814063821909
ACTR3B,0.132442464226313,0.121138429198427,0.104901582410406,0.00173239232620865,0.00291487443160299,Early_Burst_Up,0.98257033044969,0.132442464226313
PTPN2,0.186472137531798,0.142295172944695,0.211836963463573,1.4299478524103e-07,3.60497607626734e-07,Early_Burst_Up,0.952723674088532,0.211836963463573
CA13,0.632297283599142,0.65815647777381,0.424056788946301,5.44447516487308e-14,2.3093232580058e-13,Early_Burst_Up,0.938857146619822,0.65815647777381
MIER1,0.107813260947082,0.0640773095808841,0.0777750090605365,0.0161688854681251,0.023955518554796,Early_Burst_Up,0.915663527042649,0.107813260947082
NLRX1,-0.117224288847165,-0.149206483314351,-0.112773990364747,0.00495243436875488,0.0078563017187911,Early_Loss_Down,0.968581990860533,0.149206483314351
PALM3,-0.876265453511561,-0.879879602421806,-0.801516414095279,7.62919764284771e-22,6.26135924889336e-21,Early_Loss_Down,0.99642950743409,0.879879602421806
ABI3,0.176941539066621,0.134266897473296,0.179842435752334,0.0107355789114708,0.016347939195107,Early_Burst_Up,0.96909153537442,0.179842435752334
CTSK,0.727990421161843,0.690546901471644,0.677008442169151,1.17077339895935e-21,9.48702651035999e-21,Early_Burst_Up,0.998099636308806,0.727990421161843
PEX14,0.277275402152797,0.277141385742356,0.287263846763937,2.21898529396078e-08,5.97424639804e-08,Early_Burst_Up,0.999429501286721,0.287263846763937
COL16A1,0.633665122396415,0.605676206547532,0.569583623334289,4.67595290310348e-25,5.01459794582824e-24,Early_Burst_Up,0.996236453748453,0.633665122396415
MED14,0.0614649641277521,0.0494981109281475,0.0833669753753284,0.0265514645993169,0.0381559814186696,Early_Burst_Up,0.917670783040492,0.0833669753753284
AP3M2,0.141941057640027,0.126310563733826,0.119955733716785,0.00499840529473524,0.00792469591594335,Early_Burst_Up,0.989960464959657,0.141941057640027
CARD16,0.268185022053739,0.216430422486784,0.255094188039788,0.00111805782917561,0.00192599404976184,Early_Burst_Up,0.984487604285688,0.268185022053739
TXNIP,0.454275029082484,0.483876306562924,0.492809891922341,1.52256240650978e-16,7.90440695382059e-16,Early_Burst_Up,0.997624315543523,0.492809891922341
DNAJC17,-0.164859710266876,-0.121468390594039,-0.130627302424886,0.000354586567304951,0.000644435338089496,Early_Loss_Down,0.965738738896483,0.164859710266876
KATNA1,-0.185996818139336,-0.190244556557492,-0.135098319799116,3.4417337540296e-06,7.64401075554693e-06,Early_Loss_Down,0.959397808123929,0.190244556557492
DYNLL2,-0.585555025562057,-0.598456621265817,-0.564582731244287,4.31320863653566e-27,5.51375150126725e-26,Early_Loss_Down,0.998854835834996,0.598456621265817
DNAJB6,0.183380537758867,0.176156695155363,0.175271405004686,1.12161762715258e-06,2.59136643341581e-06,Early_Burst_Up,0.999170841789028,0.183380537758867
PHKG2,-0.265309587994122,-0.257443051788468,-0.209995750070598,9.87639471033319e-13,3.79987779840004e-12,Early_Loss_Down,0.980568216763462,0.265309587994122
FGGY,-0.110536141731718,-0.177256063579312,-0.143969463285783,0.000422481626912459,0.000761174122013968,Mid_Trough,0.940496127214377,0.177256063579312
BMP1,0.62990925299251,0.701824827814989,0.648947158262428,6.26064866568345e-23,5.6570160907511e-22,Early_Burst_Up,0.995780046275051,0.701824827814989
EMSY,-0.094240588485646,-0.103168424405595,-0.0597800153638596,0.00745197203233779,0.0115894807051234,Early_Loss_Down,0.916515778575972,0.103168424405595
MYD88,0.372832774249578,0.332322064084952,0.365615179878175,8.04117424571979e-21,6.06696754967181e-20,Early_Burst_Up,0.995148445837468,0.372832774249578
POGLUT2,0.576208946391151,0.576536172328352,0.566747966056754,9.19244976322885e-34,2.38316407880344e-32,Early_Burst_Up,0.999874593934021,0.576536172328352
NR2C2,-0.115614645683824,-0.160208965555234,-0.10793707235981,1.59897454321073e-05,3.34338345442204e-05,Mid_Trough,0.962046674690288,0.160208965555234
ATG4B,0.0742945235605097,0.067049733415398,0.102399242324644,0.0100878655207241,0.0154123768796523,Early_Burst_Up,0.93623839091149,0.102399242324644
RAP1A,-0.145992129461089,-0.148650820938375,-0.134736642736314,0.00193464174213485,0.00323359883069818,Early_Loss_Down,0.996467635052398,0.148650820938375
UBQLN2,0.211216752717922,0.249998634588147,0.245242980514722,3.91893292494881e-07,9.42582653220347e-07,Early_Burst_Up,0.989413070489618,0.249998634588147
ATP6V1F,0.223392283540995,0.197144669234933,0.183983088058071,6.46334310900749e-06,1.39963417520584e-05,Early_Burst_Up,0.987038290282233,0.223392283540995
KHK,-0.676878519663712,-0.68577706472261,-0.650077328956849,7.67681297032096e-13,2.98953849036084e-12,Early_Loss_Down,0.9989786534543,0.68577706472261
COBL,-0.70091243488359,-0.696956837601738,-0.669726906202625,6.57543483487329e-31,1.28151683128374e-29,Early_Loss_Down,0.999191777737847,0.70091243488359
WDR45,-0.259132893508284,-0.287680246952916,-0.247912493620288,8.4777040240481e-17,4.50808005674941e-16,Early_Loss_Down,0.992107206422803,0.287680246952916
KDSR,0.175822368956182,0.148295682295674,0.159870997494377,0.00369181453444161,0.00595989923484444,Early_Burst_Up,0.990355428867085,0.175822368956182
PARS2,-0.247969580459322,-0.282942158683645,-0.283372476961407,5.08686182150217e-12,1.84537332513257e-11,Early_Loss_Down,0.99261235729446,0.283372476961407
RAPGEF1,0.281914494646103,0.281794042431349,0.314223744308246,1.19913088301061e-15,5.77832496144431e-15,Early_Burst_Up,0.994606272519045,0.314223744308246
DHRS9,0.784021066602683,0.888710244758372,0.79268363227841,3.63491259679764e-10,1.14886983025256e-09,Early_Burst_Up,0.993400857561242,0.888710244758372
SYCN,-2.0518003409933,-2.1474627187557,-2.12271352647655,1.39036713916514e-30,2.61188156481542e-29,Early_Loss_Down,0.999260592739431,2.1474627187557
NECTIN2,0.289486089453727,0.260640497865862,0.267197127424228,2.52031019354251e-10,8.02372663759019e-10,Early_Burst_Up,0.995917891747073,0.289486089453727
BYSL,-0.114764644858188,-0.142107985053705,-0.102113692042865,0.00832655172227303,0.0128822389724403,Early_Loss_Down,0.963222255761785,0.142107985053705
RPL35,-0.578514028522609,-0.590034964023713,-0.449629877091697,2.12977399751836e-11,7.35129788774275e-11,Early_Loss_Down,0.973265604249709,0.590034964023713
GMPR,-0.397400079719077,-0.419124817942127,-0.304689525045773,2.94763860704054e-13,1.18161119883388e-12,Early_Loss_Down,0.966502254960771,0.419124817942127
SFSWAP,0.0352393267825815,0.0906814475632311,0.116812124728671,0.00420820333479462,0.00672698197313884,Monotonic_Up,0.991411714435431,0.116812124728671
GPCPD1,0.365920659578532,0.344617861794079,0.342655143366744,3.16251252432763e-14,1.36577214465255e-13,Early_Burst_Up,0.998203678881135,0.365920659578532
CHL1,-0.525138170198579,-0.620357942317998,-0.519656905708168,7.29934159844377e-16,3.58589851134882e-15,Early_Loss_Down,0.986406075516869,0.620357942317998
GGPS1,0.370320361578802,0.359062189793622,0.279637019484104,1.28302810600652e-13,5.29630947330668e-13,Early_Burst_Up,0.972391568941821,0.370320361578802
GON7,-0.0929350547913133,-0.148554573668246,-0.099932394190976,0.00325487882120806,0.00529715223647825,Mid_Trough,0.977433423490419,0.148554573668246
FABP2,-0.578647316474987,-0.542349337928467,-0.450028532342608,0.003941847001067,0.00633038416497097,Early_Loss_Down,0.979282666457783,0.578647316474987
UBE2G1,-0.360026440822713,-0.367417809949748,-0.306523472298486,5.91614104058824e-16,2.94462474520187e-15,Early_Loss_Down,0.987831443988221,0.367417809949748
ARHGAP31,0.167596613887345,0.184823807758483,0.195583539847486,3.22513229853136e-06,7.18980739040397e-06,Early_Burst_Up,0.992129968911273,0.195583539847486
LARP1B,-0.820040664281951,-0.766565965013794,-0.702525550439707,1.63033139224712e-29,2.70810735454702e-28,Early_Loss_Down,0.992165550526103,0.820040664281951
LAMP2,0.655501000726763,0.682639994462799,0.693213375581729,4.46396065820671e-16,2.241948135039e-15,Early_Burst_Up,0.998901316866965,0.693213375581729
ARMC6,0.331350285785897,0.287394611199301,0.295291615334171,7.46038383749541e-16,3.66285040092252e-15,Early_Burst_Up,0.992204993549414,0.331350285785897
NT5DC2,0.755617132733708,0.729761667029412,0.696848853852464,7.74232726878493e-42,5.85742250280256e-40,Early_Burst_Up,0.997820943889729,0.755617132733708
HACD2,-0.500475287851946,-0.446215445792775,-0.43120860320494,1.00014458858155e-06,2.32102712386383e-06,Early_Loss_Down,0.991711508177651,0.500475287851946
TMED5,-0.443480297518329,-0.436253402231768,-0.357971422743249,8.95045499452677e-12,3.19681057787347e-11,Early_Loss_Down,0.98283750885419,0.443480297518329
LPCAT1,0.490756727065315,0.451700223480238,0.483713350144254,5.06889666684199e-16,2.53353501870625e-15,Early_Burst_Up,0.997453312370718,0.490756727065315
SCUBE3,0.687450825255113,0.72159244495633,0.540661580366396,4.48720084000626e-12,1.63495995580263e-11,Early_Burst_Up,0.972044375598158,0.72159244495633
PIK3CB,0.122797003976117,0.127893352645492,0.134511325331651,0.0013638803223319,0.00232395823964908,Early_Burst_Up,0.997221554100609,0.134511325331651
IFITM3,0.354428407242085,0.315415458797838,0.305676559418089,1.72169617355915e-10,5.57074477307904e-10,Early_Burst_Up,0.991711122360541,0.354428407242085
TACO1,-0.102769131097487,-0.124608781436679,-0.0791406079554851,0.0304993869171876,0.0434170198297699,Early_Loss_Down,0.939851242245509,0.124608781436679
KSR1,-0.570450115052002,-0.540052669635904,-0.497150571568787,2.4347658505905e-19,1.59922031638627e-18,Early_Loss_Down,0.993761888027713,0.570450115052002
DNAJC21,-0.427954992673459,-0.452999764033996,-0.411285703208488,4.82061998379462e-25,5.15645237855254e-24,Early_Loss_Down,0.996846892037063,0.452999764033996
MED15,0.123475827745338,0.130095999838236,0.14033692153789,2.37926256598257e-05,4.89377732924046e-05,Early_Burst_Up,0.994465110804798,0.14033692153789
BCS1L,-0.371648794276329,-0.401441325012221,-0.39632930384788,8.7620214633136e-20,5.94275000959216e-19,Early_Loss_Down,0.997780270259513,0.401441325012221
TMA16,-0.309482394991173,-0.311350147148202,-0.279665937163175,1.17918062830444e-10,3.86192097156615e-10,Early_Loss_Down,0.995355278130689,0.311350147148202
ELANE,0.713857277514077,0.705755191519572,0.765994570453366,6.8089291288809e-08,1.7608423931183e-07,Early_Burst_Up,0.997325863276958,0.765994570453366
KCNAB2,0.662972325850531,0.661669177234762,0.67015036469507,7.3430131133715e-28,1.02703453999122e-26,Early_Burst_Up,0.999937102261245,0.67015036469507
SMAP1,-0.0981053105131292,-0.116790636777379,-0.0955813768729039,0.0211829990518782,0.0307975049108544,Early_Loss_Down,0.983698403802955,0.116790636777379
MAPKAPK3,0.150267650267872,0.149142378144717,0.154890520477801,7.47052977998535e-05,0.000145664828559133,Early_Burst_Up,0.999460889015238,0.154890520477801
KIAA1191,-0.242083039176347,-0.253782636940655,-0.220529078289647,1.8668466595071e-10,6.01700151061894e-10,Early_Loss_Down,0.99341258242446,0.253782636940655
GNAO1,0.000196888971805674,-0.176564383052422,-0.139924670568242,0.00980009435999705,0.0149974963707053,Mid_Plateau_Down,0.95194572247893,0.176564383052422
NCBP2,0.100730371513407,0.105693226543386,0.100888247861469,0.0279313986585042,0.0400215391935385,Early_Burst_Up,0.998990467966675,0.105693226543386
ECHDC3,-1.27483445734932,-1.25116898994129,-1.14887215719773,1.27379467899875e-35,4.22331446957275e-34,Early_Loss_Down,0.996041142101868,1.27483445734932
TPRN,-0.360467923410126,-0.349250417015664,-0.416890060350701,3.292016468909e-14,1.41949021006532e-13,Early_Loss_Down,0.987803065884566,0.416890060350701
HOGA1,-1.39129975450265,-1.43303214077967,-1.25050660637094,1.46449992819006e-24,1.47728101847245e-23,Early_Loss_Down,0.993454513466884,1.43303214077967
GET4,-0.111110821828984,-0.134243242334087,-0.0827376743348332,0.00152913451392799,0.00258542410095667,Mid_Trough,0.93525622742013,0.134243242334087
NAIP,0.393520866051162,0.430208842176348,0.408909077679566,4.12271499577918e-14,1.77034232171694e-13,Early_Burst_Up,0.997330084827559,0.430208842176348
VAMP3,0.236152700202412,0.170324953248941,0.0893472187361267,0.0030473175584764,0.0049734804317789,Early_Peak,0.997751697942722,0.236152700202412
RPL22,-0.625115837516423,-0.647776754350986,-0.549250681464219,1.50535498373972e-21,1.21156326641025e-20,Early_Loss_Down,0.990512977980137,0.647776754350986
ALG1,-0.398609718449635,-0.390535726738573,-0.395716733117393,3.52235287519715e-11,1.20086114819298e-10,Early_Loss_Down,0.999856998200424,0.398609718449635
QRSL1,-0.524434894714525,-0.541869746192293,-0.510745927293064,3.08132875608734e-34,8.54760596938627e-33,Early_Loss_Down,0.998827956774946,0.541869746192293
EXOSC5,-0.232120625229137,-0.223632715236226,-0.178774056178814,2.57743900980426e-09,7.51820800546478e-09,Early_Loss_Down,0.976374163623579,0.232120625229137
H2AC21,0.228553527643519,0.252731511948924,0.201892211220758,0.0173767312520919,0.0255764339370196,Early_Burst_Up,0.983777066450572,0.252731511948924
SLC44A2,0.462413665592607,0.420404447891314,0.375543679950035,1.60555181535063e-10,5.20912366758205e-10,Early_Burst_Up,0.985997405005237,0.462413665592607
FXN,-0.872093872241853,-0.901366831661615,-0.880226719730306,7.07134778303376e-42,5.49979030377635e-40,Early_Loss_Down,0.999611149215185,0.901366831661615
PSMG2,0.17118510979945,0.151083043999697,0.157078128470805,0.000472980875344966,0.000846847427844408,Early_Burst_Up,0.994483612275848,0.17118510979945
NDUFAF4,-0.530016267508983,-0.548071740393108,-0.515657249359071,1.44694618242999e-27,1.95478670944519e-26,Early_Loss_Down,0.998755974224943,0.548071740393108
MAP3K2,0.25756211417795,0.276810964017928,0.271366223733714,4.78461059504617e-15,2.2022969785384e-14,Early_Burst_Up,0.998185166643104,0.276810964017928
RAB9A,-0.370026671495674,-0.394782588954471,-0.305642541883592,1.39022359455976e-17,7.85967442522166e-17,Early_Loss_Down,0.97853746737282,0.394782588954471
EFNB1,0.288216549424353,0.38858813767503,0.303617327330562,6.90683130502686e-10,2.12333395347002e-09,Early_Burst_Up,0.965404163292378,0.38858813767503
VSIG4,0.533090872534372,0.5340377049387,0.580784486736768,9.85716448052581e-12,3.50561208576649e-11,Early_Burst_Up,0.996730779845678,0.580784486736768
UBAP1,-0.136511296188612,-0.0791828564921119,-0.0755107949674904,0.0111199455849063,0.0168930608173768,Early_Trough,0.952630859461465,0.136511296188612
APTX,-0.264737014355367,-0.260798658424904,-0.212555693029157,3.18635730766501e-11,1.08872617487253e-10,Early_Loss_Down,0.981905649150836,0.264737014355367
RAB32,0.386003052317613,0.439211179809672,0.416270152258492,5.97322686584165e-21,4.56885974058219e-20,Early_Burst_Up,0.994500335317083,0.439211179809672
RANBP6,0.0141027672780685,-0.0865816467134793,-0.00737836762748502,0.0128890550837532,0.0193719914045501,Mid_Trough,0.780336959413147,0.0865816467134793
C12orf57,0.146370714408251,0.144838355638816,0.149196326091863,0.00124562872420157,0.00213294696354022,Early_Burst_Up,0.999697759496401,0.149196326091863
WDR47,0.117802600860543,0.103314778629597,0.1275607778065,0.000221989567092854,0.00041319552166109,Early_Burst_Up,0.985625835106349,0.1275607778065
SPCS1,-0.832191431296094,-0.818329391822039,-0.708165779746715,5.382260689097e-23,4.88986609767088e-22,Early_Loss_Down,0.990184700927301,0.832191431296094
RASIP1,-0.446818438079392,-0.444516168837087,-0.317241185405158,9.29978275844048e-18,5.31179081096374e-17,Early_Loss_Down,0.957670220061644,0.446818438079392
TMX2,-0.251817223156079,-0.309343957881059,-0.282925626816835,1.26733006514793e-07,3.2125253737926e-07,Early_Loss_Down,0.986320678422713,0.309343957881059
FRMD8,0.420376485720991,0.409372647448457,0.373538365274971,1.30612353602113e-15,6.27572752122857e-15,Early_Burst_Up,0.995065445644001,0.420376485720991
CMC4,-0.831243540464623,-0.817065723569575,-0.840836761374671,1.36266825919091e-31,2.81392686178331e-30,Early_Loss_Down,0.999723122239697,0.840836761374671
CPNE8,0.294255031270313,0.291222834264489,0.299574896906965,7.33372297305187e-10,2.24627319034736e-09,Early_Burst_Up,0.999726271958776,0.299574896906965
SLC33A1,-0.459240187703782,-0.454274274502865,-0.44134388138035,3.06077241515265e-06,6.84540393413071e-06,Early_Loss_Down,0.999442478289094,0.459240187703782
MRPL47,-0.260625262133726,-0.295408387467762,-0.272584505081376,1.22199371957227e-08,3.35846490564082e-08,Early_Loss_Down,0.994586094158576,0.295408387467762
HIRA,-0.145055642059229,-0.165241491851878,-0.126294116557851,2.85476474872953e-07,6.96288166439835e-07,Early_Loss_Down,0.976938249271667,0.165241491851878
NAT1,0.149792032519412,0.154002473743199,0.152492030478471,3.22589439323579e-05,6.53343712351137e-05,Early_Burst_Up,0.99973785927428,0.154002473743199
NDUFA5,-0.720566647316785,-0.693346957360677,-0.656051307911106,3.77674019328482e-38,1.67181020683597e-36,Early_Loss_Down,0.997074976627289,0.720566647316785
MRPL22,-0.310989040712167,-0.3328402210332,-0.310256408657438,4.16818789146323e-15,1.92923579715e-14,Early_Loss_Down,0.997836194884068,0.3328402210332
RBFOX2,0.330474818535502,0.307557559559311,0.301724685653716,2.22736385575136e-17,1.23163601379155e-16,Early_Burst_Up,0.996876376466507,0.330474818535502
ZKSCAN1,-0.229944741241409,-0.255415505950322,-0.224484320706963,4.30897195507365e-10,1.3511403394922e-09,Early_Loss_Down,0.993571624940464,0.255415505950322
COL7A1,0.784443361586999,0.746321936138419,0.69345472328129,3.75511921864618e-18,2.21318003807178e-17,Early_Burst_Up,0.994973777245451,0.784443361586999
C1RL,0.576176044959022,0.510120545194792,0.512201689906659,2.41947104725417e-13,9.74580738395411e-13,Early_Burst_Up,0.993442965160118,0.576176044959022
WDR46,0.151973058679293,0.168411318997534,0.197875379759134,3.26339698363332e-06,7.26537980144367e-06,Early_Burst_Up,0.976676425533822,0.197875379759134
MAST3,-0.755629185657348,-0.745891597300626,-0.671808041517856,1.3423616918066e-31,2.77888905453098e-30,Early_Loss_Down,0.99470330816721,0.755629185657348
MRPL16,-0.331244699564817,-0.392723019070743,-0.32570098037462,1.19293824196526e-18,7.43642850159919e-18,Early_Loss_Down,0.985262018297848,0.392723019070743
PRUNE1,-0.245201644648684,-0.307760249160806,-0.267530767105504,4.55906961174892e-17,2.46207510116642e-16,Early_Loss_Down,0.982551588486015,0.307760249160806
COMMD5,0.243203482817226,0.237843055241782,0.25255537352903,5.83383256194352e-08,1.51905990552234e-07,Early_Burst_Up,0.998766086146353,0.25255537352903
HLA-DRB5,0.732736553414089,0.595251393104769,0.661591684767126,1.95446279657681e-10,6.28722048438818e-10,Early_Burst_Up,0.98596955562274,0.732736553414089
NGLY1,-0.23103044758944,-0.286743585285645,-0.251553946829437,1.22235296550929e-14,5.43398577936342e-14,Early_Loss_Down,0.984282016111682,0.286743585285645
SCAMP2,0.357172820366533,0.364904557538888,0.291992610567499,3.13238795892126e-11,1.071423452287e-10,Early_Burst_Up,0.981791344306241,0.364904557538888
FNBP4,-0.0672768491254659,-0.106954220842246,-0.0617230514238206,0.0155543508008597,0.0230878803775209,Mid_Trough,0.988240886555161,0.106954220842246
MALT1,0.243115589415177,0.241330591423506,0.250826010853845,1.2573248498059e-11,4.41682456736373e-11,Early_Burst_Up,0.999435208088853,0.250826010853845
ARMCX2,-0.544386959123852,-0.564265348708128,-0.477849887322162,1.32574047583847e-19,8.86882012855928e-19,Early_Loss_Down,0.990375154033259,0.564265348708128
SNX15,-0.138274662848993,-0.121619450075692,-0.0894796071891853,0.000663332708945273,0.00116954550928868,Early_Loss_Down,0.944504157186777,0.138274662848993
RSBN1,-0.220518045901363,-0.230225720440713,-0.16728738264228,1.22264629695693e-11,4.30044906309194e-11,Early_Loss_Down,0.965769864910712,0.230225720440713
HPS3,0.164633193657288,0.124166168941956,0.168199809152157,1.66328480691593e-06,3.79228935976833e-06,Early_Burst_Up,0.967304413245583,0.168199809152157
PLEKHS1,-0.27888226674738,-0.244510508408004,-0.259757550351311,0.000584507202867767,0.00103692990294496,Early_Loss_Down,0.994246759381934,0.27888226674738
GGA3,-0.15236934466962,-0.140606367039327,-0.0929522409389693,1.23065993461626e-05,2.59937867408033e-05,Early_Trough,0.940843512480468,0.15236934466962
PTPRS,-0.592746779263065,-0.579848039364477,-0.518142851590659,1.20287235241171e-24,1.22675290646695e-23,Early_Loss_Down,0.993391718057584,0.592746779263065
CNNM4,0.167109929014206,0.188777551390629,0.189244706369852,0.000366385087822079,0.000665082711642088,Early_Burst_Up,0.993603275988072,0.189244706369852
C2orf69,-0.334371754801215,-0.348521021271013,-0.327246804840531,3.24515003409089e-16,1.64571228419893e-15,Early_Loss_Down,0.99862383505286,0.348521021271013
SPATA5L1,-0.222758395464196,-0.213615405089582,-0.179328754946104,7.21501748684003e-12,2.59478718779095e-11,Early_Loss_Down,0.983807962077487,0.222758395464196
TOR1B,0.250025771076912,0.33793889313456,0.267920831870805,5.91273937464182e-10,1.83125482232115e-09,Early_Burst_Up,0.966410971511215,0.33793889313456
SDC1,1.0082347988928,1.01462952925045,0.916538025050549,1.26679798365461e-27,1.71698580129865e-26,Early_Burst_Up,0.995842974551474,1.01462952925045
SERPINE1,0.876209953890003,0.943587224299444,0.873431166538783,1.50814124723289e-17,8.50898404032006e-17,Early_Burst_Up,0.997399216171394,0.943587224299444
TRIR,0.0852747861889042,0.122518425218792,0.108023369879755,0.0287502268512787,0.0411169252201996,Early_Burst_Up,0.960115614132697,0.122518425218792
TAF7,0.182910454942021,0.190421982633508,0.220156217181002,3.2809025632751e-08,8.71208396029845e-08,Early_Burst_Up,0.987038896950733,0.220156217181002
PICK1,-0.180981469458595,-0.205558149399926,-0.13670793804222,0.00178909909832244,0.00300239618798939,Early_Loss_Down,0.950564434700143,0.205558149399926
NDUFS7,-0.452331178975219,-0.474773328877913,-0.463946517338301,1.65793843003542e-15,7.89322861255992e-15,Early_Loss_Down,0.999219749218016,0.474773328877913
RSBN1L,-0.265172788563769,-0.276853332647563,-0.227587752067301,1.02885487767266e-14,4.60329585590959e-14,Early_Loss_Down,0.986838407848096,0.276853332647563
MAK16,-0.27316277030862,-0.222688677046003,-0.264212950507847,5.89058263453195e-06,1.28093620811536e-05,Early_Loss_Down,0.985265482876476,0.27316277030862
STBD1,0.158364717074574,0.189163330646047,0.143726230311578,0.00214653266812651,0.00356983310634468,Early_Burst_Up,0.974280915852179,0.189163330646047
CDK5RAP2,-0.197074518988502,-0.185939379280785,-0.142734060346075,3.3249730954034e-06,7.39455534472129e-06,Early_Loss_Down,0.966041764619759,0.197074518988502
EXOSC6,0.177365642448211,0.187628736320574,0.189029846067236,1.22332224861458e-05,2.58453611398083e-05,Early_Burst_Up,0.998418138130239,0.189029846067236
AUP1,0.0942879352438918,0.0966794822518237,0.116157882436602,0.0290678569475947,0.0415497604805707,Early_Burst_Up,0.982180663873294,0.116157882436602
METTL7B,-0.381837756240198,-0.363969368602936,-0.411151208536329,5.06018014687409e-06,1.10614182249241e-05,Early_Loss_Down,0.994951379371915,0.411151208536329
SSU72,0.300302001012838,0.284483466250642,0.33693165957823,2.22006284709208e-13,8.96427123410978e-13,Early_Burst_Up,0.9899306097912,0.33693165957823
GLUD2,-0.700593826122056,-0.698667660139292,-0.673476642985406,4.28119743366152e-27,5.4812500066048e-26,Early_Loss_Down,0.999361152155508,0.700593826122056
CHIT1,0.374892241993747,0.365642912940277,0.433301614361433,0.000696490938717084,0.00122515273557463,Early_Burst_Up,0.988481458538489,0.433301614361433
RMND5A,0.0773010467855723,0.0780049052934931,0.109164047937912,0.00369280248552017,0.00596033791398349,Early_Burst_Up,0.947617249788717,0.109164047937912
TEX2,-0.387116527822935,-0.415765776586549,-0.382806876521245,1.18145644374693e-15,5.69975682600694e-15,Early_Loss_Down,0.997271753398291,0.415765776586549
ORC2,-0.212310195225214,-0.219323562805634,-0.171350375599067,5.26138204929283e-08,1.37559602306676e-07,Early_Loss_Down,0.978551721606949,0.219323562805634
UBE2E1,0.202775259200644,0.192861968969677,0.228273560128226,1.92478030748895e-07,4.78007213337004e-07,Early_Burst_Up,0.989867890973178,0.228273560128226
ERCC2,0.25842990739346,0.248591574525522,0.279920580667434,3.03068655597245e-17,1.65930088939492e-16,Early_Burst_Up,0.99506279155873,0.279920580667434
TMEM97,-1.73475488676155,-1.73365258826722,-1.58107563426753,7.56778862543691e-26,8.78370110751548e-25,Early_Loss_Down,0.996341488526133,1.73475488676155
PIGK,0.127281729026898,0.126251416827021,0.111600765772787,0.0138774018145765,0.0207376078112597,Early_Burst_Up,0.99314661827681,0.127281729026898
SLC16A3,0.998032760787579,1.15080672940372,1.072141025588,1.63821004876996e-35,5.28417985498589e-34,Early_Burst_Up,0.993316535519078,1.15080672940372
PYGM,-0.256864223643756,-0.338347523507117,-0.303741470397796,4.1127103524117e-06,9.07610065042964e-06,Early_Loss_Down,0.97605394377539,0.338347523507117
FETUB,0.398356427099306,0.33617461229641,0.405996727034134,4.20321061815227e-06,9.26353780833242e-06,Early_Burst_Up,0.986738330143252,0.405996727034134
CENPB,0.219422417937029,0.210338319090059,0.248001229867383,2.29265312469546e-11,7.89059524553997e-11,Early_Burst_Up,0.990058977961651,0.248001229867383
APOBEC3C,0.495407803718791,0.505651067394719,0.558183398433919,2.54246201832643e-21,2.01125179814758e-20,Early_Burst_Up,0.994448317489575,0.558183398433919
NEDD4L,-0.434435512923882,-0.457808620512311,-0.382188838757601,2.12622046025113e-19,1.39766245420299e-18,Early_Loss_Down,0.989105085844909,0.457808620512311
NUBPL,-0.911536823333313,-0.944088757005073,-0.913089418706885,1.18476370843153e-41,8.49965825997169e-40,Early_Loss_Down,0.999472618052998,0.944088757005073
TK2,-0.14860388047656,-0.134249261973612,-0.172233800864043,0.00536927216834377,0.00848681538175818,Early_Loss_Down,0.979342779935269,0.172233800864043
PRPF38A,-0.110257007578091,-0.0947483254317386,-0.012309765821182,0.00378244193371132,0.00608966565531934,Early_Trough,0.949021285551266,0.110257007578091
IPO8,-0.0907292602632679,-0.107767312071734,-0.0134122841513295,0.00110820281063037,0.00191020376761929,Early_Trough,0.87375479874414,0.107767312071734
GEMIN4,-0.0697902722533114,-0.128492333771822,-0.0341613301143739,0.00812061831124386,0.0125776634256786,Mid_Trough,0.955582294904021,0.128492333771822
ZFYVE21,0.112744874893145,0.105459083004936,0.0920893245104073,0.0285770760382131,0.0408833465342977,Early_Burst_Up,0.986596126010305,0.112744874893145
NOP9,0.126588797659966,0.159248951768348,0.161168916880807,0.000584796604907504,0.00103700774473476,Early_Burst_Up,0.97806113289728,0.161168916880807
DHX32,-0.475879417516242,-0.448870687462397,-0.384475792051482,8.4636239717974e-16,4.14319286431164e-15,Early_Loss_Down,0.984910684319474,0.475879417516242
HDAC7,0.250078754253497,0.27476516316889,0.33535876500661,4.69474629975766e-14,2.00460126765435e-13,Early_Burst_Up,0.970162279158922,0.33535876500661
POLR1C,-0.153916995215462,-0.154973664258472,-0.127172656514824,0.000407885960173133,0.000736318212702997,Early_Loss_Down,0.984694609707157,0.154973664258472
UQCRH,-0.461290469383593,-0.456402744169289,-0.526963082262548,1.5485392380894e-18,9.5529603701853e-18,Early_Loss_Down,0.991190714200431,0.526963082262548
RBMXL1,-0.191139158571634,-0.136212642599729,-0.115666214687692,0.032101859005136,0.0455579247340966,Early_Trough,0.953539425532625,0.191139158571634
RRAGA,0.370412568414435,0.35884593254245,0.391446748182951,4.20002347778355e-20,2.9620843544165e-19,Early_Burst_Up,0.997400201188051,0.391446748182951
TACC3,0.427429719040999,0.411698922899152,0.461674312180427,5.07849465292006e-13,2.01253488102861e-12,Early_Burst_Up,0.995401320318053,0.461674312180427
NDUFB6,-0.724852577742258,-0.702253292329961,-0.698909880125908,2.16766151924955e-25,2.4052372217593e-24,Early_Loss_Down,0.999471682362541,0.724852577742258
TJAP1,0.168334149026638,0.169067251401359,0.164424157962567,7.76788806193124e-05,0.00015100295363558,Early_Burst_Up,0.999703233849002,0.169067251401359
AKT3,0.417393015954606,0.442023829581289,0.435755141504764,1.38815502877509e-20,1.02141698934273e-19,Early_Burst_Up,0.998829886004113,0.442023829581289
SIRPA,0.201231219730056,0.197713815720078,0.236046748978303,5.00464437798814e-05,9.97094817180208e-05,Early_Burst_Up,0.986899841288138,0.236046748978303
MDK,1.31429154428372,1.34597873855811,1.25497083338624,9.26109510764464e-36,3.12027665934489e-34,Early_Burst_Up,0.998333437678835,1.34597873855811
FAM3D,0.495947109482843,0.492728572637504,0.44109188922769,0.000267535906650713,0.000492900999589824,Early_Burst_Up,0.994483224443666,0.495947109482843
UGGT2,0.233513790161379,0.234966093135126,0.226417724201309,4.75682269757884e-10,1.48652942130121e-09,Early_Burst_Up,0.999480453014501,0.234966093135126
STX16,0.195645602384286,0.15451191487272,0.132681787230629,0.0177963368171384,0.026147934372231,Early_Burst_Up,0.95120540621462,0.195645602384286
RARRES2,0.495774233940738,0.397767209514443,0.337579949830551,5.03396063661621e-05,0.000100221579947177,Early_Burst_Up,0.953049022031821,0.495774233940738
ZNF143,-0.1422434269229,-0.11845898511509,-0.0882337586470553,0.000926075863258421,0.00160692313053307,Early_Trough,0.948219785904764,0.1422434269229
TPST2,-1.04763237604425,-1.05060869657656,-0.959305305291342,1.48637696997566e-27,2.0015581139381e-26,Early_Loss_Down,0.996563406461107,1.05060869657656
PM20D2,-0.563295373540393,-0.551227211532416,-0.54340685753866,1.59438729285567e-28,2.37361199483808e-27,Early_Loss_Down,0.999562011673727,0.563295373540393
RPL38,-0.284673489376316,-0.337072097446835,-0.265646574518466,0.000114290253197576,0.000218347907968371,Early_Loss_Down,0.979780407318304,0.337072097446835
SETMAR,-0.600301334347491,-0.589896050129971,-0.535475306724869,1.53395979374852e-27,2.06229618797661e-26,Early_Loss_Down,0.995151387883496,0.600301334347491
FAM177A1,0.157382417835402,0.214802055547455,0.154006949967017,2.29488577990317e-05,4.72723749018669e-05,Early_Burst_Up,0.952946351466358,0.214802055547455
ABCC4,-0.179188602028698,-0.227534686779086,-0.20127793383674,1.10758780786687e-05,2.3507640237358e-05,Early_Loss_Down,0.981510183337285,0.227534686779086
COPZ2,0.482884748454578,0.453590323372476,0.408538841849172,3.89177303118247e-16,1.9640591367799e-15,Early_Burst_Up,0.990824559283556,0.482884748454578
EPB41L5,-0.519175400859181,-0.555520949950467,-0.530923362239475,9.13611322785488e-26,1.05160075079126e-24,Early_Loss_Down,0.998402561163142,0.555520949950467
ELMOD2,-0.408732016705754,-0.392963726177989,-0.422995674309299,3.00588476951465e-10,9.54769963813013e-10,Early_Loss_Down,0.998199372395411,0.422995674309299
PAPPA,0.246762537404359,0.103131418739179,0.0513671329264149,0.0115544906331195,0.01750846158937,Early_Peak,0.961723820999879,0.246762537404359
SDR16C5,1.29250364944547,1.30281161035331,1.18308350230681,1.42848892982017e-29,2.3919285460691e-28,Early_Burst_Up,0.996320036106573,1.30281161035331
B3GLCT,0.42537501581348,0.352413262962982,0.343055918841398,3.01469873497566e-12,1.11652527247296e-11,Early_Burst_Up,0.981144808303769,0.42537501581348
LAMTOR1,0.259725341142384,0.269110495718273,0.273312885392967,2.68850610303195e-08,7.1848901057906e-08,Early_Burst_Up,0.999098691705493,0.273312885392967
FAM3B,-0.971505559480828,-1.01291659795278,-1.10213193474265,5.10541719719824e-29,7.95641983428535e-28,Early_Loss_Down,0.994433719528568,1.10213193474265
FCN3,0.336200799398328,0.229452903958185,0.212203144128774,0.00147571352636278,0.00250119917849106,Early_Peak,0.940836278460154,0.336200799398328
LY6D,0.910572864186728,1.13486275779585,0.95162230388304,6.17268872386598e-13,2.4242149863149e-12,Early_Burst_Up,0.981475283771084,1.13486275779585
PSPH,-0.167773834103536,-0.213620988097197,-0.226488660960451,8.09560428714087e-05,0.000157116648501834,Early_Loss_Down,0.970433299707131,0.226488660960451
GAN,0.388883425245718,0.482187289920465,0.410590950573051,2.18360638870993e-24,2.17889356916595e-23,Early_Burst_Up,0.983027767406344,0.482187289920465
LRRC41,0.170729437599764,0.0966736937247046,0.107198097326564,0.0192195804472522,0.0281148441698071,Early_Peak,0.918845962676491,0.170729437599764
CEP350,-0.0953314045757917,-0.147835254257087,-0.120105060852961,0.00142955523381167,0.00242840552271499,Early_Loss_Down,0.942613459944118,0.147835254257087
BRD8,0.0682193085577964,0.0475386237265774,0.110771285923597,0.00514377268881517,0.00814740698826035,Monotonic_Up,0.874105878970436,0.110771285923597
EXOSC9,-0.120210208643584,-0.144637549818086,-0.086157581986193,0.00114868197243718,0.00197711093580605,Mid_Trough,0.933924949879091,0.144637549818086
NEU1,-0.153498226572655,-0.152851314154502,-0.0828636372139723,0.00890045560754377,0.0137140513915903,Early_Trough,0.94012574636038,0.153498226572655
ATP5ME,-0.383230743803666,-0.452573202006738,-0.469860606569538,2.29502977025129e-15,1.08027362828231e-14,Early_Loss_Down,0.985524320224437,0.469860606569538
AMOTL1,-0.207086832952114,-0.189467549283538,-0.12937798317366,6.27451218947789e-06,1.36157732570626e-05,Early_Trough,0.938204025032617,0.207086832952114
BPIFB1,0.677266211349886,0.479238889632322,0.452914240152945,0.000333047571564908,0.000607678555264891,Early_Burst_Up,0.936850106317559,0.677266211349886
ASCC1,-0.118065983890662,-0.0891391693592173,-0.0581547803687283,0.0186364145802103,0.027319401468471,Early_Trough,0.98387831610378,0.118065983890662
FREM2,-0.585961861784317,-0.718308138828092,-0.614452914290022,1.12768447097164e-14,5.03735382041117e-14,Early_Loss_Down,0.984549645230787,0.718308138828092
SMN1,-0.111243270720537,-0.180605234742627,-0.107982235205654,0.0019462968112292,0.00325112044621625,Mid_Trough,0.988603145637853,0.180605234742627
SLC27A2,-0.929497434638789,-0.989798360045981,-0.825934157464724,3.51520962127454e-35,1.09155128612861e-33,Early_Loss_Down,0.989239001186687,0.989798360045981
OASL,0.578411121626666,0.606176998986313,0.595063123334422,1.03590477821117e-25,1.18417576432326e-24,Early_Burst_Up,0.999260881711006,0.606176998986313
PIK3CD,0.283648790437458,0.280992328453808,0.304938663224262,1.24942720553252e-08,3.42933153180792e-08,Early_Burst_Up,0.997277005451682,0.304938663224262
WDR59,-0.100526160339299,-0.110319732951324,-0.0805643887970106,0.000566559219970842,0.00100788923227818,Early_Loss_Down,0.969007073446108,0.110319732951324
SEPHS2,-0.366911934446706,-0.380300164224083,-0.366286737575715,2.79524584961788e-12,1.03941179448257e-11,Early_Loss_Down,0.999394021921611,0.380300164224083
ASPA,-0.539620142273443,-0.654639557412926,-0.664232751889603,8.56003112465963e-20,5.81998194603083e-19,Early_Loss_Down,0.983702090630849,0.664232751889603
MOSPD2,0.182457917506348,0.223503369808579,0.222959207381626,6.87512568877297e-06,1.48571269753229e-05,Early_Burst_Up,0.983598200829993,0.223503369808579
INPP5K,-0.0909708781662562,-0.103499893735036,-0.0345930889841453,0.00289474370113254,0.00473747435217797,Early_Trough,0.90920697275026,0.103499893735036
CFHR1,0.651105163316002,0.596617461134446,0.521329815066068,1.86577842844957e-15,8.86244753513545e-15,Early_Burst_Up,0.984104467391468,0.651105163316002
IFT74,-0.118303640594201,-0.115463717172598,-0.087697864945019,0.0152074123320492,0.0226194969485815,Early_Loss_Down,0.968361985799086,0.118303640594201
DHODH,-0.487002586971364,-0.496905917302245,-0.483251864252494,2.17311564553376e-18,1.31716448668114e-17,Early_Loss_Down,0.999722699564722,0.496905917302245
BRPF1,-0.0891288746687605,-0.10128821359486,-0.0781778162321985,0.0282962912215718,0.0405095020722381,Early_Loss_Down,0.978484985347377,0.10128821359486
COX7A2L,-0.564844055073742,-0.595999656230809,-0.584765964898346,5.25897375662929e-20,3.64843108176188e-19,Early_Loss_Down,0.999021016306581,0.595999656230809
NDUFB8,-0.938669567196489,-0.884390557567531,-0.88925414589782,1.35884202136873e-33,3.47947178517864e-32,Early_Loss_Down,0.998531984988784,0.938669567196489
SOAT1,-0.373933853189054,-0.353465204203718,-0.281195432328066,2.07650607744406e-07,5.13541859628216e-07,Early_Loss_Down,0.973122556193954,0.373933853189054
ZNF512B,-0.291096435611339,-0.303162063651151,-0.218212710545206,3.05871928768247e-10,9.71181301491551e-10,Early_Loss_Down,0.96367943118357,0.303162063651151
FCHSD1,0.195425241670475,0.17058253895978,0.160696856564974,4.37880430058174e-06,9.64031994429662e-06,Early_Burst_Up,0.986432430628514,0.195425241670475
ACOT13,-0.380802834496346,-0.433408091437472,-0.397187129125526,1.03143336112424e-11,3.65725966394374e-11,Early_Loss_Down,0.994126753808868,0.433408091437472
CDK4,0.145996660641355,0.1414861856681,0.150886448393247,0.00352315041270896,0.00570532355216267,Early_Burst_Up,0.998622604637448,0.150886448393247
A2ML1,0.760723396229756,0.867843971643007,0.734807498747294,8.17045259424301e-08,2.099892108996e-07,Early_Burst_Up,0.989481732685586,0.867843971643007
NOB1,-0.220354891820003,-0.217720706641273,-0.218967168574361,3.84307736209194e-06,8.49457896609008e-06,Early_Loss_Down,0.999951737340451,0.220354891820003
PI4KB,0.167011056155745,0.148069255976351,0.185108641593066,6.09904574599918e-07,1.44481237398819e-06,Early_Burst_Up,0.983941842052838,0.185108641593066
ELP4,-0.281840643525882,-0.288785579090504,-0.23594321308733,2.3480217247381e-16,1.20321655130976e-15,Early_Loss_Down,0.985129455961082,0.288785579090504
LDB3,-0.486831965495264,-0.578039308833025,-0.523320740032562,5.86493261604423e-06,1.27602533936523e-05,Early_Loss_Down,0.990122480408277,0.578039308833025
GPALPP1,-0.107423849828156,-0.115407016059834,-0.118522787446066,0.00592892942455086,0.0093112947105326,Early_Loss_Down,0.996642092661268,0.118522787446066
MRPL50,-0.21575290879167,-0.227233416761125,-0.187624625405259,1.83472852114358e-07,4.56597211511868e-07,Early_Loss_Down,0.987698483267529,0.227233416761125
SUMF1,0.3142998459065,0.3322756665277,0.320565544142429,2.97236765993263e-14,1.28565715519539e-13,Early_Burst_Up,0.998933637871914,0.3322756665277
SLC39A14,-1.14764181468464,-1.18297959813625,-1.14870569526408,2.18777891168201e-28,3.22813760691803e-27,Early_Loss_Down,0.999599670912543,1.18297959813625
DLG5,0.20323264245078,0.22589295047605,0.19960909988943,3.24623399935989e-06,7.23103836795316e-06,Early_Burst_Up,0.993896767974898,0.22589295047605
RAB3IL1,0.219308390571763,0.198544947494734,0.227221869321544,9.83681246163828e-06,2.09794857267437e-05,Early_Burst_Up,0.99373379952237,0.227221869321544
IFT140,-0.137322064963253,-0.163188449442037,-0.12505271209957,0.000623605269371402,0.00110394449089743,Early_Loss_Down,0.975796006377118,0.163188449442037
RALB,0.425166035822156,0.485874530286769,0.400946854066717,1.10685872909867e-18,6.91767054031244e-18,Early_Burst_Up,0.986917050546892,0.485874530286769
ATP5MJ,-0.694665079663971,-0.761849782208645,-0.709967042933747,1.21778113832084e-19,8.17288276863393e-19,Early_Loss_Down,0.996844855927287,0.761849782208645
HSF1,0.219512107670485,0.205196829581158,0.20274352303561,2.6940359352022e-08,7.19735699927855e-08,Early_Burst_Up,0.997509282695524,0.219512107670485
AAAS,0.217243757907592,0.154996207982351,0.229431237756253,6.96534461783984e-09,1.95631447552019e-08,Early_Burst_Up,0.951012276691644,0.229431237756253
GSTZ1,-0.461661850724761,-0.512724154748656,-0.486996489362623,1.04391440756618e-18,6.53683649342797e-18,Early_Loss_Down,0.996357288526455,0.512724154748656
DHCR24,0.954875851145287,1.03039854226714,1.0004578577502,1.47911959845139e-27,1.99501350053686e-26,Early_Burst_Up,0.998058783689181,1.03039854226714
IBTK,-0.47795201499631,-0.525123517713235,-0.428814078061077,2.41768638081947e-24,2.39809130645764e-23,Early_Loss_Down,0.986696500962646,0.525123517713235
EXOSC3,0.15655937598501,0.101694879604295,0.144354802281769,0.00830734141281725,0.0128549080025037,Early_Burst_Up,0.943704812336188,0.15655937598501
DOK3,0.355235138833023,0.378108572820589,0.432884390426844,5.66238111811852e-13,2.23752780935339e-12,Early_Burst_Up,0.986241632274277,0.432884390426844
CRISP3,0.759754486038184,0.794751379536623,0.713999433523939,4.44481631701183e-12,1.6202260792892e-11,Early_Burst_Up,0.996197868669802,0.794751379536623
SIL1,-0.350174044070739,-0.39128883493218,-0.309266418264626,3.8145190442377e-14,1.63969150238358e-13,Early_Loss_Down,0.982205265891165,0.39128883493218
ITGA2B,-0.318951751285149,-0.351657880206226,-0.136244823146825,0.00187755478475627,0.00314386537600437,Early_Trough,0.919871232581182,0.351657880206226
RFX5,0.109049475445046,0.107352354298654,0.135039612733897,0.017099542206144,0.0252219762920117,Early_Burst_Up,0.97739250155581,0.135039612733897
FGL1,-1.83312374268295,-1.93131278061351,-1.71544750774014,3.31208924850071e-34,9.15721153688468e-33,Early_Loss_Down,0.995364524241661,1.93131278061351
MAGI3,-0.542246689187133,-0.506541842982092,-0.536887115425566,1.25850039559926e-28,1.88367631154263e-27,Early_Loss_Down,0.998235333061007,0.542246689187133
MTX3,0.142030858055323,0.118236045755467,0.0701069326355309,0.0209142936816505,0.0304387464180999,Early_Peak,0.976965402199298,0.142030858055323
RIOX1,-0.124775108385602,-0.129745701840838,-0.100803901070233,0.00141934400224497,0.00241253692538452,Early_Loss_Down,0.977986247315719,0.129745701840838
ARHGEF28,-0.139453011131818,-0.141146710643639,-0.127844468817403,0.0211216368194772,0.0307190250981632,Early_Loss_Down,0.996249902915541,0.141146710643639
KDM5C,0.116372321090985,0.134913977759701,0.13947979547689,0.00278013290659904,0.00455527978907605,Early_Burst_Up,0.988434228469053,0.13947979547689
TAOK2,0.121284874112265,0.114006079155802,0.156990978241608,3.44807865245078e-05,6.95858971349728e-05,Early_Burst_Up,0.961118725063435,0.156990978241608
NME7,0.162939884259055,0.186152796808728,0.198689614342721,1.05720313714991e-11,3.74225627705723e-11,Early_Burst_Up,0.987096621124795,0.198689614342721
CFAP20,0.614656388778404,0.582334784500443,0.557612027234736,8.14349508364517e-16,3.99352775993489e-15,Early_Burst_Up,0.996825478574423,0.614656388778404
CEMIP,0.998953739191812,0.975099282846983,0.873109421247606,3.20024842574364e-24,3.12587645528621e-23,Early_Burst_Up,0.993450875145479,0.998953739191812
MKNK1,-0.973577851083103,-0.973743325553347,-0.926807355111886,5.91439435900302e-39,2.89526999150724e-37,Early_Loss_Down,0.998938697936356,0.973743325553347
GUCY1A2,-0.15731841759281,-0.161913594987502,-0.0810897853337201,0.0166190468067747,0.0245654897914705,Early_Trough,0.935001444267208,0.161913594987502
FAS,0.332154649766796,0.343791788707722,0.287098602712879,1.76866885476886e-08,4.79910733921959e-08,Early_Burst_Up,0.988597297880073,0.343791788707722
INTS9,-0.226336276921703,-0.223432924030171,-0.188542384084626,2.56677344553527e-07,6.29180813365083e-07,Early_Loss_Down,0.987220798757704,0.226336276921703
CCDC134,0.153311110502774,0.160126231675312,0.188076888709959,2.9142230930846e-05,5.93397714231712e-05,Early_Burst_Up,0.984190445091153,0.188076888709959
IFT122,-0.186623112916057,-0.217423837985251,-0.199011417486504,5.19190481575212e-09,1.47363683071928e-08,Early_Loss_Down,0.992167484939683,0.217423837985251
ZFP91,-0.266567344099818,-0.233259644176799,-0.199571806541222,6.97927760852547e-10,2.14402171495567e-09,Early_Loss_Down,0.97355932369929,0.266567344099818
PPIC,0.555638871210036,0.568335957601034,0.555463923912326,1.60034616396895e-21,1.2867710895217e-20,Early_Burst_Up,0.999768253477953,0.568335957601034
FBXO4,-0.253835401361406,-0.330586763019542,-0.2974987350225,9.34824500309728e-16,4.54682027561517e-15,Early_Loss_Down,0.977890344033542,0.330586763019542
PLEKHG3,-0.157156859758832,-0.141367409189935,-0.112954060763863,0.00948822289706677,0.01456307468635,Early_Loss_Down,0.966229840884021,0.157156859758832
RPL37,-0.821359512010229,-0.903248311754261,-0.821939029810229,6.95317246843911e-21,5.27958953306115e-20,Early_Loss_Down,0.995917956565855,0.903248311754261
DPYSL4,0.247033027275743,0.262535418095965,0.308062503680646,3.19093892197089e-08,8.48673496600886e-08,Early_Burst_Up,0.982412423466617,0.308062503680646
CADM1,-0.365874729655101,-0.382658621913091,-0.324187070544865,2.13581886958588e-11,7.36910639829756e-11,Early_Loss_Down,0.990679702951831,0.382658621913091
PPP1R9A,-0.440757130037239,-0.386744104191174,-0.342452199312109,2.09635048999716e-12,7.85848143142177e-12,Early_Loss_Down,0.979404715557946,0.440757130037239
DCTN5,-0.115596103733436,-0.170406372866445,-0.152659804918251,0.000130710872510505,0.000248520877549102,Early_Loss_Down,0.954525549925598,0.170406372866445
MAX,0.22165090564865,0.22904576633916,0.255081580257236,5.17045554008208e-07,1.2325560299216e-06,Early_Burst_Up,0.992653244814461,0.255081580257236
KNTC1,0.116699874193322,0.161431262120059,0.222661018014081,0.00181884202030875,0.00304984954523664,Monotonic_Up,0.977907083574556,0.222661018014081
DDC,-0.552940638627387,-0.52478438978951,-0.55381637493884,6.49115628328815e-08,1.68179958248829e-07,Early_Loss_Down,0.998772779647752,0.55381637493884
PXK,-0.111477776310044,-0.126231408965766,-0.0421781633826246,0.00668957293973189,0.0104604708764466,Early_Trough,0.91076854417923,0.126231408965766
LIMK1,0.321642347222654,0.374450126114496,0.386984603940794,1.0070103491596e-19,6.80774989903024e-19,Early_Burst_Up,0.987920587238975,0.386984603940794
SLC12A9,0.178287972849634,0.207713983987143,0.190117854250687,0.000377425009449181,0.000684000637769182,Early_Burst_Up,0.992166506076749,0.207713983987143
HAX1,-0.487159243832551,-0.528516645950607,-0.522163391760255,5.36481162169445e-29,8.329470581295e-28,Early_Loss_Down,0.997492631296656,0.528516645950607
KDM3A,0.108335693865863,0.138655260757767,0.131371588631356,0.0122210175171427,0.0184512532252651,Early_Burst_Up,0.979641541900811,0.138655260757767
MBP,-0.196245009437278,-0.227821059546904,-0.196124298744266,4.41010968175369e-05,8.83720991368991e-05,Early_Loss_Down,0.989751217625681,0.227821059546904
PECR,0.26250265870172,0.286699511938721,0.258326501682039,0.00149625309911652,0.00253497929373934,Early_Burst_Up,0.995709567229341,0.286699511938721
OARD1,-0.544533555004774,-0.592415864014829,-0.457253700559562,3.22859401835307e-33,8.04441898824379e-32,Early_Loss_Down,0.978535910747017,0.592415864014829
NDUFC2,-0.828106760040135,-0.80280817336914,-0.818449367749829,6.31300916559419e-30,1.10837262185812e-28,Early_Loss_Down,0.999674149055813,0.828106760040135
MPG,0.273276717987421,0.233103884303798,0.254256432487481,1.82803051192738e-12,6.89613323674509e-12,Early_Burst_Up,0.991727746335353,0.273276717987421
GAS6,0.226849268177097,0.192286282385742,0.176117976026714,0.000208563277942885,0.00038898780794278,Early_Burst_Up,0.978002198116712,0.226849268177097
RNF25,-0.161812966088848,-0.18191514912326,-0.146367587032494,0.000100122618788655,0.000192340820304521,Early_Loss_Down,0.984495290734372,0.18191514912326
RCC1L,-0.10598280944294,-0.186223373435394,-0.167551062406608,1.70913800063475e-05,3.56656129420321e-05,Mid_Plateau_Down,0.942473128821569,0.186223373435394
SP1,-0.130206638059768,-0.136223588432489,-0.141835942478874,0.00376152991116774,0.0060595145026593,Early_Loss_Down,0.997573756750813,0.141835942478874
BAZ1A,0.323556329723344,0.349725694970932,0.376420860694413,6.04788079984209e-18,3.50734940880041e-17,Early_Burst_Up,0.992476690339597,0.376420860694413
FGD6,0.389771855069648,0.416734648629227,0.476585303765442,5.16626946027613e-19,3.31997640528324e-18,Early_Burst_Up,0.985912919412735,0.476585303765442
BLOC1S5,-0.145828682954188,-0.116585720056271,-0.117644632359547,0.00949473497727763,0.0145703825338197,Early_Loss_Down,0.977900227055405,0.145828682954188
RHOC,0.717693638714972,0.754605604640198,0.640942421352239,2.26315883223017e-22,1.94969024863556e-21,Early_Burst_Up,0.991086349301398,0.754605604640198
MRPS23,-0.21259879274752,-0.22104565135401,-0.187397617301347,0.00033779589631147,0.000616072200110466,Early_Loss_Down,0.990600017272084,0.22104565135401
HLA-DPB1,0.484637516894963,0.518814384926696,0.548870296386588,1.24707472206372e-10,4.07465875030006e-10,Early_Burst_Up,0.994895756911085,0.548870296386588
DIP2C,0.257211429176288,0.243001103944482,0.249359915842589,8.51901340177928e-08,2.18475283604336e-07,Early_Burst_Up,0.998919581011946,0.257211429176288
TRAPPC3,0.233995726548549,0.212140522971474,0.209915946942504,1.29174742990727e-08,3.54081755984463e-08,Early_Burst_Up,0.995099349792903,0.233995726548549
JUNB,0.510144254231781,0.56808633520858,0.561408661845826,4.68645626348321e-28,6.68965506427225e-27,Early_Burst_Up,0.995544111728113,0.56808633520858
ATP6V1G1,-0.151748558451718,-0.156512137048759,-0.155896643201345,0.00570132216830703,0.00898265866805208,Early_Loss_Down,0.999626307416585,0.156512137048759
COIL,-0.10684942494578,-0.107042424625492,-0.0401086479637151,0.0352578656276935,0.0496305747215266,Early_Trough,0.947929026437395,0.107042424625492
TUBB3,0.700103576821641,0.659539665386569,0.658367051891103,2.61985090613158e-18,1.57077804328725e-17,Early_Burst_Up,0.9983398802664,0.700103576821641
TXNL4A,-0.213596985792621,-0.236195924353572,-0.198867146961083,7.11593418889407e-08,1.83909330186262e-07,Early_Loss_Down,0.990067642042551,0.236195924353572
KRT14,0.778096131337605,0.78518200746804,0.637502101197294,2.4170707152693e-07,5.93884336949249e-07,Early_Burst_Up,0.983242119482885,0.78518200746804
TTC39C,0.284138936450544,0.273092117625617,0.309487371324045,1.25017128174824e-10,4.08317323654194e-10,Early_Burst_Up,0.99448371499108,0.309487371324045
TFE3,0.229115890013509,0.262886197033885,0.253607882969103,1.88712013225008e-09,5.57890363786331e-09,Early_Burst_Up,0.993493571829559,0.262886197033885
SERPINB10,0.276633550526124,0.32286911601087,0.4773558338037,0.000216124941580521,0.000402639750130534,Monotonic_Up,0.959317874184861,0.4773558338037
USP6NL,-0.228071638056412,-0.193925361269798,-0.177487888901466,1.70740828915989e-07,4.26058524209553e-07,Early_Loss_Down,0.978483039946432,0.228071638056412
GRB10,-0.678798009689283,-0.699247118736,-0.667053909938709,1.09643977229824e-21,8.91071463385346e-21,Early_Loss_Down,0.999239353272038,0.699247118736
DNASE2,0.994626976933566,1.10502379778583,1.08274090182605,4.77524653357061e-32,1.03219744551622e-30,Early_Burst_Up,0.995986218432286,1.10502379778583
KIN,-0.15292689821988,-0.148456113887658,-0.0833534893417711,0.00021807204372155,0.000406085376560918,Early_Trough,0.944950985697897,0.15292689821988
DCAF11,-0.462011254259076,-0.504673336929764,-0.433608830764618,3.84868538614866e-27,4.9503492710246e-26,Early_Loss_Down,0.992260482327463,0.504673336929764
PALD1,0.183836285568361,0.138618083156463,0.171352730988956,0.000170614222865417,0.000321451565018338,Early_Burst_Up,0.974196862077496,0.183836285568361
PLEKHM2,0.524206544989804,0.501032182482014,0.521129866116168,1.86384721129504e-28,2.75505088674908e-27,Early_Burst_Up,0.999206022106252,0.524206544989804
MRPL9,-0.368117767050698,-0.455724518923911,-0.388224429162438,1.70574971765892e-14,7.49089664926517e-14,Early_Loss_Down,0.98322989143717,0.455724518923911
GRB7,0.336086585980893,0.37227413505368,0.395195019285471,2.13723821111452e-09,6.28483971480389e-09,Early_Burst_Up,0.991362101001712,0.395195019285471
CBX8,-0.127186706976532,-0.109192259012093,-0.0871078306089992,0.0354751426335956,0.0499110967027528,Early_Loss_Down,0.956764014050288,0.127186706976532
SLC2A3,0.574737769263671,0.666459199979018,0.623697546651097,1.54548500493054e-10,5.02011171390785e-10,Early_Burst_Up,0.992810288102661,0.666459199979018
TRAF3IP3,0.301178623004651,0.256586914584841,0.305911165194199,0.000176629325033517,0.000331957823606352,Early_Burst_Up,0.988294386054312,0.305911165194199
GADD45GIP1,-0.50688101329422,-0.518123372450545,-0.457804635041501,5.0986028273783e-34,1.37761599770916e-32,Early_Loss_Down,0.9944315696591,0.518123372450545
CDKAL1,-0.303669296286376,-0.320863151375249,-0.24694839795303,2.53014548794583e-13,1.01768345822548e-12,Early_Loss_Down,0.977168425504487,0.320863151375249
LIPE,-0.524892421657457,-0.529279279094726,-0.554981935984757,1.11689693664534e-09,3.37379902241834e-09,Early_Loss_Down,0.998777817738336,0.554981935984757
CA4,-1.5246315028295,-1.48024878870021,-1.29918498636814,2.60663804649445e-29,4.22854616431322e-28,Early_Loss_Down,0.990886686484247,1.5246315028295
DNAJB14,0.0916043054467988,0.123751228325632,0.136491419796355,0.00907691428195945,0.0139600962214871,Early_Burst_Up,0.951846748489184,0.136491419796355
TRAPPC2L,0.133366455008869,0.117948074496223,0.118014389964359,0.000548171800470394,0.000976849191330753,Early_Burst_Up,0.993130049706777,0.133366455008869
H3-7,0.749619232694084,0.719688584341096,0.816783287272404,5.82063654091031e-15,2.65712217737003e-14,Early_Burst_Up,0.994371028435383,0.816783287272404
CBR4,-0.322235427058427,-0.4124934829446,-0.383937647404155,3.87219524494304e-07,9.32149517744171e-07,Early_Loss_Down,0.980196695577615,0.4124934829446
TMEM126A,-0.361641975271497,-0.306943542010873,-0.361209869962762,7.29370617585635e-10,2.23648573306841e-09,Early_Loss_Down,0.988987889748048,0.361641975271497
LIMD2,0.728797963350873,0.720001811300756,0.778195813545448,5.17503634008404e-17,2.78028743848802e-16,Early_Burst_Up,0.9976275638656,0.778195813545448
FRMD6,0.716006206374912,0.726400560730779,0.693024766093879,1.39772684177464e-41,9.85752777732925e-40,Early_Burst_Up,0.999233291947667,0.726400560730779
ATP7A,-0.311902682044347,-0.325500976880871,-0.275536690188618,4.43311659991809e-14,1.89775701360691e-13,Early_Loss_Down,0.990528553993915,0.325500976880871
CHTOP,0.690300184663436,0.677239238181828,0.736117093810422,2.97908028264856e-16,1.51447196775817e-15,Early_Burst_Up,0.997417541561897,0.736117093810422
CEACAM8,0.838799831477965,0.766257248981641,0.822437291689155,3.20710887387197e-07,7.77441306389821e-07,Early_Burst_Up,0.99706481295649,0.838799831477965
MSRB2,0.280148468887468,0.212084630436761,0.217062143016008,0.000202116881558069,0.000377811475365285,Early_Burst_Up,0.967336499347184,0.280148468887468
DOK2,0.410267892228806,0.355339321823868,0.401423719755697,1.74124145892822e-09,5.16231258325638e-09,Early_Burst_Up,0.992422846066023,0.410267892228806
PAFAH2,0.0909659226084662,0.108028630828413,0.147308137047897,0.0294809014860109,0.0420751264219829,Monotonic_Up,0.950331429926923,0.147308137047897
APLP2,0.335157078467793,0.377653444447083,0.322557854293895,5.28392133482608e-12,1.91602585396177e-11,Early_Burst_Up,0.99079969498056,0.377653444447083
NFKBIE,0.535469709718358,0.542381860186593,0.516722733524799,4.94018961186831e-20,3.44035631380486e-19,Early_Burst_Up,0.99916914034012,0.542381860186593
TTC13,0.201725693191704,0.154330385578941,0.167151099088528,0.000166976810214982,0.000314883529256533,Early_Burst_Up,0.974651221175883,0.201725693191704
VAT1L,-0.600640735461109,-0.736494572314957,-0.695982658451795,2.25880051102007e-20,1.62469644362221e-19,Early_Loss_Down,0.986170073674355,0.736494572314957
MGAT2,-0.554320586854741,-0.543266109234782,-0.50684541612184,4.56231263681581e-17,2.46222864874067e-16,Early_Loss_Down,0.997135687647348,0.554320586854741
PADI1,0.971625741275247,1.0268403167615,0.85985526318003,2.33183331438131e-17,1.28513356571399e-16,Early_Burst_Up,0.989536133813542,1.0268403167615
FER,0.14874981270041,0.147432108090024,0.122670974140738,0.000185690456454419,0.000348436522799025,Early_Burst_Up,0.985556490506902,0.14874981270041
MED24,0.0152944548109826,-0.00427337297437914,0.0754482120722091,0.0273558676638618,0.0392374234227263,Late_Burst_Up,0.973681365319444,0.0754482120722091
MRPS25,-0.516800510765008,-0.517084535978542,-0.498517425706144,1.30873634829089e-27,1.77094372202874e-26,Early_Loss_Down,0.999422123925694,0.517084535978542
FRZB,0.293378956993091,0.257530526301874,0.316034901110268,0.00116317159611604,0.00200080901671717,Early_Burst_Up,0.986389401365172,0.316034901110268
PHACTR2,0.249434639891087,0.281460059616662,0.240598290374634,8.22596318059007e-06,1.76570713409519e-05,Early_Burst_Up,0.990809105913384,0.281460059616662
UBE2H,0.319632334134646,0.275996812464419,0.31351019942091,3.06466424379663e-07,7.4486378028258e-07,Early_Burst_Up,0.991993964863825,0.319632334134646
EED,0.129830732431593,0.131910479608341,0.165589216768893,0.00435989077330237,0.00695876697649067,Early_Burst_Up,0.974532707904983,0.165589216768893
NDUFB11,-1.11547130400993,-1.1004770109809,-1.06762578286713,6.68941912783036e-35,2.00249445977713e-33,Early_Loss_Down,0.999334133855664,1.11547130400993
CLPTM1L,-0.650552317060247,-0.621039941344452,-0.613616064771398,1.07636593616291e-17,6.1268928322488e-17,Early_Loss_Down,0.998713587125309,0.650552317060247
CCM2,0.141207173868268,0.107289284357384,0.143699195980584,0.00347815936532487,0.005636853405693,Early_Burst_Up,0.969206928822858,0.143699195980584
INTS11,-0.10604011721802,-0.104191533120064,-0.0384707270874739,0.00321552052612257,0.005235680261865,Early_Trough,0.952652407922021,0.10604011721802
SPRYD7,-0.141492809936596,-0.154536067453493,-0.150516732226227,0.000726075385768319,0.00127288800513249,Early_Loss_Down,0.997325623459111,0.154536067453493
WDR4,-0.102640715481461,-0.117413267448033,-0.116393626791012,0.00992600285146522,0.0151706511900631,Early_Loss_Down,0.99286125142675,0.117413267448033
PPP1R37,0.136709198496205,0.158414100958843,0.148998734328055,4.69927228062641e-05,9.38726450296999e-05,Early_Burst_Up,0.992869843335606,0.158414100958843
MMP10,0.525996226842471,0.652107135856773,0.506082058248963,9.38362932731385e-07,2.18191012187499e-06,Early_Burst_Up,0.974482488916935,0.652107135856773
ABCB7,-0.139616231520731,-0.195831144691846,-0.140592071514072,0.0155556050560875,0.0230878803775209,Mid_Trough,0.956577418079357,0.195831144691846
CDK7,0.252301028500278,0.256744876672977,0.298081932598703,8.57133831481242e-11,2.84299232586166e-10,Early_Burst_Up,0.988461744911764,0.298081932598703
FMO5,-0.392524822537563,-0.475111603644274,-0.590825337285997,1.29611916787211e-09,3.89116295636064e-09,Early_Loss_Down,0.948324709155696,0.590825337285997
RIMOC1,0.158038494259497,0.123887975253136,0.139410533011898,1.18509008723453e-05,2.50694451092165e-05,Early_Burst_Up,0.980804246558543,0.158038494259497
ZFP36L1,0.157513280187592,0.157858272223347,0.14381499204295,0.0225382721859613,0.0326708763510834,Early_Burst_Up,0.996368264010131,0.157858272223347
PRXL2B,0.211664579560067,0.219612702824521,0.157285133023749,0.0014015321574774,0.00238323469851388,Early_Burst_Up,0.962369255662487,0.219612702824521
AHSP,-0.526512871706695,-0.604718691993891,-0.401503518614032,1.2911070283692e-07,3.26980909619248e-07,Early_Loss_Down,0.950299477370734,0.604718691993891
SCYL3,-0.30372317959436,-0.329828364946921,-0.295863125614046,2.76731767354505e-11,9.48892364204447e-11,Early_Loss_Down,0.995636796758163,0.329828364946921
DTD1,-0.407166491878948,-0.421475201416266,-0.391707676324309,1.24986293042076e-16,6.52941576080451e-16,Early_Loss_Down,0.998218881180174,0.421475201416266
STX6,0.136221106608137,0.150091908176768,0.153453501882354,0.000172822374329138,0.000325170201032576,Early_Burst_Up,0.99486231852076,0.153453501882354
HCFC2,-0.126973437876664,-0.152051711762708,-0.0494936119090962,0.0313382059234293,0.044519725110068,Early_Trough,0.89135171643883,0.152051711762708
DYNC2H1,-0.154246061313828,-0.229760207220308,-0.133089532207903,0.000185176659655243,0.000347550780706119,Mid_Trough,0.98063898592825,0.229760207220308
SCARF2,0.360922152860378,0.39163885300836,0.359030384393984,1.42173742268745e-11,4.9775762859087e-11,Early_Burst_Up,0.996761752474982,0.39163885300836
DCHS1,0.18064252650634,0.185987626981263,0.217212059350587,0.000119262924549319,0.000227534630467545,Early_Burst_Up,0.986542047204723,0.217212059350587
TMEM109,-0.28081267111849,-0.273547237133966,-0.302153132045547,0.000347749141033231,0.000633114931454507,Early_Loss_Down,0.996403161707057,0.302153132045547
KIAA0513,-0.464019485670505,-0.412154620210548,-0.414153194083408,9.03943942940314e-12,3.22720784776889e-11,Early_Loss_Down,0.993834338532887,0.464019485670505
SZRD1,0.231118731144191,0.222873897310681,0.255253443931398,8.91438482171537e-07,2.07860774688471e-06,Early_Burst_Up,0.993313022898249,0.255253443931398
STAT5A,0.181353669800385,0.132084238212615,0.186614566781605,4.66050521822043e-05,9.31653241076877e-05,Early_Burst_Up,0.95921721628526,0.186614566781605
RTN4IP1,-0.313658549153413,-0.344835014228723,-0.309053769670605,5.05818261549917e-16,2.52969926239087e-15,Early_Loss_Down,0.995178020788623,0.344835014228723
FOXO1,-0.193250067672485,-0.174625246644672,-0.173517405774342,0.000449450624552314,0.000806974778322407,Early_Loss_Down,0.9950054350561,0.193250067672485
KAT8,-0.242081302984132,-0.241368544236605,-0.200213531004985,8.18876982085777e-11,2.72261056528879e-10,Early_Loss_Down,0.985568068933701,0.242081302984132
TTC4,0.187529169004407,0.169560539100396,0.246656748880858,6.30365535321035e-06,1.36754483444777e-05,Early_Burst_Up,0.950386104423363,0.246656748880858
CRTC3,0.250057511101867,0.231536963066904,0.209046453939699,0.000184456332827828,0.000346276923481432,Early_Burst_Up,0.989554562795845,0.250057511101867
DDX52,-0.129552934675811,-0.13735053729429,-0.0946486108846591,0.00610177619883618,0.00957010582863073,Early_Loss_Down,0.955664057249533,0.13735053729429
NKTR,-0.212928526587734,-0.182666572880586,-0.150705891664237,7.78414039733296e-08,2.00494015433627e-07,Early_Loss_Down,0.963207006387785,0.212928526587734
SSH1,0.482080234099182,0.484016388582819,0.500829480924886,6.78498899398705e-30,1.18873007174653e-28,Early_Burst_Up,0.999407589188186,0.500829480924886
LDHD,-0.279592342014617,-0.268668548239702,-0.341934070211254,2.73435231639392e-05,5.5909778813342e-05,Early_Loss_Down,0.97715023184894,0.341934070211254
ATP8A1,-0.457443188228752,-0.500772137553186,-0.404767477632351,2.03183223337442e-13,8.2281790005557e-13,Early_Loss_Down,0.985395087757899,0.500772137553186
NTM,1.08748313177382,1.15652501842277,0.949039387360969,1.86559717167139e-42,1.63426312238414e-40,Early_Burst_Up,0.987113641330669,1.15652501842277
DDX19B,-0.210001856135235,-0.198231817700428,-0.180894230363114,1.55810829181258e-07,3.9032441915907e-07,Early_Loss_Down,0.992668657924761,0.210001856135235
ANTXR1,0.880586126491558,0.967270551269951,0.856640518459017,1.12979397412782e-39,6.10528925499464e-38,Early_Burst_Up,0.994487876451152,0.967270551269951
LMF2,-0.581289814064676,-0.573483772809909,-0.520207542134718,2.0329792656804e-12,7.63123746007773e-12,Early_Loss_Down,0.995306683865762,0.581289814064676
SELENOF,-0.412398015069916,-0.412987990280266,-0.408326226359886,1.24841041020651e-17,7.07234270506371e-17,Early_Loss_Down,0.999949204380681,0.412987990280266
DRAP1,0.235764850489959,0.209763329432627,0.23794944988927,6.0500669523709e-06,1.31424320484549e-05,Early_Burst_Up,0.993742897298359,0.23794944988927
CD38,0.241785439885949,0.242673323612579,0.329458065273493,0.00564518055966454,0.00890094592980832,Early_Burst_Up,0.956995650736585,0.329458065273493
WDTC1,-0.324495279303635,-0.342207485765861,-0.306966354300734,8.64640031049142e-13,3.35456146311933e-12,Early_Loss_Down,0.996092931545279,0.342207485765861
PQBP1,-0.290355479303088,-0.255086168325641,-0.231333290011632,1.38045536023864e-09,4.13689215264889e-09,Early_Loss_Down,0.982908055098481,0.290355479303088
CCDC88C,-0.186890409618157,-0.182692026821417,-0.139711602623583,0.000313513220159453,0.000573167183252849,Early_Loss_Down,0.969875326993529,0.186890409618157
MBLAC2,-0.629893566285317,-0.652393617632905,-0.626266192677649,1.62091002612974e-36,6.02197019529093e-35,Early_Loss_Down,0.999340651362785,0.652393617632905
TNFAIP6,1.17000399845491,1.29041166947371,1.2233714158677,4.11643526456895e-41,2.71880748188435e-39,Early_Burst_Up,0.99679659041328,1.29041166947371
DDX59,-0.135246417056728,-0.131090332218002,-0.115887589895236,0.00354514063479082,0.00573758466797534,Early_Loss_Down,0.99157676462797,0.135246417056728
TRIM24,-0.130861531943558,-0.203119779501413,-0.136939835571332,7.0962264889684e-06,1.53195371558122e-05,Mid_Trough,0.975158443907406,0.203119779501413
GUF1,-0.487970561458367,-0.511140212774778,-0.481118670306012,1.00049171223166e-28,1.51659235504406e-27,Early_Loss_Down,0.998647186010243,0.511140212774778
UGT1A10,0.563333883262148,0.575023737075517,0.451843138560467,1.64073618984033e-05,3.4281211578838e-05,Early_Burst_Up,0.978756589785734,0.575023737075517
TUT4,-0.205029497259091,-0.238772042325276,-0.199806164564751,6.07340166104433e-09,1.71680871682102e-08,Early_Loss_Down,0.987286778569921,0.238772042325276
NHSL2,0.138102165411972,0.132473286384651,0.193201936864137,0.00134039796899385,0.00228581801187845,Early_Burst_Up,0.942543486647522,0.193201936864137
CEACAM6,0.695508876971071,0.887283723665261,0.618487543256605,3.05182659537583e-15,1.42281797908783e-14,Early_Burst_Up,0.955681112061355,0.887283723665261
ACAP1,0.329435232424957,0.258513656841316,0.321531887811379,1.30357637503685e-06,2.99513047848058e-06,Early_Burst_Up,0.978779886396896,0.329435232424957
POLR1D,-0.0736274236819453,-0.108236889230312,-0.0833308329346693,0.023691384172121,0.0342469513775214,Early_Loss_Down,0.949687335932111,0.108236889230312
FXYD2,-1.45458097053143,-1.56453410990482,-1.51337392046228,2.80900203354824e-21,2.20950046532972e-20,Early_Loss_Down,0.998236359919232,1.56453410990482
LRRK2,-0.261111901991443,-0.245413036883532,-0.171855694213067,6.98189668634266e-05,0.000136681590740399,Early_Loss_Down,0.945579937974958,0.261111901991443
FHIT,-0.121914817116782,-0.119892732719041,-0.159667426556492,0.0242391811449412,0.0349901934931831,Early_Loss_Down,0.96460579773666,0.159667426556492
GIMAP7,0.207082700976367,0.111062083113512,0.22271698868181,0.0099220788560226,0.0151674394268589,Early_Burst_Up,0.877097926931123,0.22271698868181
CD47,0.483007129530647,0.418226896284047,0.402263044650351,2.4210825891003e-10,7.71372484934637e-10,Early_Burst_Up,0.98733110485637,0.483007129530647
FAM118B,0.226024547985574,0.233637061829291,0.246517747584249,1.78610127512143e-08,4.84482881732743e-08,Early_Burst_Up,0.997427854588348,0.246517747584249
BOLA2,0.523453022518441,0.555594582252613,0.48030567329819,1.80301556629291e-16,9.30235309528181e-16,Early_Burst_Up,0.993030240861441,0.555594582252613
FOXO3,-0.347801044740907,-0.354875477837523,-0.353702218956271,7.6393437012535e-17,4.07010666591514e-16,Early_Loss_Down,0.99984546066962,0.354875477837523
COMMD6,0.253917994727143,0.227494094121898,0.185009732533596,0.00201913883638291,0.0033673894581921,Early_Burst_Up,0.968861534630747,0.253917994727143
AP1S1,-0.454383145706213,-0.463275136831067,-0.455169583464926,3.61021864617471e-18,2.13382383334275e-17,Early_Loss_Down,0.999845751880971,0.463275136831067
AAGAB,0.13609078555585,0.119955207806027,0.149310340409699,0.00719764200516856,0.0112169993945717,Early_Burst_Up,0.984579285516599,0.149310340409699
NKIRAS2,0.208495564500996,0.171536093502418,0.185444680797777,1.82276593717793e-06,4.14228785614274e-06,Early_Burst_Up,0.987173920106876,0.208495564500996
TNFAIP8,0.22525742723863,0.203043745119799,0.271739853156674,3.79589419480642e-06,8.39921071235815e-06,Early_Burst_Up,0.971202266006632,0.271739853156674
SCO1,-0.450790192988163,-0.496657435078637,-0.430682414103925,8.21293351394842e-19,5.1975690268501e-18,Early_Loss_Down,0.992852558598842,0.496657435078637
ABCB1,-0.34549477115879,-0.387332162461543,-0.349326722910553,6.83427980293285e-06,1.47726952000019e-05,Early_Loss_Down,0.994563344887156,0.387332162461543
GSTM5,-0.309976464805599,-0.376810153425936,-0.312736943165801,0.0140123793353442,0.0209242815052457,Early_Loss_Down,0.983254376486424,0.376810153425936
GPR108,-0.942263771964622,-0.934101860620879,-0.866000250759658,3.80693067074061e-24,3.7010837665775e-23,Early_Loss_Down,0.997213875317335,0.942263771964622
CEP131,-0.119449993786647,-0.128405252477459,-0.0821162991938511,0.00869917239895648,0.0134262820296951,Early_Loss_Down,0.939529928954561,0.128405252477459
NHLRC3,-0.695023161972358,-0.62640238601913,-0.541302825884211,6.77937459705959e-22,5.59701938459622e-21,Early_Loss_Down,0.980101073832517,0.695023161972358
RIOX2,-0.323216862054593,-0.396799396865701,-0.343135615483431,4.88211709464222e-14,2.08138752731891e-13,Early_Loss_Down,0.984967645738982,0.396799396865701
MRPS6,-0.357758280076176,-0.346316705029603,-0.366815377444991,6.80761766853254e-14,2.86126233522867e-13,Early_Loss_Down,0.998897652404476,0.366815377444991
SGCD,0.297674628976742,0.262964810313282,0.241109893866058,0.000583002470868872,0.00103470816007054,Early_Burst_Up,0.985147875062997,0.297674628976742
ACOT8,0.355459774688539,0.374855598031754,0.400900658133239,8.34923400937876e-09,2.33162165859228e-08,Early_Burst_Up,0.995159944052423,0.400900658133239
RBMS3,0.561902783628111,0.536533329815616,0.555054873813177,1.96831492665667e-26,2.38780128566135e-25,Early_Burst_Up,0.999244793177042,0.561902783628111
CXorf38,0.533392463400848,0.54909302833325,0.568871165666788,3.22410603246087e-32,7.11697888650912e-31,Early_Burst_Up,0.998612036563619,0.568871165666788
NDC1,-0.216061532908086,-0.206488524649631,-0.162298229716761,0.00108785699242484,0.00187668861752893,Early_Loss_Down,0.972336593095478,0.216061532908086
ARID4A,-0.342352622182602,-0.358015961439517,-0.278507715265884,1.99680648553503e-18,1.21472394536715e-17,Early_Loss_Down,0.978499109930796,0.358015961439517
WLS,-0.14837426865976,-0.190140243228747,-0.216772736517416,0.00602474705841634,0.00945463794458623,Early_Loss_Down,0.956720752620496,0.216772736517416
TCN1,0.854899865527212,0.995822113169086,0.894581229929137,3.55913779108361e-20,2.52723077622848e-19,Early_Burst_Up,0.991696793741955,0.995822113169086
CRP,0.332243387471426,0.387775224428273,0.373078876985006,0.0157618089114964,0.0233797737492739,Early_Burst_Up,0.991787838454625,0.387775224428273
INTS10,-0.0714688875124192,-0.0961939916892677,-0.017450004308117,0.0262843645258943,0.0377917210754134,Mid_Trough,0.870978467332459,0.0961939916892677
GCFC2,-0.261270998863962,-0.251448760497214,-0.272037053935443,1.49941117258996e-08,4.08983932425227e-08,Early_Loss_Down,0.997940070555814,0.272037053935443
ARSL,-1.08531165735498,-1.05622162027198,-1.03553563729613,4.05364979191476e-26,4.7986448888072e-25,Early_Loss_Down,0.999257439965938,1.08531165735498
CWF19L2,-0.118166923608237,-0.127136937543568,-0.0818550846401481,0.00937789684210929,0.0144043664673373,Early_Loss_Down,0.941174100841974,0.127136937543568
OXA1L,-0.225946997728319,-0.261380152719725,-0.270051523213164,0.00106001972584652,0.00183018343537236,Early_Loss_Down,0.988770200961399,0.270051523213164
KIDINS220,-0.26970117568033,-0.273107037157802,-0.264242205420957,3.32193577806123e-10,1.051546197985e-09,Early_Loss_Down,0.999631771446616,0.273107037157802
LPCAT3,-0.944980487657975,-0.944991467013176,-0.867746799921887,1.09335469505222e-22,9.59799343061667e-22,Early_Loss_Down,0.996876819764715,0.944991467013176
NSMCE3,0.250007227462455,0.239807927367675,0.241906913267334,8.16556432536633e-09,2.28109521032892e-08,Early_Burst_Up,0.999350498966352,0.250007227462455
LMBRD2,-0.529953398191213,-0.575452633166251,-0.588903314503398,1.89010196979273e-17,1.05143239255448e-16,Early_Loss_Down,0.996034287695074,0.588903314503398
ALDH3B1,0.547807134608519,0.53385990938734,0.606268574719337,2.56727127650509e-18,1.54258711646753e-17,Early_Burst_Up,0.993841230145609,0.606268574719337
PDK2,-0.966637653041072,-1.03449634221952,-0.977252151827594,6.68764266883339e-47,1.18413962319216e-44,Early_Loss_Down,0.998202454779987,1.03449634221952
FAM169A,-0.382697527132244,-0.425043670218291,-0.397839376496422,5.04300502550571e-10,1.57095938841238e-09,Early_Loss_Down,0.996220110902382,0.425043670218291
UCKL1,-0.603623499322811,-0.63710401778286,-0.530957588953766,4.03361281350034e-33,9.872860539397e-32,Early_Loss_Down,0.988928827929522,0.63710401778286
ATG9A,0.180274966923646,0.180617729754877,0.169840984031993,1.72575173611267e-06,3.92503578790096e-06,Early_Burst_Up,0.99840537632146,0.180617729754877
RMDN2,-0.104588284090419,-0.133426401327316,-0.134683142441314,0.0192314982930564,0.0281273337073489,Early_Loss_Down,0.975864999477153,0.134683142441314
SPP1,0.37890565227717,0.491935669066886,0.389603368169685,0.00021022039228656,0.000391902801211638,Early_Burst_Up,0.971826951652335,0.491935669066886
LDAH,-0.392116166904489,-0.368338812188207,-0.316080572386003,1.98802981955463e-17,1.10516928245382e-16,Early_Loss_Down,0.984693094953342,0.392116166904489
MT-CO3,-0.606378221107148,-0.591478831466243,-0.59734185626914,9.29725078902436e-16,4.52466205065852e-15,Early_Loss_Down,0.999790292404704,0.606378221107148
TSC22D1,0.267128075211992,0.23430032875998,0.215459056285783,2.43440722985767e-07,5.97967442942017e-07,Early_Burst_Up,0.984407741876206,0.267128075211992
UBA52,-1.05182685821165,-1.03306243599885,-0.980374143347992,3.60075655912063e-24,3.51295382004711e-23,Early_Loss_Down,0.998251977975743,1.05182685821165
KDM5A,-0.161877494508735,-0.162666048877744,-0.0900114405409408,1.55956692143023e-05,3.26755184293614e-05,Early_Trough,0.93562119018845,0.162666048877744
RIN2,0.320970772294612,0.345932813619265,0.337634993831666,3.69696053168715e-18,2.18044688481223e-17,Early_Burst_Up,0.99808369950001,0.345932813619265
JAG1,0.239440631410754,0.292695031549718,0.205014083013196,1.91863281195539e-05,3.98374806913492e-05,Early_Burst_Up,0.95950313639792,0.292695031549718
CNOT4,-0.129975098503157,-0.145642405668898,-0.138382276292241,0.000193691660380753,0.000362959242893183,Early_Loss_Down,0.995723464031861,0.145642405668898
USH1C,0.505610630835399,0.545489402918171,0.434338193457966,3.88718703096759e-06,8.58979566428898e-06,Early_Burst_Up,0.98318959405656,0.545489402918171
UBE2R2,-0.236611889313525,-0.251416730213895,-0.221317677068591,1.38875372830907e-06,3.18643742128151e-06,Early_Loss_Down,0.994641455468927,0.251416730213895
ABCA8,-0.969142030149749,-1.07835586109656,-0.962197582449603,7.94451458527176e-36,2.69854083178088e-34,Early_Loss_Down,0.99442370160647,1.07835586109656
CROT,0.166053551287794,0.144776566040511,0.11440461145878,0.017750281113122,0.026089339354186,Early_Burst_Up,0.958076889612117,0.166053551287794
ARHGAP15,0.286619093403667,0.257597285303906,0.342620108114164,0.000149211347683717,0.000282469707785234,Early_Burst_Up,0.972663401628993,0.342620108114164
MBD3,0.240690934014819,0.183018447998624,0.233730852895376,0.000245035215927283,0.000453554952612733,Early_Burst_Up,0.973571205344548,0.240690934014819
DHFR,0.267052563975813,0.271489075188453,0.295407309786205,0.00122138053858784,0.00209357957613347,Early_Burst_Up,0.99601016062606,0.295407309786205
PRORP,-0.206615708554563,-0.195756992201259,-0.166015835330136,0.000158335236751692,0.000299333448488773,Early_Loss_Down,0.983982926284973,0.206615708554563
PHACTR4,-0.211932169419454,-0.20389180315783,-0.179917186956421,1.54423132589005e-09,4.60447620711465e-09,Early_Loss_Down,0.990750645404105,0.211932169419454
NEGR1,-0.539947686847231,-0.602882878950862,-0.557489626659628,3.69141743805903e-14,1.58759565475593e-13,Early_Loss_Down,0.995650192465562,0.602882878950862
INTS2,-0.185509534442503,-0.174448477783165,-0.113735133424234,3.51229240499944e-06,7.79655838741141e-06,Early_Trough,0.937251864543671,0.185509534442503
BNIP1,-0.329247561787837,-0.363943957436842,-0.297642840421956,2.43725879423723e-12,9.0995368710822e-12,Early_Loss_Down,0.986822753338561,0.363943957436842
SHARPIN,-0.162564091921242,-0.136360871033324,-0.121505947836453,0.000411784312656966,0.000742550173332886,Early_Loss_Down,0.971891731081837,0.162564091921242
PSTPIP1,0.258435439840803,0.208736592963333,0.279910168454388,6.10155516065756e-05,0.000120353500940963,Early_Burst_Up,0.972520041308523,0.279910168454388
IRS2,0.276808425707052,0.268939829222115,0.280634573034226,6.80229137288059e-10,2.09351585817723e-09,Early_Burst_Up,0.999375841642578,0.280634573034226
MRPL21,-0.248757065380362,-0.292759128217345,-0.265481682486637,2.26261410000114e-08,6.08187162151468e-08,Early_Loss_Down,0.991031967457802,0.292759128217345
THG1L,0.252921569593144,0.210003289575672,0.216747113198806,1.54085537012977e-06,3.52570755848774e-06,Early_Burst_Up,0.98644364184093,0.252921569593144
GPT,-0.887730699746889,-0.882094971702831,-0.937893207861783,7.64072588351048e-34,1.99956354725076e-32,Early_Loss_Down,0.998459192738544,0.937893207861783
LZTS1,0.302745554527939,0.296446796253769,0.322541329898832,5.07493340739884e-11,1.71124780455321e-10,Early_Burst_Up,0.997391408095911,0.322541329898832
CA9,0.387746518293728,0.435646111209803,0.391928596726127,6.23474294947034e-05,0.00012283506350732,Early_Burst_Up,0.994330151082019,0.435646111209803
EPN3,-0.234931199836078,-0.226508293338453,-0.169172586439578,1.80447791236653e-05,3.75234012661525e-05,Early_Loss_Down,0.963466675076852,0.234931199836078
AIFM2,0.35815024842874,0.288794372397229,0.285506883254432,1.32682855706276e-08,3.63458434887304e-08,Early_Burst_Up,0.977550926901888,0.35815024842874
RCOR3,-0.246531977918508,-0.284877426994401,-0.222669374037736,1.75800461571642e-10,5.68159782989982e-10,Early_Loss_Down,0.979841025408003,0.284877426994401
MRRF,-0.387647766554091,-0.39970158346019,-0.44906469555631,6.22779364957536e-18,3.60405453837318e-17,Early_Loss_Down,0.991789336380738,0.44906469555631
TPX2,0.259939847006063,0.248248396555983,0.304245856447528,0.00295878498244068,0.00483277892519556,Early_Burst_Up,0.984504025124416,0.304245856447528
POLR2G,0.0901214718704686,0.114902360845587,0.149416709207072,0.00202086408337841,0.00336959144497599,Monotonic_Up,0.955949474635002,0.149416709207072
MRPS10,-0.184827879722397,-0.211604284746515,-0.192468030154181,7.3984234625703e-07,1.73729345529091e-06,Early_Loss_Down,0.993481069818493,0.211604284746515
PLEKHG1,0.225909200316673,0.299414771169093,0.322963629590764,3.68922266653216e-12,1.35548393072321e-11,Early_Burst_Up,0.959819658773629,0.322963629590764
EPHA2,0.55359650805589,0.545534640438955,0.480920471112463,3.96402591552241e-12,1.45260342003423e-11,Early_Burst_Up,0.992458263518136,0.55359650805589
PLA2G15,0.543711815114334,0.589590048232641,0.607471549710271,5.73413548842788e-32,1.22672173611046e-30,Early_Burst_Up,0.995743999510317,0.607471549710271
TSPYL5,-0.321573971553514,-0.33805236463347,-0.252807500069918,6.38606053559724e-09,1.80090802362725e-08,Early_Loss_Down,0.971772660600068,0.33805236463347
CDC42BPG,-0.237231963052011,-0.199873641861034,-0.262368589913948,1.57469620179983e-07,3.9400546576603e-07,Early_Loss_Down,0.976594903749006,0.262368589913948
CCPG1,-0.492429648693331,-0.462943670868451,-0.453905046031493,4.53131682438499e-15,2.08801874930963e-14,Early_Loss_Down,0.99755663355874,0.492429648693331
NDUFAF7,-0.243725676106643,-0.258543378131226,-0.265704844897894,2.91996062140832e-11,9.99996390590949e-11,Early_Loss_Down,0.997453115640896,0.265704844897894
BRAT1,0.180262096501226,0.143838176650172,0.217463844030792,2.16274828627751e-05,4.46942916275179e-05,Early_Burst_Up,0.948774025980255,0.217463844030792
VSNL1,1.013989170925,1.00877934518061,0.886438537397181,2.76201046033806e-35,8.67375511355975e-34,Early_Burst_Up,0.992693002550407,1.013989170925
SYVN1,-0.295891011523659,-0.322317038731593,-0.22651251611346,0.000341698512943126,0.000622643973004749,Early_Loss_Down,0.961205390371749,0.322317038731593
ALG13,-0.882992712060896,-0.871404350828447,-0.81794109536902,1.53572012371063e-34,4.43759127413885e-33,Early_Loss_Down,0.997823536608997,0.882992712060896
MIEN1,-0.236293998266799,-0.18172058871411,-0.150049680668601,0.000187776814669239,0.000352113260855657,Early_Trough,0.945119886980107,0.236293998266799
AATF,-0.178092587983607,-0.181458693074938,-0.107212234113457,0.00565474741266013,0.00891434134649698,Early_Trough,0.924308459952086,0.181458693074938
CRTAC1,0.357547989651576,0.264534531462326,0.216966484018525,9.15669623529961e-06,1.95640631759084e-05,Early_Peak,0.95432990074188,0.357547989651576
COX7C,-1.08160909005424,-1.02816411362479,-1.01436031273693,4.92102472704279e-28,6.98852692465019e-27,Early_Loss_Down,0.99845254495825,1.08160909005424
FOXRED1,-0.685754542752329,-0.67886887434776,-0.668956299341058,6.89416799798197e-28,9.65879900323333e-27,Early_Loss_Down,0.999793144557768,0.685754542752329
MRPL2,-0.174600627633077,-0.239249482580875,-0.200612319096917,8.12353799853398e-07,1.9011271997694e-06,Early_Loss_Down,0.967975824391206,0.239249482580875
MT-ATP8,-0.573844455292069,-0.600846017081874,-0.522125454712788,1.33884154924694e-24,1.35876089912598e-23,Early_Loss_Down,0.993396826281664,0.600846017081874
SGTB,0.325245368800234,0.320456127339139,0.353742295245803,2.33279812613895e-14,1.01482205989171e-13,Early_Burst_Up,0.996132267641457,0.353742295245803
LIG4,0.0893971871670082,0.12372369291837,0.133956095076028,0.00459207410753634,0.0073111231534183,Early_Burst_Up,0.949786256112741,0.133956095076028
KLK6,0.582785385758383,0.823324192164395,0.798776605987669,1.92237024364057e-15,9.1260497248014e-15,Early_Burst_Up,0.959373869701897,0.823324192164395
FGFR1OP2,0.169188206789639,0.162523200388626,0.19633224514223,0.000768328983694628,0.0013432844122493,Early_Burst_Up,0.986476869370142,0.19633224514223
TMED8,0.170246705373992,0.13961929215338,0.148667336972084,0.0127199041807799,0.0191419606857957,Early_Burst_Up,0.986161338741008,0.170246705373992
LBH,0.347729371968217,0.377063523045985,0.351246050255349,6.3954083931407e-14,2.69617976938789e-13,Early_Burst_Up,0.997351512838718,0.377063523045985
WDR6,-0.130772626237825,-0.130528450861582,-0.115649676379058,0.00165952190389642,0.00279735492894997,Early_Loss_Down,0.993723669659076,0.130772626237825
CREB1,-0.12099582927928,-0.146638263862232,-0.0895078887329014,0.000723386591971512,0.00126870879207311,Mid_Trough,0.93619444481827,0.146638263862232
NMNAT3,-0.57669568678512,-0.582011539392553,-0.540390712638176,1.77895364400531e-20,1.29749800398003e-19,Early_Loss_Down,0.997874015303295,0.582011539392553
AKAP10,0.117374676126116,0.0892112955836949,0.145320572452162,5.28871352662589e-05,0.000104992065764744,Early_Burst_Up,0.931478923987559,0.145320572452162
SPTY2D1,-0.252194024215186,-0.237039966137198,-0.196041809906811,0.000132402732633793,0.000251622640095553,Early_Loss_Down,0.979108125096911,0.252194024215186
NEFL,-0.255485147981351,-0.439454645741824,-0.32383825636743,0.00123935905770681,0.00212264788603335,Mid_Trough,0.964555911821324,0.439454645741824
NCAPG,0.214678867831931,0.222171802647136,0.338656506927545,0.00119635620874062,0.00205279925136895,Monotonic_Up,0.935985493318135,0.338656506927545
PPOX,-0.0832642051966217,-0.124871423242621,-0.118393066945308,0.00665253973787387,0.0104064728756741,Early_Loss_Down,0.947955853325744,0.124871423242621
MED8,0.0554293623556715,0.103350104248508,0.0833271744394092,0.0164847830154692,0.0244017012192698,Mid_Peak,0.940077202383377,0.103350104248508
RRAS2,-0.189411736478991,-0.208242740263736,-0.229236780316643,1.0040370801797e-05,2.13862210935641e-05,Early_Loss_Down,0.988096694534286,0.229236780316643
COX7A2,0.275635316464009,0.331149798737834,0.302715306768917,0.0209701383491197,0.0305146863684865,Early_Burst_Up,0.98900474933381,0.331149798737834
GNG5,0.456096919481126,0.506102536355899,0.478198594052418,5.2407235909643e-24,5.07131415395406e-23,Early_Burst_Up,0.996387729129522,0.506102536355899
HNRNPCL1,-0.398076555837879,-0.379927059838917,-0.306868557767588,4.53146672585097e-11,1.5317167381207e-10,Early_Loss_Down,0.977048729802995,0.398076555837879
EFHD1,0.415424274524705,0.478543462501768,0.438349502066867,1.82510086074463e-08,4.94577966887556e-08,Early_Burst_Up,0.993169319182312,0.478543462501768
PALS1,-0.140450289006964,-0.152362129785074,-0.10271694592645,0.0199920273481753,0.029198605052916,Early_Loss_Down,0.952143857771716,0.152362129785074
USF1,0.125393830176319,0.137734646136904,0.137186710437383,0.00654973553663894,0.0102514386187529,Early_Burst_Up,0.996379644666426,0.137734646136904
NVL,-0.292113532456309,-0.270588805652397,-0.248299763885605,2.11049686667092e-12,7.90794908799433e-12,Early_Loss_Down,0.991356625196385,0.292113532456309
PHC2,0.328469908501222,0.311074242938686,0.340889177009541,5.53259397308961e-15,2.52979379362922e-14,Early_Burst_Up,0.997211646815171,0.340889177009541
HLA-F,0.329761316942948,0.331128354707156,0.422071420280421,5.66735818143196e-10,1.75852926121837e-09,Early_Burst_Up,0.97253585336424,0.422071420280421
ANAPC4,-0.138993332824961,-0.145791754563146,-0.089740960752603,9.39765958724339e-05,0.000180867999734134,Early_Loss_Down,0.928443416814996,0.145791754563146
MT1F,-0.483704555628665,-0.51672352251611,-0.482489016020059,1.20676366949701e-06,2.7803674577946e-06,Early_Loss_Down,0.997947503553813,0.51672352251611
NTAN1,0.159151579698283,0.159357945861455,0.159022730596202,0.00360930833023032,0.00583462780189913,Early_Burst_Up,0.999998495350058,0.159357945861455
PPP2R5C,0.507031319841963,0.480202050299152,0.477671702611783,2.52346669791726e-18,1.51736198410892e-17,Early_Burst_Up,0.998523093054638,0.507031319841963
VAMP7,0.184601374694513,0.182118446212608,0.158023554194806,0.00272119462078237,0.00446574277936323,Early_Burst_Up,0.990737998833115,0.184601374694513
FKBP14,0.747383195562286,0.786839404337437,0.771251400261708,1.58863741594858e-30,2.95763771264521e-29,Early_Burst_Up,0.999109609909492,0.786839404337437
DVL2,0.203897236168563,0.138595623123238,0.196744357393651,5.0014084840845e-05,9.96688730951897e-05,Early_Burst_Up,0.950925134328275,0.203897236168563
S100A2,1.30252544964507,1.51101670003466,1.37269021672153,9.03240060643745e-11,2.99115152593603e-10,Early_Burst_Up,0.99238151501458,1.51101670003466
SURF6,-0.46107331360884,-0.467184455965149,-0.336942518253488,3.43782230589865e-17,1.87112866119611e-16,Early_Loss_Down,0.961812003258521,0.467184455965149
CLDN18,1.2507805075331,1.34537396203731,1.15957879070217,2.91228542982088e-12,1.08051891872356e-11,Early_Burst_Up,0.992737310237997,1.34537396203731
IKZF1,0.317640487260419,0.2920800599229,0.316345582710729,0.000338213593489389,0.000616698844219698,Early_Burst_Up,0.997111837566506,0.317640487260419
SYNGR2,0.383766142892473,0.377948197034546,0.361961284678182,1.09293273162893e-06,2.52719816410557e-06,Early_Burst_Up,0.998790644548606,0.383766142892473
MCEE,-1.16362984761142,-1.23518473252317,-1.22037890372793,1.42281817093939e-41,9.95016203240132e-40,Early_Loss_Down,0.998695578163065,1.23518473252317
MCF2L,-0.342844258372454,-0.346056307008671,-0.342576572872272,2.22112441364821e-15,1.04742859403183e-14,Early_Loss_Down,0.999957712038222,0.346056307008671
DTNB,-0.364798332409841,-0.406710850870014,-0.41016582956844,8.90714889168668e-09,2.47910679186009e-08,Early_Loss_Down,0.994563523673021,0.41016582956844
KCMF1,-0.109034283520621,-0.0892956969285276,-0.104354920158951,0.0110440175631447,0.0167838411542167,Early_Loss_Down,0.986350950355649,0.109034283520621
GTPBP10,-0.469746839132766,-0.506799811845572,-0.438584619189373,2.36215829767317e-23,2.17695253081241e-22,Early_Loss_Down,0.993084163789502,0.506799811845572
CDKN2C,0.238742434383403,0.146892590055905,0.181538713354588,0.0176847570878823,0.0259976238271254,Early_Burst_Up,0.928269885687354,0.238742434383403
KRIT1,0.174770580049966,0.15873618692211,0.155827453656353,0.000118048440077767,0.000225320898698894,Early_Burst_Up,0.994825081767447,0.174770580049966
NIP7,0.0757441758569935,0.119003781873339,0.197138711831797,0.00598790831211415,0.00940214584404036,Monotonic_Up,0.994380175156194,0.197138711831797
ORC5,-0.0873267760022192,-0.120281204789087,-0.0570406342453212,0.0264095343341159,0.0379585742190868,Mid_Trough,0.960717056595953,0.120281204789087
POLR3E,0.098148139300438,0.0667561131141967,0.143095109082848,0.00516256836139657,0.00817095737990534,Monotonic_Up,0.854165202390975,0.143095109082848
IL1RAP,0.526985643039139,0.570077714913082,0.516496069627153,1.18942690512553e-17,6.74738289328878e-17,Early_Burst_Up,0.996304198104216,0.570077714913082
BLOC1S1,0.389511732380419,0.34835070871537,0.368211207416117,1.82877341839764e-07,4.55251342743199e-07,Early_Burst_Up,0.995869474109634,0.389511732380419
NTMT1,0.224106622876423,0.230589832601373,0.232107533504004,2.93691015295342e-10,9.33573960766936e-10,Early_Burst_Up,0.99954091391807,0.232107533504004
COQ3,-1.11499024286642,-1.12407179056186,-1.10683116645301,1.88169893442944e-49,4.89359329135056e-47,Early_Loss_Down,0.999920280350443,1.12407179056186
MUC4,0.63306226645441,0.61271505585284,0.601517261023643,1.90827000205264e-07,4.74048446480061e-07,Early_Burst_Up,0.999101877654217,0.63306226645441
UCK2,-0.210939370591675,-0.205450740767233,-0.202153533117772,4.42936239570009e-06,9.73874606526186e-06,Early_Loss_Down,0.999382753157155,0.210939370591675
PTP4A2,-0.180930229083036,-0.153903296817426,-0.100817054488831,0.00065505879055287,0.00115569201928789,Early_Trough,0.963143719883544,0.180930229083036
KLHDC4,-0.364788115482295,-0.382563334484278,-0.31577250716878,5.2772876770062e-15,2.41970182082896e-14,Early_Loss_Down,0.987532620173008,0.382563334484278
IRAK1,0.201626372600495,0.217205366676271,0.203922022708804,0.000200208299514271,0.000374412015406238,Early_Burst_Up,0.997818413309687,0.217205366676271
C12orf4,0.173382400536785,0.159582268475091,0.181941905902009,4.1923345364308e-05,8.4231308575995e-05,Early_Burst_Up,0.994288616613133,0.181941905902009
MRPL48,-0.198032397473846,-0.198217150973713,-0.183672731361532,1.11354945502071e-05,2.36281452439631e-05,Early_Loss_Down,0.997524760044397,0.198217150973713
TC2N,-0.842402044474367,-0.769852391895524,-0.719255470053605,2.99178707455934e-20,2.1353046341752e-19,Early_Loss_Down,0.991647817576027,0.842402044474367
PMS2,-0.13638504114135,-0.11775110246132,-0.0701982591156444,0.00729879848025396,0.0113618782178589,Early_Trough,0.969492287630788,0.13638504114135
KIF4A,0.246305035220321,0.301606462588907,0.371094383965828,0.000400209808970141,0.000723559858841955,Early_Burst_Up,0.948685577595173,0.371094383965828
EXOSC1,0.383900907798319,0.305823525951407,0.357892803568966,2.5929862710792e-05,5.30975190647665e-05,Early_Burst_Up,0.9831531381486,0.383900907798319
REG3G,-0.798046969340279,-0.999703735344206,-0.855649211380267,3.24923999228871e-06,7.23579748884845e-06,Early_Loss_Down,0.982102899047422,0.999703735344206
SMYD5,-0.152870818586437,-0.183214459165158,-0.1653795074965,8.99924025056198e-05,0.000173440660873499,Early_Loss_Down,0.989084171020545,0.183214459165158
MED4,-0.14980482246505,-0.139579762341858,-0.084978708371457,0.00240299823114259,0.0039756960794371,Early_Trough,0.94883331288507,0.14980482246505
MRPS18B,-0.382081192775153,-0.404005181649954,-0.379468802964719,2.22147496811605e-15,1.04742859403183e-14,Early_Loss_Down,0.998399867084939,0.404005181649954
VPS13B,-0.127572649419067,-0.157478860674147,-0.140143994277577,0.000321336572315003,0.000586954116506905,Early_Loss_Down,0.985361200877191,0.157478860674147
SSR3,-0.882830833180172,-0.981933443931929,-0.863127365602756,1.55157098705461e-14,6.82822514768296e-14,Early_Loss_Down,0.993525816112961,0.981933443931929
ACY3,-0.931362063126419,-0.956402321039605,-0.981166651536447,1.32104623653837e-29,2.22545481386079e-28,Early_Loss_Down,0.999097108217912,0.981166651536447
ACYP1,0.223702290609418,0.13385769261479,0.154201397721963,0.00902420724730646,0.0138918706459645,Early_Burst_Up,0.911588003864181,0.223702290609418
WWC3,0.10196698221682,0.0936673075820307,0.123867787177753,0.0125740364591275,0.0189395712964451,Early_Burst_Up,0.97255623944894,0.123867787177753
NMT2,-0.250452075491992,-0.258054137085376,-0.21675882132562,8.91299115584079e-07,2.07860774688471e-06,Early_Loss_Down,0.989158811228104,0.258054137085376
WDR41,-0.182980218733328,-0.21136620872675,-0.14180646616808,5.03677320322129e-07,1.20206557491275e-06,Early_Loss_Down,0.952540624767966,0.21136620872675
RBX1,0.0970363569744798,0.113534442655283,0.126012280600137,0.00494157199095375,0.00784205989868747,Early_Burst_Up,0.97834775371584,0.126012280600137
CMIP,0.228385732176909,0.269410217012512,0.249129134080363,1.14600035763158e-10,3.75917027048088e-10,Early_Burst_Up,0.991070558065628,0.269410217012512
RRM2,0.376941080443009,0.373459451078883,0.399819081747848,3.31327711990471e-07,8.02009662357388e-07,Early_Burst_Up,0.99814523347039,0.399819081747848
EPDR1,0.68003567881675,0.723137639431352,0.667565558471335,7.24492287181847e-20,4.97050685402088e-19,Early_Burst_Up,0.997628987607057,0.723137639431352
LPIN1,0.135232943709183,0.142185189841434,0.132757920066888,0.00128522584959611,0.00219668299863193,Early_Burst_Up,0.998300477218461,0.142185189841434
CLIC5,-0.217193138114556,-0.131998431279526,-0.248042351500892,0.0296229835086257,0.0422561653683207,Early_Loss_Down,0.896913081958542,0.248042351500892
GTPBP6,-0.157923430988304,-0.204275981752402,-0.160624507075228,4.23443830311865e-05,8.49951653607173e-05,Early_Loss_Down,0.97154654574272,0.204275981752402
PRNP,0.476647404574696,0.41478179319052,0.42396217590179,3.7282146027441e-12,1.36860176109556e-11,Early_Burst_Up,0.992358565592608,0.476647404574696
KANK3,-0.60414331184082,-0.640303602861211,-0.571293446747247,2.28562910542399e-25,2.52938901799714e-24,Early_Loss_Down,0.995691176047783,0.640303602861211
MMP12,0.952851540779249,0.973216767633781,0.766304660940469,1.21778157187754e-15,5.86141020310289e-15,Early_Burst_Up,0.979143081474549,0.973216767633781
NAB2,0.339665920672327,0.292405647225632,0.353769087055303,8.63213349363037e-12,3.08709131645861e-11,Early_Burst_Up,0.987484498777636,0.353769087055303
ATXN1,0.455378150875842,0.454429332481371,0.460334778112516,4.60512995557173e-30,8.18983108323e-29,Early_Burst_Up,0.999935719163637,0.460334778112516
MRPL4,-0.436405296415035,-0.462928277253262,-0.411287225516019,3.28093491251997e-21,2.56375026685363e-20,Early_Loss_Down,0.995373607808015,0.462928277253262
NADK,0.510915501288153,0.554500120893081,0.617274590067344,7.27417807716185e-21,5.50825386334312e-20,Early_Burst_Up,0.988100109882201,0.617274590067344
LENG8,0.131446895266899,0.0896108543814582,0.127518146819816,0.0208875536464658,0.030405146308534,Early_Burst_Up,0.951116813279615,0.131446895266899
COMMD1,0.152301769199788,0.173737847564796,0.116109751361599,0.00273183651363876,0.00447967358945847,Early_Burst_Up,0.951667883255676,0.173737847564796
SPON2,1.31895911891226,1.41582939696675,1.24128497493707,4.6056728514199e-30,8.18983108323e-29,Early_Burst_Up,0.994245461959982,1.41582939696675
MRPL27,0.134964838374558,0.112431748823872,0.141514939078867,0.0132367074249928,0.0198658032805753,Early_Burst_Up,0.982030683884956,0.141514939078867
CEP97,0.287581154070807,0.277000654433811,0.337007209311972,7.59546484294736e-18,4.37435698429121e-17,Early_Burst_Up,0.985189971841189,0.337007209311972
SPINT2,0.374038228621832,0.406248637540053,0.423446683213828,3.63489592142416e-07,8.77563210272465e-07,Early_Burst_Up,0.994830501500416,0.423446683213828
LENG9,-0.471978422331595,-0.461788909095172,-0.435124926991652,1.83921617621641e-14,8.05576685182787e-14,Early_Loss_Down,0.997688795414393,0.471978422331595
PLAC9,0.397807248700062,0.270063050055238,0.230835644378168,0.0205430171023146,0.0299507688026388,Early_Peak,0.959315758402256,0.397807248700062
PHYH,-0.383534200348362,-0.414811122110902,-0.401162766467171,6.93523070339567e-17,3.70918958314002e-16,Early_Loss_Down,0.997955592021022,0.414811122110902
PTPN7,0.413334881806669,0.353328932914524,0.408166150145213,2.69851870340512e-09,7.85761814196551e-09,Early_Burst_Up,0.990522731389547,0.413334881806669
TPPP,-0.864053982337224,-0.973563195100549,-0.980538956381582,9.86526418176062e-32,2.07320021516697e-30,Early_Loss_Down,0.993612551835479,0.980538956381582
NFIB,-0.423716782497701,-0.536427005128882,-0.453988867387161,3.01392309781909e-21,2.3662139641557e-20,Early_Loss_Down,0.980186440883846,0.536427005128882
WDR35,-0.16155671986171,-0.164042638167109,-0.135618197587664,0.000229950667599509,0.000427153896375695,Early_Loss_Down,0.986306390753558,0.164042638167109
TECPR2,-0.165075554961414,-0.173323347473403,-0.125101313472965,0.00227884441626577,0.00377779745660632,Early_Loss_Down,0.964792978521956,0.173323347473403
FCGR3A,0.602791944926605,0.705077907010731,0.671411486130026,3.73364199532258e-19,2.42366370398397e-18,Early_Burst_Up,0.991778698987169,0.705077907010731
CIAO2B,0.283520799046253,0.286676418621356,0.319821428320502,1.58207360820997e-09,4.7122464450692e-09,Early_Burst_Up,0.993929769461724,0.319821428320502
FDX1,0.269223904958601,0.26755817059244,0.16800709810261,0.0121073826553687,0.0182896421234304,Early_Burst_Up,0.927546971761621,0.269223904958601
TNFAIP3,0.132369661654909,0.131626531979245,0.205621701547267,0.000106213402811179,0.000203524738244217,Monotonic_Up,0.929001129270686,0.205621701547267
STXBP6,-0.625203488987039,-0.646116091499424,-0.670234894711241,2.55906448314592e-20,1.83590815765003e-19,Early_Loss_Down,0.99838736968406,0.670234894711241
UTP11,-0.185254834683523,-0.1955250977158,-0.13948395492103,0.000290138843124765,0.000532539799842147,Early_Loss_Down,0.96272762773708,0.1955250977158
DENND1A,0.0566362941210085,0.0729326178931291,0.105779234145979,0.0281075318805833,0.0402600482461642,Monotonic_Up,0.973816551038441,0.105779234145979
ETV6,0.498852181620571,0.545376637411559,0.539663478465667,8.5346651948338e-25,8.88929709028873e-24,Early_Burst_Up,0.996934704896518,0.545376637411559
NR2F2,0.138111670862771,0.100044630923551,0.157631567653832,0.0186844524976705,0.0273801749754558,Early_Burst_Up,0.940133430042048,0.157631567653832
CYP7B1,-0.450017532093269,-0.466958751392896,-0.393778705005715,2.87209454335217e-12,1.06655826817388e-11,Early_Loss_Down,0.989904975201723,0.466958751392896
RGS14,0.408978456868929,0.323798316270934,0.365999575518674,1.98903876719636e-07,4.93082532636523e-07,Early_Burst_Up,0.982443585707913,0.408978456868929
IDO1,0.0467219555616202,0.172615043667617,0.327664872781126,0.0278511490879612,0.0399203001567367,Monotonic_Up,0.976015557354672,0.327664872781126
SPRR1A,0.918163253530123,0.923391458151112,0.86554239165737,3.61423620413245e-13,1.44188272726703e-12,Early_Burst_Up,0.99832776027762,0.923391458151112
PTTG1IP,0.905491847461413,1.00348556472333,0.805864166143184,2.73338099935294e-27,3.57098848926454e-26,Early_Burst_Up,0.984472477109897,1.00348556472333
SULF2,1.07624256410655,1.11968972219488,1.06845169165298,8.29440602681661e-50,2.46521596268456e-47,Early_Burst_Up,0.99914269493763,1.11968972219488
RAB4B,0.129936758144789,0.138652831321523,0.120443208679689,0.0227569419990878,0.0329534141841672,Early_Burst_Up,0.993487379905726,0.138652831321523
VARS2,-0.355158338825719,-0.373107902624715,-0.281642881927349,6.01205520240609e-12,2.16871796248043e-11,Early_Loss_Down,0.973460455223994,0.373107902624715
ZNF787,-0.203008813121302,-0.185670032667578,-0.173133681485741,2.06528852364448e-05,4.27545549596253e-05,Early_Loss_Down,0.991552032834093,0.203008813121302
UBE2J1,-0.577718315557119,-0.537195046945271,-0.481808980663071,8.07169080838319e-17,4.29492397105914e-16,Early_Loss_Down,0.98926481849405,0.577718315557119
STARD7,-0.111727181711663,-0.110945666927985,-0.130228619656089,0.0109038199369887,0.0165859238741766,Early_Loss_Down,0.988715687906351,0.130228619656089
REEP3,0.15116782274964,0.190801136645226,0.184858947633878,0.000135992255984233,0.000258326307760964,Early_Burst_Up,0.980813634536894,0.190801136645226
CDC42EP5,0.250703314053397,0.329152598105918,0.224446135294627,1.16679963990034e-07,2.96672979017739e-07,Mid_Peak,0.951417716004136,0.329152598105918
PLEKHO1,0.126975995524438,0.135583631447715,0.177531453844208,0.0196395773058608,0.0286989573905835,Early_Burst_Up,0.957538202836022,0.177531453844208
STARD13,-0.167377492019794,-0.190777864526036,-0.139997425435993,4.68605589741092e-05,9.36311096716775e-05,Early_Loss_Down,0.970153848176536,0.190777864526036
GATB,-0.299143526578208,-0.298181929588211,-0.303827164429883,1.07071215226118e-11,3.78502735447785e-11,Early_Loss_Down,0.999865237385191,0.303827164429883
PRSS23,0.634842537194309,0.681046793569219,0.521051339940255,2.92547780389141e-20,2.09156583195742e-19,Early_Burst_Up,0.976726101107196,0.681046793569219
ENDOG,-0.386186992174067,-0.335199225978172,-0.349527367339311,1.07747057552079e-11,3.80590412966216e-11,Early_Loss_Down,0.992842199233893,0.386186992174067
INPP5A,-0.248149926013968,-0.233223820446976,-0.256319140288232,1.74771292320351e-05,3.63975649321813e-05,Early_Loss_Down,0.996989276581649,0.256319140288232
RCL1,0.269467606084556,0.254179781385707,0.249953150446033,6.41077805361748e-07,1.5165007095567e-06,Early_Burst_Up,0.997893257504946,0.269467606084556
HAPLN1,0.699069335183015,0.633683578704581,0.465144974719434,6.78599187089891e-07,1.59980238950767e-06,Early_Burst_Up,0.949947747489815,0.699069335183015
ERI1,0.354093916871376,0.329224748494858,0.347389759045397,1.74476686157466e-12,6.59697856520871e-12,Early_Burst_Up,0.998135074775193,0.354093916871376
CCDC102A,0.130883982431186,0.132224548355494,0.133283535612314,0.00913767641810838,0.0140509503236323,Early_Burst_Up,0.999889579669633,0.133283535612314
RPP38,-0.136637011201279,-0.128339379188581,-0.112315438805006,0.00484100492379974,0.00769273304866555,Early_Loss_Down,0.987357830789281,0.136637011201279
RECQL5,0.112496972902775,0.146513392602108,0.167387589720407,0.0319459942361196,0.0453521944785034,Early_Burst_Up,0.952886749777162,0.167387589720407
EVI5,0.0723804845691166,0.0786450289255559,0.111787048779703,0.0021723069196433,0.00361125413209579,Monotonic_Up,0.936561437654792,0.111787048779703
PIGO,-0.410260859815092,-0.399107128262675,-0.380625913811223,4.76292850631409e-09,1.35604143104844e-08,Early_Loss_Down,0.99810692887665,0.410260859815092
GRK6,0.329220901360386,0.315002583635925,0.344435807786706,6.69142731557029e-06,1.44751905693205e-05,Early_Burst_Up,0.997350639950934,0.344435807786706
SLC37A4,-0.905854556966189,-0.916397210369497,-0.855236177910003,3.52451714454306e-29,5.60169404586601e-28,Early_Loss_Down,0.998215392091772,0.916397210369497
DEFA1,0.941438503297502,1.02246477718733,1.06196860006713,4.96017927684545e-08,1.30011376194985e-07,Early_Burst_Up,0.995088076170452,1.06196860006713
ORC4,-0.137859623470006,-0.166045114739216,-0.111334153099006,5.07586279400184e-05,0.000101007484867727,Early_Loss_Down,0.951650698542771,0.166045114739216
MRPL30,-0.412196611810838,-0.466499257375172,-0.437811862832953,5.01716790713471e-22,4.18785068437062e-21,Early_Loss_Down,0.994929317239507,0.466499257375172
TRIAP1,-0.46390674799913,-0.467045172083134,-0.454924510186178,4.7051002464695e-16,2.35594730752823e-15,Early_Loss_Down,0.999752841702467,0.467045172083134
BCL10,0.385391550203824,0.385648516139573,0.404062262014551,7.37293076634824e-12,2.6481454396871e-11,Early_Burst_Up,0.999005403914389,0.404062262014551
CAMKK2,0.176523016376003,0.20579175363036,0.219258540082872,2.78769252202931e-08,7.44517880883436e-08,Early_Burst_Up,0.984536363088039,0.219258540082872
MTA3,0.127136869630678,0.10727692570755,0.13083008349857,0.0214814202872004,0.03119867009251,Early_Burst_Up,0.985870626955552,0.13083008349857
NPR3,1.03770526923404,1.14933859257176,0.935268420988665,6.99888908303526e-31,1.35138642573131e-29,Early_Burst_Up,0.986181130779891,1.14933859257176
PTS,0.637947347517898,0.638038464398572,0.564703362142645,1.37315219743267e-18,8.51518076530156e-18,Early_Burst_Up,0.993718311463369,0.638038464398572
APC,-0.187257539225653,-0.185389717866474,-0.16622410505723,1.34378156168737e-07,3.39804015690134e-07,Early_Loss_Down,0.994445628109273,0.187257539225653
DDX51,-0.154413358045711,-0.139630267848761,-0.0767226004159999,0.0040129316696821,0.00643336878348959,Early_Trough,0.965138859195049,0.154413358045711
LPCAT4,0.554342466181188,0.600996111626358,0.520857714501938,3.769098058913e-18,2.21984671240439e-17,Early_Burst_Up,0.993151973192232,0.600996111626358
SIDT2,-0.939093037261233,-0.960703891773449,-0.94202209686235,6.96581487946248e-31,1.3481281727183e-29,Early_Loss_Down,0.999795846467008,0.960703891773449
MAP6,-0.446870604027478,-0.523344877933666,-0.535939056775833,9.83383601373877e-13,3.78525362193959e-12,Early_Loss_Down,0.98793187377908,0.535939056775833
CNOT11,-0.108638940533803,-0.114027747625737,-0.056231087195447,0.00115523802028758,0.00198757304214043,Early_Trough,0.929511335721925,0.114027747625737
MOB2,0.340050916851199,0.279318286429122,0.271882018334658,4.06367999453434e-08,1.07188414942994e-07,Early_Burst_Up,0.979520126862424,0.340050916851199
CNOT6L,-0.102116012795937,-0.122423991912824,-0.0706104587799662,0.0201582751246409,0.0294207586087796,Mid_Trough,0.932244558216654,0.122423991912824
RNASE6,0.57644799013366,0.630521624108146,0.624723298875857,7.42682004347673e-20,5.09110349273586e-19,Early_Burst_Up,0.996862560251887,0.630521624108146
EDIL3,0.532885649302363,0.518434861762929,0.454760352002049,8.80523855908382e-13,3.41141505068415e-12,Early_Burst_Up,0.990982750167288,0.532885649302363
SPAG1,0.14193485590997,0.231939405741849,0.179331706484372,6.9934798250079e-05,0.000136843966855668,Mid_Peak,0.953393264103105,0.231939405741849
MNAT1,0.107371080779658,0.126762748522352,0.162137494339554,0.00441911868573301,0.00705059541845669,Early_Burst_Up,0.945816798808066,0.162137494339554
ZFYVE26,0.125374789325546,0.0732996348339189,0.123085657749783,0.0149550959927378,0.0222800409687727,Early_Burst_Up,0.91258842448231,0.125374789325546
TRPS1,0.414358343973602,0.370561284935165,0.376483250709784,2.01149352577575e-07,4.98500569431381e-07,Early_Burst_Up,0.995014354577826,0.414358343973602
MAP4K3,-0.0866203876735728,-0.123215791336928,-0.0717086548396344,0.00357534925807801,0.00578422560764487,Mid_Trough,0.973468910423482,0.123215791336928
DCAF6,0.265663845640792,0.267770093308693,0.274947205438323,2.98438392741921e-07,7.26625015915233e-07,Early_Burst_Up,0.999565295642075,0.274947205438323
RGS3,0.256518238920398,0.27885667304064,0.23918403625201,3.34067816260401e-08,8.86515423124699e-08,Early_Burst_Up,0.992180582234214,0.27885667304064
FUT3,0.474565737203657,0.456217776577058,0.361521257053382,4.76603025652561e-05,9.51376920000147e-05,Early_Burst_Up,0.974558844240757,0.474565737203657
PCMTD1,-0.322063872443272,-0.336141190836931,-0.288169053213157,5.50042731025817e-10,1.70864337722913e-09,Early_Loss_Down,0.991951159068504,0.336141190836931
WDR89,-0.197614365805598,-0.25602932375826,-0.157492734766147,1.40561239890258e-07,3.5457733809237e-07,Mid_Trough,0.953708323844341,0.25602932375826
SMPDL3A,-0.203517590844009,-0.222937664010409,-0.220084214412748,0.0123450400718123,0.0186148620180508,Early_Loss_Down,0.996858343512336,0.222937664010409
RNASEH2C,-0.155994854453426,-0.182269030683188,-0.10173746744019,0.000308664056019848,0.000564798213323916,Mid_Trough,0.922798751152353,0.182269030683188
PRTFDC1,0.416510239071827,0.421571200047825,0.410881315289315,2.28292188736116e-17,1.25984588505435e-16,Early_Burst_Up,0.999780095803927,0.421571200047825
RPS27,-0.797161575366584,-0.834110151217945,-0.754510161984054,1.38571267824747e-32,3.22120137105459e-31,Early_Loss_Down,0.996671445782167,0.834110151217945
PAIP2B,-2.05774824466371,-2.03656810806304,-1.95920054713144,1.0905375502538e-39,5.97069308763957e-38,Early_Loss_Down,0.999119953813712,2.05774824466371
FADD,0.291710142326161,0.248770506642787,0.239767912007831,2.79686812233381e-07,6.8276727820657e-07,Early_Burst_Up,0.98515036152311,0.291710142326161
SNAPIN,0.105792290788013,0.0996120831367025,0.145600611501163,0.0188143362119991,0.0275608002035304,Early_Burst_Up,0.944340502156458,0.145600611501163
MSR1,0.3033846624011,0.329787930017812,0.327072468583781,4.04341229668255e-10,1.27026338742892e-09,Early_Burst_Up,0.9972660863594,0.329787930017812
PLEKHF1,0.418603788130871,0.406171271147909,0.432636621475132,1.33378844072322e-13,5.50311720560169e-13,Early_Burst_Up,0.998672040566414,0.432636621475132
NEK6,0.344438648978618,0.350322562070955,0.363348162638081,4.31882418966288e-17,2.33688263370445e-16,Early_Burst_Up,0.998997830974717,0.363348162638081
GIGYF1,-0.148005360330989,-0.163220313334689,-0.153879451358461,0.000462404555969944,0.000829159817880171,Early_Loss_Down,0.996749946976589,0.163220313334689
GALNT10,0.298271113731076,0.271275478244301,0.190110208866218,2.96356634161472e-08,7.89967940260016e-08,Early_Burst_Up,0.939970755409798,0.298271113731076
SENP1,0.119851836978294,0.104968478200627,0.166392135200544,0.0127526921420327,0.019187832942686,Early_Burst_Up,0.928074338057978,0.166392135200544
PIK3C2B,-0.0574052403733391,-0.0994415709283001,-0.1169921701093,0.0153943731648502,0.022860808971785,Monotonic_Down,0.974992353994286,0.1169921701093
AGAP1,-0.224399332080932,-0.217067320396027,-0.222558522630318,6.1826203834809e-08,1.60485860359726e-07,Early_Loss_Down,0.999604252062773,0.224399332080932
KCTD10,0.341426778596075,0.338941684443015,0.363009612552427,2.27471704401453e-18,1.37374421192227e-17,Early_Burst_Up,0.998074246832851,0.363009612552427
SELENOO,-0.336532503585714,-0.348421266021399,-0.33146386058303,7.10012069120546e-13,2.77274539616198e-12,Early_Loss_Down,0.999121118769164,0.348421266021399
POLR3C,-0.193981168359778,-0.179069778090256,-0.163141170396064,1.67625808811107e-05,3.50058213532254e-05,Early_Loss_Down,0.990217336982107,0.193981168359778
TTC39B,0.222095197465399,0.191051749038138,0.177629201699175,4.95021278898613e-05,9.86722654609403e-05,Early_Burst_Up,0.982580910877197,0.222095197465399
LRRC15,0.769414092364995,0.806096392641917,0.72008558752783,2.96277798940572e-15,1.38440417899127e-14,Early_Burst_Up,0.995784957053413,0.806096392641917
TTC21B,-0.211728314031832,-0.209068696807648,-0.196285030068603,5.39684770866711e-07,1.28431703264306e-06,Early_Loss_Down,0.997858781388173,0.211728314031832
FNTB,0.414549954740242,0.444195207201379,0.415947418280604,8.39310120391044e-20,5.71582554983165e-19,Early_Burst_Up,0.997940049611215,0.444195207201379
CCDC12,-0.257521187203809,-0.309545736148431,-0.267170177204182,1.73963236907849e-08,4.72339986149143e-08,Early_Loss_Down,0.987050034316437,0.309545736148431
COQ6,-0.436740933781875,-0.458921686789997,-0.398632258962936,2.59087344402055e-18,1.55452406641233e-17,Early_Loss_Down,0.993405032596413,0.458921686789997
FASTKD2,-0.411750778909171,-0.447303163435809,-0.378031507779409,9.02168922660808e-21,6.78215878444738e-20,Early_Loss_Down,0.990721937198906,0.447303163435809
XPNPEP3,-0.632786733959604,-0.672854758626488,-0.602017528470425,1.11115710106283e-23,1.05080106761873e-22,Early_Loss_Down,0.995865429695916,0.672854758626488
SLC25A46,-0.106850076973114,-0.139925184171805,-0.134229093849258,0.0142050549331825,0.0211929844306103,Early_Loss_Down,0.975113955842284,0.139925184171805
COL8A1,1.28379278132831,1.23275507589069,1.12922764255781,7.68389110463012e-45,8.88129746843498e-43,Early_Burst_Up,0.994447129389559,1.28379278132831
TGFB3,0.787070273680801,0.797965208446905,0.769960710044702,1.61426340101408e-25,1.81539189503232e-24,Early_Burst_Up,0.999569089656154,0.797965208446905
TAMM41,-0.432731962297806,-0.46737065486549,-0.367947728830222,6.59520291073544e-23,5.93354363493409e-22,Early_Loss_Down,0.98151759627815,0.46737065486549
RAB29,0.173287946344244,0.144535847642364,0.13573534661452,0.0220972508514946,0.0320595051579738,Early_Burst_Up,0.978231740038997,0.173287946344244
TSSC4,0.361206201791587,0.321398004928733,0.248594851030937,1.0335649065431e-06,2.39591285578041e-06,Early_Burst_Up,0.957713119797598,0.361206201791587
MTSS1,-0.345569586299171,-0.372876912087005,-0.37312562083517,1.78143734128314e-11,6.18228588580413e-11,Early_Loss_Down,0.997483222816024,0.37312562083517
NMRK1,-0.483525480761108,-0.456338089616706,-0.411858144274146,2.21162786234311e-15,1.0439686370062e-14,Early_Loss_Down,0.9915124942403,0.483525480761108
SUZ12,0.120949562929067,0.107046335074537,0.144555159152748,0.00934532358798012,0.0143596349518409,Early_Burst_Up,0.970290223734358,0.144555159152748
BAD,0.166845351155078,0.136798213247496,0.150744674938057,0.0287095882379489,0.0410658634094553,Early_Burst_Up,0.987112821735249,0.166845351155078
NT5DC3,-0.378709062540307,-0.420216863649244,-0.398873027705467,1.22579151704894e-11,4.30969032736852e-11,Early_Loss_Down,0.996415818252112,0.420216863649244
RARS2,-0.691602656096555,-0.713046294367076,-0.663364754962579,2.29491718485489e-35,7.34550031244709e-34,Early_Loss_Down,0.998262317615842,0.713046294367076
TENM3,0.355743229177172,0.377717746163062,0.357621879994532,2.77749327139332e-13,1.11555497126135e-12,Early_Burst_Up,0.998507704688679,0.377717746163062
CDHR2,0.231096855775007,0.340592632614207,0.226720584830713,0.0064323454138794,0.0100771796939579,Mid_Peak,0.971563317867209,0.340592632614207
ALG11,-0.166192404871843,-0.208912700047929,-0.182110854697854,0.00246002470710232,0.00405874813887897,Early_Loss_Down,0.982457491909198,0.208912700047929
FUT11,0.419961575500658,0.405316915201985,0.342585976204005,4.97539791808472e-15,2.28884806380879e-14,Early_Burst_Up,0.985459321109036,0.419961575500658
KIF1A,-0.950791019355912,-1.03683781879396,-1.03235433812558,6.06709552406922e-34,1.60286885559695e-32,Early_Loss_Down,0.996927319477156,1.03683781879396
ZNF652,-0.189346609266876,-0.220660120217491,-0.182706075140685,3.00643874724949e-05,6.10978834056417e-05,Early_Loss_Down,0.986254626866599,0.220660120217491
PLCL2,-0.371003713934444,-0.395249267408125,-0.291543109813462,7.42010525748889e-21,5.60854822459787e-20,Early_Loss_Down,0.96985949621355,0.395249267408125
EPB41L4B,-0.768658333784912,-0.768048512157799,-0.73592520920257,1.34120969566755e-22,1.16874838610946e-21,Early_Loss_Down,0.999186359288905,0.768658333784912
ADH6,-0.257387792219242,-0.387041446405436,-0.460808697025784,0.0028037830035111,0.00459131880267992,Monotonic_Down,0.964041406742199,0.460808697025784
TENT4B,-0.181135045261674,-0.239711807010749,-0.197041405691009,4.3992908423424e-08,1.15747386626536e-07,Early_Loss_Down,0.972352165317337,0.239711807010749
HOMER2,-0.955052607587616,-0.990417204034113,-0.933068221625423,1.69052101537316e-29,2.80249320516643e-28,Early_Loss_Down,0.998789821616703,0.990417204034113
PNKD,0.243882617341109,0.252409904499902,0.250037946945377,1.54297577313027e-07,3.86882928110579e-07,Early_Burst_Up,0.999582929009025,0.252409904499902
HLA-DMB,0.394801951583982,0.375468480794605,0.389928641150936,4.57920516387625e-08,1.20252904303497e-07,Early_Burst_Up,0.999099878611388,0.394801951583982
PLEK2,0.595354441143839,0.69712730403937,0.640959467160339,3.66831788228861e-24,3.57467698084377e-23,Early_Burst_Up,0.991760770948839,0.69712730403937
ZBTB7A,0.326724760676596,0.318140238538498,0.293795331044248,1.46406603738651e-12,5.57363109017866e-12,Early_Burst_Up,0.996049525283944,0.326724760676596
PLSCR1,0.659035331842751,0.729355517190824,0.744581380774509,7.02733042617342e-26,8.20216603178334e-25,Early_Burst_Up,0.994552071272232,0.744581380774509
GSTA4,-0.956372326821051,-0.964019249398185,-0.954431293639445,8.07564433199195e-34,2.10675586617044e-32,Early_Loss_Down,0.999962693129486,0.964019249398185
COLEC12,0.412732272895845,0.322137977588183,0.350544055132944,6.37247185235318e-06,1.38139387223973e-05,Early_Burst_Up,0.978824139667157,0.412732272895845
SEMA3C,0.625351631972143,0.651663967666711,0.578093032903375,3.14985596042396e-21,2.46363734047446e-20,Early_Burst_Up,0.995189048570541,0.651663967666711
LDLRAP1,-0.552918705243093,-0.546007532930614,-0.503401021016993,3.49374131239312e-27,4.52880299092454e-26,Early_Loss_Down,0.996655483000108,0.552918705243093
TATDN3,-0.778109734824317,-0.796372040811062,-0.703383916146069,3.62388471051483e-39,1.80586638089248e-37,Early_Loss_Down,0.994432970687334,0.796372040811062
MLLT1,-0.215964482391555,-0.20773701452009,-0.20116648133311,9.8351242713556e-07,2.28306566767702e-06,Early_Loss_Down,0.99831475485346,0.215964482391555
GLE1,-0.195412370821855,-0.143105206206795,-0.0946145109945245,0.000105693045292857,0.000202576497052572,Early_Trough,0.986093315123683,0.195412370821855
SERPINA10,0.450691922320459,0.391041327425877,0.386280172843036,1.54153641330163e-07,3.86638518128274e-07,Early_Burst_Up,0.989903471309622,0.450691922320459
AGA,-0.408927068433589,-0.414942222212274,-0.354773179382357,5.45058088262277e-14,2.31073530846595e-13,Early_Loss_Down,0.990646634961813,0.414942222212274
DCAF5,-0.285586489893977,-0.268225776131479,-0.271748827502577,6.70395212110447e-10,2.06477755558221e-09,Early_Loss_Down,0.998520533228026,0.285586489893977
C1orf35,0.201574632433168,0.198874116617713,0.222763003892098,6.0085753802155e-06,1.30591183896979e-05,Early_Burst_Up,0.994753537546506,0.222763003892098
PTPN14,0.163072880647654,0.161614659362706,0.179693528573052,0.00421927164864736,0.00674337980795916,Early_Burst_Up,0.995275693615715,0.179693528573052
MAPK8,0.0798103109690874,0.131712248622099,0.156726850707248,3.01596472012272e-06,6.74881914516303e-06,Monotonic_Up,0.973546622818855,0.156726850707248
HMG20A,0.106147368981021,0.083243434464095,0.115128585518604,0.021790081432655,0.0316248792609966,Early_Burst_Up,0.966753943097586,0.115128585518604
DPCD,0.179972609856015,0.182190185326274,0.143861840284352,0.000353559662243823,0.000642709372912428,Early_Burst_Up,0.978983875644927,0.182190185326274
CASC3,-0.268561571729848,-0.238364590031829,-0.213371478351423,9.6921002056372e-09,2.68858859704376e-08,Early_Loss_Down,0.982790056632938,0.268561571729848
TRMU,-0.607993025522117,-0.586030173480328,-0.555923020711884,1.14632995300911e-23,1.08283290226354e-22,Early_Loss_Down,0.997332931666165,0.607993025522117
VASN,0.285220177245552,0.24374641705187,0.257672707892717,5.3056562151331e-06,1.15828098169826e-05,Early_Burst_Up,0.991471471433436,0.285220177245552
C12orf29,-0.484254721111532,-0.538550885261795,-0.464602542896886,2.25007354467315e-20,1.61981938051643e-19,Early_Loss_Down,0.992136134339335,0.538550885261795
CDYL,0.358400421963803,0.329520375707665,0.37096989339084,7.69714632155774e-18,4.42985143070564e-17,Early_Burst_Up,0.995200681341894,0.37096989339084
C1QTNF5,0.812012003816005,0.840013128706402,0.708319624459212,7.56057383889466e-25,7.90837226656478e-24,Early_Burst_Up,0.989791164784047,0.840013128706402
MXRA8,0.481225481409059,0.501435433103433,0.510818947693482,1.33399129243841e-18,8.27850524658646e-18,Early_Burst_Up,0.998771800826952,0.510818947693482
NACC1,0.230755219194148,0.23303492224085,0.242234572562777,2.86078151906679e-07,6.9734691861962e-07,Early_Burst_Up,0.999112040261958,0.242234572562777
MGP,0.869154555285874,0.730869069689217,0.710745034978126,5.59594565215248e-12,2.02563983110974e-11,Early_Burst_Up,0.983694423107741,0.869154555285874
CARD6,0.618473897813422,0.563853390558997,0.547174654533042,3.94877526497378e-23,3.6151493679991e-22,Early_Burst_Up,0.994466420174193,0.618473897813422
REEP6,-0.629356471123022,-0.660756032301999,-0.636981692803211,2.15782626911437e-11,7.44195201474089e-11,Early_Loss_Down,0.999134442735735,0.660756032301999
GANC,0.233422442957135,0.22122850036655,0.186532270442376,0.00599002627753476,0.00940369716688253,Early_Burst_Up,0.983159225712252,0.233422442957135
C11orf96,0.769884552431954,0.820212142880952,0.716869483941241,1.38761709959947e-15,6.65576340222869e-15,Early_Burst_Up,0.994032466539012,0.820212142880952
LIX1L,0.454464596967531,0.388610696356275,0.390383844342829,7.25850886826662e-14,3.04155643513166e-13,Early_Burst_Up,0.98907849212103,0.454464596967531
GPSM3,0.280895999602954,0.307790959001031,0.367789399953833,5.42578169377472e-07,1.29046456860798e-06,Early_Burst_Up,0.975011271387652,0.367789399953833
SYDE1,0.447025826790616,0.495093992466374,0.47159392034001,1.68044389090867e-21,1.34856837609855e-20,Early_Burst_Up,0.996549100901439,0.495093992466374
BBS2,0.192653647535927,0.17676626783013,0.189458734791673,0.00037857782587191,0.000685641929685752,Early_Burst_Up,0.997297873000726,0.192653647535927
TIMMDC1,-0.313355178572118,-0.303549532000782,-0.252084574185444,8.33168049308915e-08,2.13736883672898e-07,Early_Loss_Down,0.983219691300091,0.313355178572118
MRPS16,-0.46330312810256,-0.449903652487486,-0.435283401550586,6.19445496098669e-20,4.26740514779232e-19,Early_Loss_Down,0.998706445125092,0.46330312810256
MRPL40,-0.648111627118972,-0.692829203091957,-0.624830872474413,1.04758891663395e-31,2.19046104628838e-30,Early_Loss_Down,0.996311937772116,0.692829203091957
PRKD1,0.152953837423395,0.115353464129698,0.191095659698991,0.00174408305733054,0.00293158133773071,Early_Burst_Up,0.927239599874683,0.191095659698991
SIRT1,-0.203056878433985,-0.199054230554075,-0.176901161309727,1.66570939740273e-06,3.79677721314311e-06,Early_Loss_Down,0.992970378622588,0.203056878433985
PITPNC1,-0.213628755274854,-0.232987869856341,-0.203382645796511,1.64810864452391e-06,3.75871749512962e-06,Early_Loss_Down,0.993641145295977,0.232987869856341
AGPAT1,0.170462322368625,0.169719572301387,0.251573476950689,6.23450985755317e-05,0.00012283506350732,Early_Burst_Up,0.931819711790883,0.251573476950689
UQCC1,-0.290114332342138,-0.356694769017672,-0.269548150724015,1.16026728510473e-12,4.43534421067596e-12,Early_Loss_Down,0.971602915445119,0.356694769017672
ENGASE,-0.442045882914763,-0.490120353391595,-0.417810001867891,2.56465953206493e-21,2.02688476978579e-20,Early_Loss_Down,0.991198397950523,0.490120353391595
TRMT112,0.221681838546021,0.226487434679579,0.210466425616809,0.0253727394282694,0.0365504479006504,Early_Burst_Up,0.998135467215372,0.226487434679579
COL10A1,1.11285978784626,1.06443882948631,0.937888230703732,7.15729332045113e-31,1.37877303270357e-29,Early_Burst_Up,0.990056979257586,1.11285978784626
AKT1S1,0.30831997281746,0.312223172771301,0.287614891826538,1.44618188092882e-07,3.64259249790848e-07,Early_Burst_Up,0.997464657265437,0.312223172771301
ALPL,-0.225536753445538,-0.248158956766298,-0.294117788311458,0.000839184249947283,0.00146255315770917,Early_Loss_Down,0.976032160026382,0.294117788311458
PLXND1,0.166997091535974,0.114985870162477,0.169024631045903,0.00322587868817171,0.00525151847475841,Early_Burst_Up,0.948857563566186,0.169024631045903
SYN1,-0.746419021724027,-0.871994837703299,-0.87018044885793,1.0559456160986e-27,1.44532556203497e-26,Early_Loss_Down,0.990108685156981,0.871994837703299
TAF1,-0.17361253596256,-0.219632045422913,-0.138467926565968,1.54370405183597e-07,3.86948949378884e-07,Mid_Trough,0.947370085797209,0.219632045422913
XAF1,0.552065220326098,0.605484054095625,0.559400525621561,2.38380272214013e-22,2.05150012964324e-21,Early_Burst_Up,0.996604071584972,0.605484054095625
TMEM245,-0.477590498187017,-0.441512922254086,-0.468379273205928,2.05985715664788e-09,6.06801106464555e-09,Early_Loss_Down,0.997816914651251,0.477590498187017
MEF2D,0.20216491447412,0.205739896122188,0.208686797093679,2.15744239148267e-07,5.3245064003318e-07,Early_Burst_Up,0.999663493646807,0.208686797093679
JAK2,0.11261502911019,0.10341687234969,0.152663337168548,0.0116959438204158,0.0177131291125569,Early_Burst_Up,0.944469573758139,0.152663337168548
MRPL55,-0.195667014707026,-0.187502110913542,-0.141549435846624,0.00457298730616584,0.00728212789167856,Early_Loss_Down,0.964846922959831,0.195667014707026
CD4,0.328165536374343,0.266481512113953,0.323356317582208,0.000139038589449142,0.000263932285902317,Early_Burst_Up,0.983648303632353,0.328165536374343
NGFR,-0.426252600188136,-0.508493548898101,-0.462365155987688,2.25230584181062e-08,6.05807666953715e-08,Early_Loss_Down,0.98971424332312,0.508493548898101
ST6GAL1,0.536587720284348,0.507326806020459,0.471912237338007,1.5633856121109e-10,5.07627587358053e-10,Early_Burst_Up,0.994566754425236,0.536587720284348
CST1,0.827861128122186,0.800838981065919,0.61405313417794,1.56432376912675e-14,6.88070951726894e-14,Early_Burst_Up,0.969149195608918,0.827861128122186
NUP42,0.124539732450832,0.092080632329722,0.155318429897827,0.00491649917467311,0.00780375856029555,Early_Burst_Up,0.923126201236446,0.155318429897827
TMEM106B,0.253574944053636,0.254070981148433,0.291236688935151,9.05522114297715e-11,2.99751592489482e-10,Early_Burst_Up,0.991339504401262,0.291236688935151
NOP10,-0.123431620576347,-0.151212896715823,-0.159290949968089,0.00591101250894646,0.00928490866354331,Early_Loss_Down,0.978186532388867,0.159290949968089
CEBPB,0.293237147485189,0.256466841678024,0.255493814862116,3.51357399874621e-07,8.49011696212716e-07,Early_Burst_Up,0.991540393011289,0.293237147485189
SZT2,-0.247400866145623,-0.25601704970923,-0.238944623998239,7.15942918842206e-09,2.00879196581417e-08,Early_Loss_Down,0.998417075543303,0.25601704970923
ATP6AP2,0.390834662807062,0.364604397369116,0.356573029394568,1.1944968350877e-12,4.56200213932988e-12,Early_Burst_Up,0.996898790559454,0.390834662807062
MINDY3,-0.231690271292647,-0.236644200205221,-0.200652031232435,2.90070514271406e-08,7.73707314027769e-08,Early_Loss_Down,0.989949633983,0.236644200205221
HDAC3,0.308282730095792,0.298842027855888,0.344670083485692,2.05971629826184e-17,1.14273060227567e-16,Early_Burst_Up,0.99233255442182,0.344670083485692
CYP1B1,0.637017447413778,0.67300171995103,0.708011504908818,5.37418227347687e-18,3.13412367763662e-17,Early_Burst_Up,0.996307450519363,0.708011504908818
NFATC1,0.163853181428158,0.122144375279454,0.174121385138368,0.00814024498182386,0.0126033709281373,Early_Burst_Up,0.95963104781015,0.174121385138368
MRPL43,0.309971061049143,0.260373225288582,0.27086149870587,0.00123090237682888,0.0021090322380008,Early_Burst_Up,0.988610933624323,0.309971061049143
ARL2BP,0.160140668974734,0.189027304556657,0.215860754633881,0.000673974559356704,0.0011873023460979,Early_Burst_Up,0.972031011562576,0.215860754633881
PNISR,-0.131613285106051,-0.132463541073587,-0.128095426913335,0.0022303849856934,0.00370399119603145,Early_Loss_Down,0.9995818115442,0.132463541073587
CD2,0.459891960981099,0.378320772277788,0.427480412474612,2.52167281060354e-06,5.67171922428179e-06,Early_Burst_Up,0.987598888570315,0.459891960981099
NHSL1,-0.195304390442745,-0.19223685104432,-0.171349583122298,0.005727819765374,0.00901757776909618,Early_Loss_Down,0.993535354320572,0.195304390442745
CPEB4,-0.282521904235295,-0.274577787634947,-0.23451153192827,1.18715368401224e-14,5.2831513146256e-14,Early_Loss_Down,0.987554775607914,0.282521904235295
ARSD,-0.465455836676269,-0.439915584881226,-0.405208274511566,5.64445011445397e-12,2.04142172327188e-11,Early_Loss_Down,0.993671885508168,0.465455836676269
DR1,0.589663875157915,0.670408001302781,0.628999239767348,2.57881304307933e-15,1.20974532945356e-14,Early_Burst_Up,0.994562634126288,0.670408001302781
MTHFSD,-0.173140111919857,-0.173120471978263,-0.149160932841769,0.00184822375412568,0.0030972448815614,Early_Loss_Down,0.990766305620299,0.173140111919857
FAAH,-0.639745316876974,-0.646198248447581,-0.679439893885707,1.54756022425956e-25,1.74509433418537e-24,Early_Loss_Down,0.998593449188437,0.679439893885707
RETN,0.369584015219658,0.484724211374093,0.56101585649429,1.84446476838061e-05,3.83261817789349e-05,Early_Burst_Up,0.948614264285836,0.56101585649429
ATP5MK,-0.759553594790966,-0.801677686123817,-0.794860063787993,3.88579524025527e-22,3.28300385679232e-21,Early_Loss_Down,0.998896667890123,0.801677686123817
LIPA,0.456256493275784,0.485461010017327,0.555945869713752,2.98610003010352e-09,8.66770995832631e-09,Early_Burst_Up,0.986237670821116,0.555945869713752
RNGTT,-0.169745363400996,-0.147875553750488,-0.0667126764682595,0.00189862102806853,0.00317786085993288,Early_Trough,0.978491516473085,0.169745363400996
ATP11C,-0.0991373302534023,-0.158754692134474,-0.126226853589845,0.005369069468317,0.00848681538175818,Mid_Trough,0.94612046924846,0.158754692134474
NRDE2,-0.160388376569825,-0.169994990483686,-0.115605675299854,3.24242501610458e-06,7.22448754592297e-06,Early_Loss_Down,0.952737247754858,0.169994990483686
GORASP1,0.198536259525003,0.121976764145296,0.174793047896989,0.000626204694438447,0.0011083103928364,Early_Burst_Up,0.932406641979272,0.198536259525003
SIN3B,0.207829675516957,0.162895611530384,0.178103628943527,1.31010780187636e-05,2.7636798801559e-05,Early_Burst_Up,0.979818665878771,0.207829675516957
NBDY,0.212927019274795,0.23541021555459,0.228573285677065,2.67729737680537e-07,6.5473020187406e-07,Early_Burst_Up,0.996539090193932,0.23541021555459
SGCE,0.336289429914579,0.268929600784125,0.229976180297677,2.9262441213385e-05,5.95699696129624e-05,Early_Burst_Up,0.953665332147137,0.336289429914579
CACTIN,-0.175446223835842,-0.136331906325726,-0.111749356944979,3.25741356358666e-05,6.59246003797865e-05,Early_Trough,0.944494309905913,0.175446223835842
PAMR1,0.706506576686161,0.700420315292992,0.598530415522768,8.6239274770495e-16,4.21670531515899e-15,Early_Burst_Up,0.989198825974363,0.706506576686161
RSRC1,-0.285703859817112,-0.27063869540398,-0.241968933381827,1.35158104675098e-11,4.73793490777661e-11,Early_Loss_Down,0.99083322827881,0.285703859817112
KRAS,0.169425075913978,0.187633222548085,0.151102513217958,0.00300457983402069,0.00490469073729309,Early_Burst_Up,0.984847736082997,0.187633222548085
FGD2,0.159707113225077,0.197931505975978,0.224623443199619,0.00039324477495025,0.000711431090681735,Early_Burst_Up,0.964322151931323,0.224623443199619
GNAI1,0.33146361660133,0.208365058779445,0.250375382837711,0.00146592363509819,0.00248612522748872,Early_Burst_Up,0.932303378101767,0.33146361660133
PRG2,0.441473231423859,0.398559736814337,0.512906330817962,0.00377264169774936,0.0060750627338758,Early_Burst_Up,0.978818685497552,0.512906330817962
TTC9C,0.365772369957353,0.360791769521544,0.363738683248348,1.16631838510992e-10,3.821299842868e-10,Early_Burst_Up,0.999936702139037,0.365772369957353
RAMAC,0.325320079496521,0.365681744528702,0.330151651615895,3.24644963237494e-08,8.62610275882e-08,Early_Burst_Up,0.994455879483428,0.365681744528702
PRPF18,-0.118469207532922,-0.0926150949385119,-0.0323934202266237,0.00176722108832732,0.00296747657325666,Early_Trough,0.988390061257547,0.118469207532922
FAIM,-0.25801188108785,-0.290542527179556,-0.276539965115833,2.79880617895138e-09,8.14393881861306e-09,Early_Loss_Down,0.995339337990826,0.290542527179556
GGACT,-0.223646455735979,-0.303629752138916,-0.347243631601236,9.40657096363811e-07,2.18663361897755e-06,Early_Loss_Down,0.94351941808028,0.347243631601236
SNUPN,0.15601726231257,0.181754877262267,0.207975780724149,0.00122973747707949,0.00210747019856992,Early_Burst_Up,0.973867852583193,0.207975780724149
HIF1AN,0.140789042377344,0.116143586494604,0.167302546693719,0.00150548933549899,0.00254803381127163,Early_Burst_Up,0.959018333859561,0.167302546693719
CAAP1,-0.372077298613984,-0.360876462515992,-0.321826461415524,4.61517254842058e-20,3.23023262808714e-19,Early_Loss_Down,0.992577351693127,0.372077298613984
UHRF1BP1,-0.523983543452471,-0.505416806636382,-0.425722699475553,2.27533338345243e-21,1.80680576498961e-20,Early_Loss_Down,0.984904235072836,0.523983543452471
ARG1,0.200652539192576,0.181306130069264,0.349185398209386,0.00628369202391607,0.00985171157178401,Monotonic_Up,0.927702444282561,0.349185398209386
ADAMTS2,0.992219387720865,1.03137398545886,0.970554686963996,5.16147734643303e-47,9.33778575587298e-45,Early_Burst_Up,0.998730480053298,1.03137398545886
POLR2J,-0.217350671071192,-0.247754128686622,-0.160519588520786,6.50636030371382e-05,0.000127823254125369,Early_Loss_Down,0.944817084003217,0.247754128686622
JMJD6,-0.244818397224233,-0.231909295106788,-0.223212470748048,2.28940501093297e-07,5.63681316597166e-07,Early_Loss_Down,0.997117745981366,0.244818397224233
KIAA0930,0.479872732289155,0.45453057992495,0.473809386519449,7.20291222530914e-25,7.55897043367247e-24,Early_Burst_Up,0.998942046523387,0.479872732289155
TSEN34,-0.206432892989824,-0.218809085069455,-0.147403293615687,7.30714113032567e-07,1.71634288700452e-06,Early_Loss_Down,0.950629085895273,0.218809085069455
MRPS2,-0.154280102883811,-0.179692535852811,-0.12993889778194,0.00388648487349784,0.00624629724164717,Early_Loss_Down,0.967177869721838,0.179692535852811
ACTR5,-0.144376897899472,-0.145364204941759,-0.087874083787082,0.00150225175320411,0.00254358882811081,Early_Trough,0.925568253889623,0.145364204941759
SIK3,-0.1323679855221,-0.138448273803834,-0.0772119604201609,0.0009573278556852,0.00165873046325468,Early_Trough,0.921485361509268,0.138448273803834
DAXX,0.139411879577998,0.138612423468279,0.160994788200443,0.00306045126656212,0.00499393636084901,Early_Burst_Up,0.990109846438093,0.160994788200443
NFATC4,0.323003360271011,0.289862447462162,0.290122782148138,3.4414086973941e-08,9.1237346861146e-08,Early_Burst_Up,0.994696522242836,0.323003360271011
TRAF5,-0.215719861322645,-0.202947069694559,-0.158530127689315,2.30485760928203e-05,4.74542924899679e-05,Early_Loss_Down,0.969042045665338,0.215719861322645
CIP2A,0.281010416744342,0.278941794569104,0.365159392990266,1.32231190378691e-07,3.34578281037235e-07,Early_Burst_Up,0.967705477264312,0.365159392990266
MTMR14,0.16544402180884,0.147897626391574,0.157085291200027,0.00200900849122344,0.00335116629864932,Early_Burst_Up,0.995849263592174,0.16544402180884
ENSG00000258529,-1.25424490640574,-1.26955694817705,-1.17740013356187,2.37235360035028e-30,4.33906080486045e-29,Early_Loss_Down,0.997870524243081,1.26955694817705
CSF1R,0.233112032965387,0.2221256734534,0.328419252497132,8.54685377562171e-07,1.99570474525039e-06,Early_Burst_Up,0.939250387247887,0.328419252497132
LOXL3,0.313204828809715,0.310480465865579,0.305592190427681,1.16591557463851e-05,2.46763718518355e-05,Early_Burst_Up,0.999793315287711,0.313204828809715
CHEK2,0.148948369586768,0.1195851942377,0.144276860830468,0.00536106786942167,0.00847706760580032,Early_Burst_Up,0.982917523703993,0.148948369586768
ROBO1,0.187099529759443,0.191472111031102,0.2225356454668,5.90303119239683e-05,0.000116658811643615,Early_Burst_Up,0.987828454930044,0.2225356454668
ARHGAP24,-0.369678444417512,-0.408336777323751,-0.379069132355901,1.06914831460152e-15,5.17293736867086e-15,Early_Loss_Down,0.996375986111392,0.408336777323751
ACACB,-0.931693065891361,-0.966006312083032,-0.832394038320524,1.9098515614379e-21,1.52239316995079e-20,Early_Loss_Down,0.992336855388977,0.966006312083032
NFAT5,-0.167674582661088,-0.158311353503764,-0.122055028488998,0.000338767266518267,0.000617573097911285,Early_Loss_Down,0.967003293567176,0.167674582661088
FBXO3,0.145363291667707,0.105049986785266,0.123934187681794,0.0141112072979591,0.0210642990374198,Early_Burst_Up,0.966883498641876,0.145363291667707
IFI44,0.635396055632336,0.686200929843639,0.660607062594649,1.187947189189e-09,3.57802986190042e-09,Early_Burst_Up,0.998035002651939,0.686200929843639
FZD1,0.838765207992704,0.843198696761412,0.800770046531894,3.63893020131102e-28,5.25749603043582e-27,Early_Burst_Up,0.99894279003913,0.843198696761412
ZFAND6,0.200942530186473,0.239850551117829,0.22781599287133,3.34827910333286e-06,7.44240884026071e-06,Early_Burst_Up,0.989515566012382,0.239850551117829
CYBA,0.297871198077899,0.404461600114965,0.451133432648299,8.2900622843861e-08,2.12734808296828e-07,Early_Burst_Up,0.948591944190077,0.451133432648299
MRPS15,-0.500672429836536,-0.521034453565285,-0.451182721091393,8.2907572689199e-24,7.93053815999441e-23,Early_Loss_Down,0.992937072159458,0.521034453565285
SIGIRR,-0.165593039602584,-0.28299396100049,-0.29565439183025,7.33780310387626e-06,1.58036225234105e-05,Mid_Plateau_Down,0.959898354504048,0.29565439183025
HDAC5,0.188674790122257,0.126230226598138,0.162842378832294,0.00812002498316566,0.0125776634256786,Early_Burst_Up,0.951939424226627,0.188674790122257
COX19,-0.30517963280388,-0.262472640719365,-0.290875322276279,2.33610593820647e-12,8.73756117651875e-12,Early_Loss_Down,0.992394452823824,0.30517963280388
GRAMD4,0.0887765411243395,0.122214574752572,0.131376246969269,0.0354840556809519,0.0499151980015014,Early_Burst_Up,0.952187508289326,0.131376246969269
C2orf49,0.0980146109124255,0.111305765346278,0.101781682589896,0.00759699870372983,0.0118039998529574,Early_Burst_Up,0.994232130273831,0.111305765346278
IMP4,-0.236809522814324,-0.241482343552813,-0.172808903816859,1.48920757766277e-06,3.41128143718954e-06,Early_Loss_Down,0.960760409749699,0.241482343552813
ACTR8,0.212936865354404,0.227441554250976,0.271690592585382,3.07530327026161e-10,9.75702394781437e-10,Early_Burst_Up,0.978541776286635,0.271690592585382
THSD7A,-0.346076013690327,-0.367212794076328,-0.310429610365933,9.02840211140231e-07,2.10283689815533e-06,Early_Loss_Down,0.990700504138314,0.367212794076328
RPP40,-0.13345619723752,-0.124744124823853,-0.118777978467699,0.00734369700754451,0.0114253592254226,Early_Loss_Down,0.995430302804066,0.13345619723752
ABRAXAS1,0.201116229732901,0.186299182159258,0.21018314148965,0.011829052589256,0.0178984319359616,Early_Burst_Up,0.995150937175808,0.21018314148965
MRPS28,-0.159533004230325,-0.171181144054759,-0.175214871341117,0.00711159808828877,0.0110932932128846,Early_Loss_Down,0.996905619439543,0.175214871341117
CRABP1,-0.481290093265952,-0.47381809299562,-0.60002555795859,1.1009907672641e-07,2.80282813250896e-07,Early_Loss_Down,0.976014037803067,0.60002555795859
PHAF1,0.0922352772893373,0.0810610075903899,0.135408723528881,0.000256991125931421,0.000474524106945037,Early_Burst_Up,0.910049531297953,0.135408723528881
THEM4,-0.158671510639217,-0.20165593758425,-0.239836473142964,0.00380143299263438,0.00611787378934506,Early_Loss_Down,0.949216138506808,0.239836473142964
GPSM1,0.241528766291185,0.248314363885144,0.220165716160486,2.94675317858531e-07,7.17672811009275e-07,Early_Burst_Up,0.994902413325445,0.248314363885144
CMC2,-0.133434044568796,-0.125096579157396,-0.188397681541954,0.00125878972418039,0.00215371054371489,Early_Loss_Down,0.935711179340711,0.188397681541954
PPP1R14B,0.227108013117473,0.256617539603966,0.245319126235921,1.64304776696747e-06,3.74923046797458e-06,Early_Burst_Up,0.995032201989034,0.256617539603966
TSPO,0.683548565696142,0.793892733557461,0.62124042111252,1.2720466381546e-14,5.64284228290116e-14,Early_Burst_Up,0.979801399289188,0.793892733557461
MACC1,0.186568842532757,0.33125363132472,0.285169075773838,1.09443500720484e-08,3.02085841789675e-08,Mid_Plateau_Up,0.93484595634385,0.33125363132472
COA5,-0.261639166778299,-0.283167892824107,-0.291419877606816,6.79059414994301e-07,1.60043399931537e-06,Early_Loss_Down,0.995967546556683,0.291419877606816
DDX60L,0.197254208039236,0.23386766897304,0.339345026483952,8.50028658052531e-09,2.37141753010833e-08,Monotonic_Up,0.959933990747624,0.339345026483952
GALNT12,0.17091442637765,0.21003454604654,0.0836560512999956,0.0124753565665757,0.0187977398781537,Mid_Peak,0.914749043910313,0.21003454604654
COL6A6,-0.614025084614842,-0.610419759653915,-0.54323230391994,7.13027388006616e-16,3.51321132207878e-15,Early_Loss_Down,0.993949918166222,0.614025084614842
ARNT,0.159956563708641,0.142099821590575,0.165577155685417,6.08189242331831e-05,0.000119994093757361,Early_Burst_Up,0.991854459321294,0.165577155685417
ZNF800,0.105412524334778,0.0837090261830162,0.200447315881578,0.0223005959038654,0.0323376126697975,Monotonic_Up,0.908413698346326,0.200447315881578
SORCS2,0.441403685210607,0.501654493888649,0.483040366633586,4.33169627671474e-12,1.58106914100088e-11,Early_Burst_Up,0.994431384102946,0.501654493888649
TK1,0.267563524785371,0.300345940144576,0.389117279790707,1.03016862124697e-05,2.19147833998396e-05,Early_Burst_Up,0.951890116193866,0.389117279790707
LAMA1,-0.185680047109648,-0.221948557791237,-0.188414548989672,0.0159988352248017,0.023716121613965,Early_Loss_Down,0.986500501644263,0.221948557791237
DCP2,0.146229686007745,0.143119639817244,0.194343442127385,1.45328702897687e-05,3.05410471089533e-05,Early_Burst_Up,0.960205786094259,0.194343442127385
UTP3,-0.278416616506519,-0.293439244945736,-0.232541871643062,7.30283208973871e-06,1.57323760421448e-05,Early_Loss_Down,0.981841789109371,0.293439244945736
KATNAL1,0.313755476684082,0.315278706601698,0.306240028603163,4.09771378077176e-10,1.28635134227018e-09,Early_Burst_Up,0.999678915862245,0.315278706601698
GDAP1,-0.411638486708826,-0.458340965377997,-0.421743840941484,9.03937073608946e-14,3.77070893562589e-13,Early_Loss_Down,0.995685876150536,0.458340965377997
ZFAND1,-0.110045722458598,-0.111252842235356,-0.117639155040115,0.0248258015459848,0.0357935413142214,Early_Loss_Down,0.998265258948739,0.117639155040115
MST1R,0.357581466715443,0.363755068612841,0.319487664892558,7.20691882733998e-10,2.21068848069013e-09,Early_Burst_Up,0.993692951082656,0.363755068612841
NDUFAF1,-0.696188982496289,-0.723367863388449,-0.674733647600531,5.09485753691306e-36,1.7890044059996e-34,Early_Loss_Down,0.998378658864868,0.723367863388449
CEACAM1,0.736069455010711,0.887902339725316,0.648283138499742,1.43036035391826e-16,7.43037382353794e-16,Early_Burst_Up,0.96749963225158,0.887902339725316
AKAP7,-1.22033514534894,-1.25151561349582,-1.22881167898256,2.74406192249043e-29,4.44281776633568e-28,Early_Loss_Down,0.99977232269118,1.25151561349582
COA4,0.362649558080097,0.337693486804084,0.307759891477717,0.00174325942764308,0.00293078888017085,Early_Burst_Up,0.991199269671645,0.362649558080097
TELO2,0.207328466048525,0.181505204680178,0.261329512856969,0.000204241364199741,0.00038152561905056,Early_Burst_Up,0.955986237050164,0.261329512856969
ICAM3,0.494905828216366,0.49844967477162,0.59645746023953,3.23020006629235e-09,9.34366525953594e-09,Early_Burst_Up,0.984592410249525,0.59645746023953
ECSIT,-0.613120490521525,-0.640829667778082,-0.643759336305968,6.60677547827288e-36,2.26261668848506e-34,Early_Loss_Down,0.999048858408342,0.643759336305968
OMA1,-0.966946569077222,-0.970313503528768,-0.919084589307269,8.49324654371108e-26,9.80316196071617e-25,Early_Loss_Down,0.998794514410713,0.970313503528768
TNS4,0.912576472015709,1.00245285029937,0.908066146010618,1.43563455790067e-21,1.15768903012106e-20,Early_Burst_Up,0.995759314656511,1.00245285029937
RIN1,0.180282354135108,0.192387468381557,0.171025681045584,5.00767909864777e-05,9.97460638079147e-05,Early_Burst_Up,0.995373746594029,0.192387468381557
TUBA8,-0.317141287459751,-0.335988704048692,-0.254673018160117,0.00013018928656362,0.000247585750178804,Early_Loss_Down,0.974620459889128,0.335988704048692
DYNLT1,0.396432791750106,0.364876871223956,0.391157032933169,1.057500701063e-09,3.20135352282514e-09,Early_Burst_Up,0.997428589402755,0.396432791750106
SETD1B,-0.18395932394911,-0.194822825758597,-0.158900122513438,1.06144739125761e-06,2.45712522671651e-06,Early_Loss_Down,0.986202993161231,0.194822825758597
POLR2I,-0.136242356012181,-0.158650550425963,-0.133417105063768,0.00115522515684458,0.00198757304214043,Early_Loss_Down,0.987726688430406,0.158650550425963
TMEM205,-0.45845130577563,-0.501298074776798,-0.476901664918446,1.02413598099444e-10,3.37405369510521e-10,Early_Loss_Down,0.997325216294717,0.501298074776798
DENND2D,-0.169042020739861,-0.169158060548091,-0.0620306663830696,0.000520238665591965,0.000929061410956295,Early_Trough,0.948010168329458,0.169158060548091
FGR,0.199542660580256,0.259255630387278,0.333048144029262,0.00318027732692826,0.00518032255132061,Monotonic_Up,0.957103126564125,0.333048144029262
MATN3,0.916252392838499,0.999619620253784,0.848464889440871,1.52616995554954e-26,1.87327232597098e-25,Early_Burst_Up,0.991118182060698,0.999619620253784
KLHL22,0.114400175509701,0.0323181546503676,0.0961396918560105,0.0135453386484125,0.0202924047222481,Early_Burst_Up,0.754682029562161,0.114400175509701
C19orf25,0.236803286148173,0.238654616357867,0.221614765946658,0.000967613341959158,0.00167550525005912,Early_Burst_Up,0.997848233093243,0.238654616357867
HLA-DMA,0.470000243722398,0.413686146130082,0.587036045451427,4.75254982909198e-07,1.13716847836985e-06,Early_Burst_Up,0.959250704710644,0.587036045451427
TRPV2,0.259559515604145,0.230339075883034,0.277112250786461,2.30132249493872e-06,5.19295168190889e-06,Early_Burst_Up,0.988803401986178,0.277112250786461
MARS2,-1.02078516886128,-1.03033704780428,-0.980049613240548,3.35069904364366e-42,2.76084331101015e-40,Early_Loss_Down,0.999069769626805,1.03033704780428
TSPAN15,0.528952959682387,0.476278445120434,0.427989403086555,8.5947230288604e-10,2.61709787947956e-09,Early_Burst_Up,0.985427873418333,0.528952959682387
MAPK7,-0.0453011137205656,-0.152984874391075,-0.0600135440644886,0.00247262729492149,0.00407873227915493,Mid_Trough,0.972297184808466,0.152984874391075
CDK17,0.337632551749187,0.346638172132298,0.371985083697172,7.81758336437209e-11,2.60231715033218e-10,Early_Burst_Up,0.996604796515803,0.371985083697172
JUND,0.425592761329069,0.422548627111337,0.453068021782322,2.98307113936539e-18,1.78085495134855e-17,Early_Burst_Up,0.998003110134993,0.453068021782322
TRIM27,-0.131132335986318,-0.142228413420458,-0.114378340282362,0.00633202816653826,0.00992562411036568,Early_Loss_Down,0.984669662349269,0.142228413420458
CRACR2A,-0.466671834053846,-0.41074183296266,-0.437806162352466,8.8886967166959e-18,5.09447204382529e-17,Early_Loss_Down,0.994616726949807,0.466671834053846
HGF,0.568515265328585,0.532497511847532,0.541880522580331,9.70094311461296e-13,3.73928895784201e-12,Early_Burst_Up,0.998451435114016,0.568515265328585
MAP1LC3B,0.341837543173703,0.275896222430027,0.241048150136292,5.63932306492145e-06,1.22822419644795e-05,Early_Burst_Up,0.959912838974395,0.341837543173703
MAP3K6,0.315161471268328,0.3120489952057,0.315483916508008,1.78549309933288e-10,5.76148645701753e-10,Early_Burst_Up,0.999951413857831,0.315483916508008
HLA-DQB1,0.41430002039255,0.455537619132245,0.289967304245075,0.000232049524441448,0.000430476179759637,Early_Burst_Up,0.939663859294401,0.455537619132245
ALOX5AP,0.5480347615386,0.528963260431818,0.494993342163174,7.92617894859223e-08,2.03837024753351e-07,Early_Burst_Up,0.996513026380564,0.5480347615386
ANTXR2,0.510797654887637,0.515548150820839,0.453287272578483,5.75230231251433e-21,4.407979727877e-20,Early_Burst_Up,0.993481029069173,0.515548150820839
CA12,-0.64585691164972,-0.650774651001109,-0.542444120566938,3.78284768077763e-09,1.08892626770776e-08,Early_Loss_Down,0.98698103862616,0.650774651001109
ZNF346,-0.141141484368125,-0.13963879215849,-0.150222115232777,0.00128182335348433,0.00219131757347917,Early_Loss_Down,0.997888709652757,0.150222115232777
KIAA2013,-0.33780293092495,-0.348854846884993,-0.364737961021284,9.94681456525892e-10,3.01776853124625e-09,Early_Loss_Down,0.998015905818264,0.364737961021284
MRPS34,-0.20036224446115,-0.204010919236651,-0.176016688481194,0.000746958383533005,0.0013072949879625,Early_Loss_Down,0.991849668234663,0.204010919236651
EXOG,-0.347142417131962,-0.35812269395252,-0.391945422644195,1.3523533934239e-10,4.40825888761209e-10,Early_Loss_Down,0.99460836622356,0.391945422644195
ACTN3,0.552076723560105,0.530141294858756,0.528355228339427,5.70578808105752e-15,2.60612340343363e-14,Early_Burst_Up,0.999193663960918,0.552076723560105
ENSG00000256100,-0.716464085780449,-0.722149130106918,-0.630803156885959,4.44352608604201e-20,3.12322838581432e-19,Early_Loss_Down,0.99274098667528,0.722149130106918
ARVCF,-0.377231280215773,-0.376776750146785,-0.364540698557401,2.30267126384591e-15,1.08325778732197e-14,Early_Loss_Down,0.999503262736592,0.377231280215773
MGME1,-0.195964752377293,-0.157986646211535,-0.215019050779882,0.000196802506764875,0.000368456796692304,Early_Loss_Down,0.970143302214341,0.215019050779882
MPHOSPH6,-0.172569438956604,-0.152038375902225,-0.147338307684403,0.00243740877453482,0.00402542485050184,Early_Loss_Down,0.990439158040276,0.172569438956604
STAMBPL1,0.135426161380066,0.122151130211904,0.0981091519216642,0.0134606674744637,0.0201715329156797,Early_Burst_Up,0.967697344202877,0.135426161380066
DYM,-0.206730555707529,-0.212295531991059,-0.208071576240309,2.37104411619855e-05,4.87807889616917e-05,Early_Loss_Down,0.999742711364274,0.212295531991059
WFDC2,1.50219009544906,1.44291926935131,1.27473549913465,1.51818026205995e-28,2.26827578830573e-27,Early_Burst_Up,0.990747855039043,1.50219009544906
MRPL53,-0.334937980950997,-0.356644660272135,-0.290558414992071,1.96498598767005e-10,6.31618902641567e-10,Early_Loss_Down,0.98617610248529,0.356644660272135
PIK3CG,0.189054831470512,0.210448133899466,0.249184491649254,0.000201939903997521,0.000377565464180491,Early_Burst_Up,0.974516759509762,0.249184491649254
CYB5R4,0.200583356902353,0.241038716412004,0.238980377412811,4.53749993217861e-08,1.19195310718404e-07,Early_Burst_Up,0.986815196597806,0.241038716412004
LTV1,-0.38055428404601,-0.389744868885084,-0.390981026035677,5.95714171039991e-13,2.34509618325204e-12,Early_Loss_Down,0.999711357445529,0.390981026035677
DHX40,-0.397934335484329,-0.41328326765892,-0.310843597489812,1.64948477503047e-15,7.86648269215103e-15,Early_Loss_Down,0.97211814034838,0.41328326765892
DIPK2A,0.218560694895113,0.186255531319727,0.150483133441847,0.00021380660494628,0.000398409889467744,Early_Burst_Up,0.957713447345324,0.218560694895113
TLK2,-0.154052084249993,-0.108565790726559,-0.04769654530952,0.00400982407223854,0.00643086450745214,Early_Trough,0.998468460888,0.154052084249993
C3orf38,0.0620509863245797,0.080528699062367,0.121112949513029,0.00354459697104128,0.00573758466797534,Monotonic_Up,0.978046884742403,0.121112949513029
GALNT11,-0.698771304327013,-0.671604607204209,-0.655131939257995,2.97468563220766e-20,2.12492135890405e-19,Early_Loss_Down,0.998582596046597,0.698771304327013
KXD1,-0.236203502483383,-0.177798561543457,-0.157370810352007,0.0001125879562046,0.00021529342176808,Early_Loss_Down,0.943626776254179,0.236203502483383
UNG,-0.23031619303844,-0.253639595231773,-0.223102475297166,2.55910992890463e-07,6.27672055064672e-07,Early_Loss_Down,0.993940546676133,0.253639595231773
TMC5,0.794652566815973,0.865748345482751,0.877945571210377,8.33426535126837e-20,5.68040591754753e-19,Early_Burst_Up,0.996252515503031,0.877945571210377
LGALS7B,0.350843428459469,0.48890325211663,0.462495899725282,0.000302152888735109,0.000553858224681404,Early_Burst_Up,0.964033916064059,0.48890325211663
TLK1,-0.148976437870106,-0.172762721372069,-0.130893710795313,0.000175416398587534,0.000329901755716489,Early_Loss_Down,0.97513131526223,0.172762721372069
NCOA6,0.12792814027461,0.131680525642895,0.148119801070313,0.00366342422268747,0.00591751094355689,Early_Burst_Up,0.991776962575577,0.148119801070313
SIRT3,-0.317959208219142,-0.383635210727835,-0.391808594823983,4.77125608138872e-12,1.73617809835229e-11,Early_Loss_Down,0.983944069771141,0.391808594823983
CCDC97,-0.430902180122384,-0.42033011752156,-0.382794434873921,1.22515188986101e-16,6.40434298204981e-16,Early_Loss_Down,0.995000968076132,0.430902180122384
MTRR,-0.355313332139281,-0.380271862754672,-0.358420744806181,4.27213355503481e-16,2.14819912054379e-15,Early_Loss_Down,0.998150181898995,0.380271862754672
IFT88,-0.172430746004444,-0.199752168887095,-0.164611142143715,0.000316561659584155,0.000578486194786856,Early_Loss_Down,0.986117782689323,0.199752168887095
RHBDF1,0.290925564285076,0.269003225366546,0.219340455185099,3.23518038397263e-06,7.21027615303167e-06,Early_Burst_Up,0.974432094543188,0.290925564285076
RASSF5,0.204432851533403,0.194189738182527,0.245677731740536,5.44069862126219e-05,0.00010788061454883,Early_Burst_Up,0.979194289472867,0.245677731740536
EFNB2,0.709893476318846,0.772908881274663,0.596887566328122,2.92356161011258e-24,2.8690895895468e-23,Early_Burst_Up,0.978635968901297,0.772908881274663
CD48,0.217553861906148,0.1975102960376,0.254329310391581,0.0273807325769478,0.0392663202663035,Early_Burst_Up,0.978476106056995,0.254329310391581
HPS6,0.109676138663271,0.149939721633623,0.182678164627484,0.000299771429067033,0.000549735088738619,Monotonic_Up,0.954946647283403,0.182678164627484
GASK1B,0.517872160324361,0.538385246808581,0.455659706222002,1.40275649851775e-16,7.29608723791545e-16,Early_Burst_Up,0.990397998147335,0.538385246808581
CCL18,0.848423211668549,0.860728376969233,0.805894317891436,7.75052016167857e-20,5.29990376216016e-19,Early_Burst_Up,0.99843324238895,0.860728376969233
VGLL4,0.368513729652418,0.400312769286579,0.407311522382096,3.19580962457127e-19,2.08592374083781e-18,Early_Burst_Up,0.996311366526069,0.407311522382096
CTU2,0.136160144971749,0.0856143687028024,0.0744424364652592,0.0303525948406241,0.0432228429609298,Early_Peak,0.964019813467721,0.136160144971749
BAZ2A,-0.17180374541217,-0.139729758151297,-0.0988113513371098,0.0107712020920231,0.0163991847438376,Early_Trough,0.962372928782943,0.17180374541217
TTC7A,0.178826060452923,0.18997555743133,0.156716885484752,0.000145808914206469,0.00027634292507999,Early_Burst_Up,0.987777015786914,0.18997555743133
RWDD1,-0.567472488063552,-0.584207989505676,-0.543942771189372,2.91692922428371e-29,4.68623262634923e-28,Early_Loss_Down,0.998296609599621,0.584207989505676
CCDC127,-0.315598171054567,-0.328111766801347,-0.338319677918241,1.91676547639848e-11,6.63532541372221e-11,Early_Loss_Down,0.998392369544958,0.338319677918241
AKTIP,-0.178866250690537,-0.194021045783389,-0.195723447445983,0.00063647869999437,0.00112505856868164,Early_Loss_Down,0.996818820031619,0.195723447445983
TEAD3,0.145465331919583,0.148346182523062,0.153456478728042,0.000231644559286676,0.000429820740776749,Early_Burst_Up,0.999018956041905,0.153456478728042
DCAKD,-0.590596101980137,-0.606301047371495,-0.519048058345736,8.65349469383299e-19,5.45150513566072e-18,Early_Loss_Down,0.991299135859568,0.606301047371495
DPH1,-0.440382836001962,-0.447542243721337,-0.373292727461501,1.13395603450758e-16,5.95005177753598e-16,Early_Loss_Down,0.987579825993789,0.447542243721337
COMTD1,-0.501479490890893,-0.52185593880416,-0.564803951396088,1.54981795181528e-14,6.82411904497712e-14,Early_Loss_Down,0.995065118284414,0.564803951396088
APOBEC2,-1.2391148215985,-1.31147489692506,-1.04327222171273,2.03056026853586e-22,1.75293802435222e-21,Early_Loss_Down,0.982577555593675,1.31147489692506
PTPRM,-0.166475740341023,-0.151070099876657,-0.0787654035152054,0.0348316050995489,0.0490637470613483,Early_Trough,0.967103055886547,0.166475740341023
SAMSN1,0.488999119994066,0.482512414657143,0.580823125396251,1.31665848855359e-15,6.32269586944198e-15,Early_Burst_Up,0.985277158695696,0.580823125396251
AP5Z1,0.33512999966615,0.326285191119309,0.355472893352919,4.66651336010129e-12,1.69880683214186e-11,Early_Burst_Up,0.997410660225157,0.355472893352919
CAND2,-0.331064372321211,-0.391507986525044,-0.345380579625559,7.67679914282139e-11,2.55647548885793e-10,Early_Loss_Down,0.989665297469714,0.391507986525044
ZFC3H1,-0.126627441610046,-0.115799988162368,-0.0380261342563041,0.00603412172398679,0.00946756428865348,Early_Trough,0.965829668308847,0.126627441610046
ADAMTSL1,0.217326450339465,0.256561296742124,0.276116775539805,0.000711778817541186,0.00124966736699953,Early_Burst_Up,0.981409679843861,0.276116775539805
SNRNP27,0.306888414965497,0.32993249716679,0.286575561845744,1.035618150129e-06,2.40000396696563e-06,Early_Burst_Up,0.993442357638521,0.32993249716679
BRAF,-0.186104905454903,-0.190409300995252,-0.149890126182308,2.4295158714952e-05,4.99097286659666e-05,Early_Loss_Down,0.979216862006838,0.190409300995252
STEAP4,-0.294996299480078,-0.299218026331028,-0.26113457360723,9.62307934419683e-05,0.000185035273341973,Early_Loss_Down,0.992927812059804,0.299218026331028
VTI1A,-0.383312702225628,-0.371570456428897,-0.384646839969268,4.09183790966965e-16,2.06127573149339e-15,Early_Loss_Down,0.999521875322195,0.384646839969268
CD36,-0.886623722149674,-0.964662240768018,-0.943895510437371,2.60170168197293e-15,1.21979500830303e-14,Early_Loss_Down,0.997500437049236,0.964662240768018
ZCCHC24,0.571098375909061,0.52644861755173,0.503235218408978,3.14943975889366e-17,1.71871394024438e-16,Early_Burst_Up,0.994475112976647,0.571098375909061
NAA30,-0.0931945757646543,-0.13153141648513,-0.0673342063816649,0.0203459863096377,0.0296791057088177,Mid_Trough,0.969934091051126,0.13153141648513
ATP13A3,0.197442326355249,0.215276457725126,0.228599184905531,5.54052026955936e-06,1.20892002315871e-05,Early_Burst_Up,0.992945090005598,0.228599184905531
NSA2,0.117140016254781,0.124084887580908,0.218120932154187,0.00117755773907736,0.0020234638663229,Monotonic_Up,0.955592351929571,0.218120932154187
CHMP4C,0.208208780949202,0.261133884773546,0.134635751719671,0.00236464094229763,0.00391379115389834,Mid_Peak,0.941414531027902,0.261133884773546
SERAC1,-0.508556284605705,-0.555259960030753,-0.486829026362681,8.84810518311621e-13,3.42642770283355e-12,Early_Loss_Down,0.993953315793978,0.555259960030753
PHRF1,0.184298178523179,0.205132662644982,0.221339974516778,2.82868915458716e-06,6.34168942469676e-06,Early_Burst_Up,0.98908939901443,0.221339974516778
C5orf24,0.225917597120748,0.184904084030587,0.193404321723935,0.000631768392336071,0.00111720708903969,Early_Burst_Up,0.9849453329301,0.225917597120748
CEP192,-0.240069449074788,-0.229987105874036,-0.172754953693833,9.43005347048864e-08,2.4117057462018e-07,Early_Loss_Down,0.963788155779229,0.240069449074788
PLCD3,0.296806793446791,0.231796699142336,0.265908794493865,0.000296506234845396,0.00054386706775036,Early_Burst_Up,0.980484689912749,0.296806793446791
CABIN1,-0.121487018727086,-0.0995082219940655,-0.0622162564011687,0.015780140643297,0.0234002727073267,Early_Trough,0.975562334389106,0.121487018727086
DENND4B,0.0557281775034126,0.0389133928031757,0.122713686666609,0.0171094115282838,0.0252320614457519,Late_Burst_Up,0.890106340589142,0.122713686666609
STK17B,0.528736032622418,0.471033588992769,0.433960883268093,9.16548383257357e-12,3.26940233410533e-11,Early_Burst_Up,0.986944005332901,0.528736032622418
WDR20,-0.294720217137755,-0.298875891661501,-0.281578605644095,5.93086317492694e-14,2.50160381863872e-13,Early_Loss_Down,0.998725126453523,0.298875891661501
RPL7L1,0.246681569166965,0.241177342322368,0.280559536430227,8.8425023400157e-05,0.000170538364944636,Early_Burst_Up,0.99088278647729,0.280559536430227
DAD1,-0.930334626906224,-0.957327260315711,-0.887586286261196,3.52689322607235e-26,4.18102641415586e-25,Early_Loss_Down,0.998078824023795,0.957327260315711
YEATS4,0.132787817916391,0.186499323797778,0.205266628256948,0.00166440429950076,0.00280444879134345,Early_Burst_Up,0.943469622858973,0.205266628256948
CERCAM,0.557953970693835,0.588800631077837,0.527400851318717,3.08365063661063e-21,2.41867489141128e-20,Early_Burst_Up,0.995989046812561,0.588800631077837
PTRHD1,-0.302030890296611,-0.254417151468491,-0.237597703007748,3.86584741958459e-09,1.11013051158671e-08,Early_Loss_Down,0.97939693281584,0.302030890296611
PARD6B,0.17574864402345,0.198748976339507,0.212634302954179,0.000781742873961633,0.00136627880890383,Early_Burst_Up,0.988133246664975,0.212634302954179
ANKRD22,1.15167676879255,1.12035045816731,1.03840730502561,2.39896229002461e-31,4.85746087045859e-30,Early_Burst_Up,0.996274949620507,1.15167676879255
FUNDC2,-0.622171319487035,-0.622819863889341,-0.702793828319715,3.28336779409806e-18,1.94755429668454e-17,Early_Loss_Down,0.993270082010664,0.702793828319715
PRMT9,-0.344935466323887,-0.368545510155874,-0.324022807908919,2.07374020621411e-13,8.38986669710688e-13,Early_Loss_Down,0.994514064596587,0.368545510155874
JAGN1,-0.392748878895369,-0.377534388889065,-0.333402399923931,0.000456256487716395,0.00081831174370169,Early_Loss_Down,0.990768907910864,0.392748878895369
MOCS2,-0.534277268292845,-0.585749348981672,-0.479647009097745,1.1755382788142e-22,1.02760814666931e-21,Early_Loss_Down,0.987053906540873,0.585749348981672
HIC1,0.202681446660959,0.173253225575087,0.239529949667654,0.000560433828003947,0.000997418801678539,Early_Burst_Up,0.966796151025251,0.239529949667654
CHST14,0.316813342501493,0.29836815464256,0.279545894310177,3.60269937551407e-08,9.54526080962371e-08,Early_Burst_Up,0.994835369075361,0.316813342501493
WWOX,-0.466971234826775,-0.477387996950682,-0.457316984253582,3.28874069560745e-21,2.56743903084852e-20,Early_Loss_Down,0.999385145126735,0.477387996950682
MYL4,0.173432199450974,0.20775226096127,0.364947252995611,0.000881397831843649,0.00153227339807872,Monotonic_Up,0.973646256252119,0.364947252995611
RNF169,-0.136468620705901,-0.144476813671591,-0.0842650429777223,0.0131190344998806,0.0196963025632341,Early_Loss_Down,0.915783703545034,0.144476813671591
CDK18,0.186539218567286,0.148962547259688,0.190795278370141,0.00217724694020994,0.00361874356629261,Early_Burst_Up,0.977799836586324,0.190795278370141
LSM5,-0.36982056675643,-0.35550172437877,-0.320363693979578,4.26010911137495e-10,1.33632220221871e-09,Early_Loss_Down,0.992967724662601,0.36982056675643
FAM76B,0.114311982341724,0.154845812852357,0.183725405275987,0.000119840180262036,0.000228531159518942,Monotonic_Up,0.946919566046162,0.183725405275987
IGFBP6,0.215853822681322,0.264748754242546,0.228750435676079,0.000443908905872646,0.000797541000576892,Early_Burst_Up,0.985028829714856,0.264748754242546
MSL1,-0.271695529780566,-0.286470293289585,-0.177402956970022,6.55757103132062e-08,1.69742165233749e-07,Early_Loss_Down,0.930368283400936,0.286470293289585
NFATC2IP,0.201490230581079,0.172233623435202,0.13350672389775,0.00701664732672572,0.0109533931819568,Early_Burst_Up,0.949808752043347,0.201490230581079
FAM20B,-0.195544609959642,-0.176323002850626,-0.244305753620451,3.44631393276029e-05,6.95784195740688e-05,Early_Loss_Down,0.963306411725689,0.244305753620451
CGAS,0.101846517969482,0.183216032947671,0.266458372012392,0.000141916373331109,0.000269149512046829,Monotonic_Up,0.998565641808548,0.266458372012392
MRM3,-0.680707064027404,-0.764130905730076,-0.683384815654328,2.36948076617578e-29,3.87403122516991e-28,Early_Loss_Down,0.994097431050282,0.764130905730076
ADGRG6,0.288575283299567,0.362409839878594,0.430054016752711,5.53753179727982e-08,1.44461879676999e-07,Early_Burst_Up,0.952237636809949,0.430054016752711
TADA3,-0.139226800762006,-0.110590629092217,-0.068097570781793,0.0182191649626869,0.0267312924575953,Early_Trough,0.98179930300719,0.139226800762006
CBLL1,-0.151616829687317,-0.126477482816097,-0.0844225950333934,0.0165329162473942,0.0244642476904009,Early_Trough,0.965028040441621,0.151616829687317
F3,0.72808299098006,0.845939271443925,0.831984762318429,4.16751135433077e-14,1.78773347890416e-13,Early_Burst_Up,0.991513324003448,0.845939271443925
DYNLT3,0.279717033402718,0.261533847419832,0.289921530259909,2.92807871017114e-09,8.51414081972194e-09,Early_Burst_Up,0.996427644402679,0.289921530259909
DDX49,0.429991374116144,0.422762907507219,0.399256363339035,0.000217017319030963,0.000404211756708969,Early_Burst_Up,0.998028913069811,0.429991374116144
ZNF24,-0.510054853503569,-0.511243035979096,-0.408479892230946,4.36722418966158e-26,5.16250564010847e-25,Early_Loss_Down,0.980178271097684,0.511243035979096
SACS,0.129024204642274,0.167800326709834,0.217874517662939,0.0324950658470112,0.0460531229527976,Monotonic_Up,0.959360843235312,0.217874517662939
TMEM11,0.503368746799255,0.435485035501921,0.474243074819282,1.07046200383898e-10,3.51995446742663e-10,Early_Burst_Up,0.993102337433756,0.503368746799255
PDGFRL,0.860965309376878,0.840623727186311,0.866806475725492,5.61245331297036e-25,5.92726351148976e-24,Early_Burst_Up,0.999656537587937,0.866806475725492
N4BP2,-0.553207905167377,-0.587798464606807,-0.471572559120736,1.20797604141111e-21,9.76946221246187e-21,Early_Loss_Down,0.983959066655988,0.587798464606807
IRAK3,0.741614580137206,0.730794884703232,0.733819141279804,3.8546803791102e-30,6.91350217994722e-29,Early_Burst_Up,0.99992317970867,0.741614580137206
NDUFB3,-0.700910912590431,-0.676009785059372,-0.628748819867647,2.06562787300342e-17,1.14524684604493e-16,Early_Loss_Down,0.996016171400161,0.700910912590431
NOL7,-0.252978101682146,-0.268026196643057,-0.217990928898669,5.5433719001614e-07,1.31767897609664e-06,Early_Loss_Down,0.985826364495076,0.268026196643057
PPP1R13B,-0.237873833376665,-0.243064055681162,-0.216224385762884,1.62260828516236e-07,4.05627700484265e-07,Early_Loss_Down,0.995033473646191,0.243064055681162
FCGR2A,0.423870613284366,0.406020876603675,0.421118298089311,1.36485000605219e-14,6.03842729950362e-14,Early_Burst_Up,0.999292621637432,0.423870613284366
PCYOX1L,-0.238881187208188,-0.293456509070474,-0.179502813549745,1.69054930669684e-07,4.21978144281077e-07,Mid_Trough,0.940073570848923,0.293456509070474
OAF,0.294333154675795,0.251467243554481,0.213768320301144,0.00132932920052563,0.00226787158810461,Early_Burst_Up,0.967825576126377,0.294333154675795
SLC1A4,-0.789813791610014,-0.86032664462762,-0.822896390478386,8.55627035239434e-20,5.81998194603083e-19,Early_Loss_Down,0.997566903209348,0.86032664462762
TFPI,0.612147694873261,0.6754422419265,0.670477840938646,1.10924433593502e-19,7.47460029445446e-19,Early_Burst_Up,0.996144894152987,0.6754422419265
SRCIN1,-0.463094940851754,-0.55712201873294,-0.495737376073266,2.01848325791253e-13,8.17810013259402e-13,Early_Loss_Down,0.988307536187675,0.55712201873294
SRR,-0.343310147958721,-0.353791950101795,-0.318059960123354,1.1435919486359e-06,2.63993680902857e-06,Early_Loss_Down,0.996094595864632,0.353791950101795
LPGAT1,0.282248549772786,0.257247817998242,0.22813742970139,0.000180561947409495,0.000339119053563939,Early_Burst_Up,0.985390967306984,0.282248549772786
COQ7,-0.334366738347441,-0.335194755277512,-0.303424173607607,5.43462343254597e-08,1.41955229772905e-07,Early_Loss_Down,0.995869202697309,0.335194755277512
MAP4K2,-0.266202038341912,-0.225788447290729,-0.191731803782022,1.48258781101085e-07,3.72752137862003e-07,Early_Loss_Down,0.966125962310882,0.266202038341912
RAB20,-0.199524508157857,-0.203084497188328,-0.188659355712727,0.00177603580984362,0.00298167641910805,Early_Loss_Down,0.99806733671532,0.203084497188328
TNRC6C,0.0995961941902499,0.0965532993645441,0.149944529402395,0.00808110477613444,0.0125281210780534,Early_Burst_Up,0.92051354085473,0.149944529402395
RANBP10,-0.174614239927486,-0.136206139429734,-0.139765859500352,0.000123995171333437,0.000236129934974111,Early_Loss_Down,0.974398227051556,0.174614239927486
ARHGAP29,-0.221351936779018,-0.182673505146989,-0.11510395866406,0.0122564825333631,0.0184963644363587,Early_Trough,0.973488479806026,0.221351936779018
PHF23,-0.198132415783741,-0.190471579860472,-0.131479885838124,5.78497995133489e-05,0.000114461728851662,Early_Loss_Down,0.945744135587228,0.198132415783741
CIR1,0.168585466219931,0.16148936118175,0.202551734239653,0.000578674237608107,0.00102812275947367,Early_Burst_Up,0.980226774554053,0.202551734239653
OPA3,0.303161365057072,0.286777655355737,0.244046319280683,9.49809292246632e-08,2.42761453626427e-07,Early_Burst_Up,0.98430621829552,0.303161365057072
EPHB4,0.304562471447758,0.367962817307504,0.295835305278205,1.49616758482611e-07,3.75939210172792e-07,Early_Burst_Up,0.98073973617542,0.367962817307504
CSNK1G2,0.186501341695333,0.178757412668559,0.177463423355529,0.00194240632943628,0.0032459247938893,Early_Burst_Up,0.999028217926105,0.186501341695333
YIPF5,0.335484521823884,0.37856121359691,0.345392916010366,1.77040368812042e-05,3.68608944021469e-05,Early_Burst_Up,0.994602312664967,0.37856121359691
GPR107,-0.316880251077706,-0.316740248320832,-0.310230713557251,2.06709779497419e-07,5.11519115366494e-07,Early_Loss_Down,0.999805614316257,0.316880251077706
CNNM3,0.229711328736547,0.130605437606674,0.138498762648522,0.00268167672584605,0.00440784390924172,Early_Peak,0.930456112104052,0.229711328736547
SPOUT1,-0.117783808681417,-0.129370257922999,-0.119228776633337,0.0201368575601499,0.0293946550807871,Early_Loss_Down,0.996455321905785,0.129370257922999
SULT2B1,0.293736880137077,0.452294881535676,0.405611666600911,1.69331119793514e-08,4.60213448374143e-08,Early_Burst_Up,0.944850817468263,0.452294881535676
ISCA1,-0.343269251724429,-0.429310129451277,-0.368847446846513,2.16394120984653e-18,1.31255967553519e-17,Early_Loss_Down,0.982490330637476,0.429310129451277
SNRK,-0.361633002259387,-0.350459695684021,-0.284847698445438,3.47440395134355e-14,1.49580908862292e-13,Early_Loss_Down,0.979847503082518,0.361633002259387
HSCB,-0.414081657704134,-0.421121034297109,-0.376046865588886,6.70381133812916e-21,5.10889358570612e-20,Early_Loss_Down,0.995225177933614,0.421121034297109
POLG,-0.235825467516267,-0.258084809685015,-0.20544701752797,8.65131321738961e-09,2.4119339562853e-08,Early_Loss_Down,0.983298269878743,0.258084809685015
SARAF,0.153648021637339,0.157279099864205,0.119517472641702,0.0147495221317815,0.021981648134077,Early_Burst_Up,0.97302358817346,0.157279099864205
NECTIN1,-0.214058889694538,-0.293766001431464,-0.306007357772828,4.30809232260512e-08,1.13455519964303e-07,Early_Loss_Down,0.957679502108279,0.306007357772828
MOB3A,0.356674820499006,0.355006785157908,0.441225958977798,1.08421040879835e-12,4.15988889904095e-12,Early_Burst_Up,0.978750770439637,0.441225958977798
TLR2,0.32472449610788,0.343022027878668,0.352850303929536,4.61469092344638e-09,1.31653952228045e-08,Early_Burst_Up,0.997661007048933,0.352850303929536
GCAT,-1.28124070766818,-1.26328227834245,-1.28924869778948,6.93440722280466e-26,8.1050754084523e-25,Early_Loss_Down,0.99985567119231,1.28924869778948
SH2D1A,0.361617450757087,0.29755288493217,0.450477781432968,0.000170020465663686,0.000320405415591756,Early_Burst_Up,0.947046719163442,0.450477781432968
COA3,-0.315455225210597,-0.343512230359052,-0.351746705281002,9.79393729461485e-10,2.97247068438311e-09,Early_Loss_Down,0.995774400792719,0.351746705281002
WDR24,-0.232782420850946,-0.221559941857606,-0.215442834092486,9.62735391345707e-09,2.67240958198098e-08,Early_Loss_Down,0.997937687160909,0.232782420850946
ADGRG1,0.567596362689558,0.690615909090773,0.587522328031839,9.42551960606093e-25,9.73190746422321e-24,Early_Burst_Up,0.9849876494588,0.690615909090773
NGEF,-0.121024639187628,-0.0735432625134141,-0.169523006240213,0.0206931252531505,0.0301432151858425,Early_Loss_Down,0.840077491938666,0.169523006240213
PEX3,0.185478778541689,0.159599079401888,0.178256886038469,0.00108357324267266,0.00186968619645903,Early_Burst_Up,0.992276539186252,0.185478778541689
TRPT1,-0.369240390048787,-0.356728024750891,-0.321020242897149,8.39861450047509e-14,3.50693777586321e-13,Early_Loss_Down,0.993215383262087,0.369240390048787
PDGFRA,0.211849696192798,0.126776416213237,0.178563023735162,0.0115412122342199,0.0174947118785388,Early_Burst_Up,0.926520295988158,0.211849696192798
DTX3,0.40115420992249,0.331877899982506,0.349794345214679,1.55298696208882e-07,3.89158611818825e-07,Early_Burst_Up,0.987023828038102,0.40115420992249
MRPL41,-0.635166239925586,-0.647800049171305,-0.619021890244128,2.48798598875416e-32,5.55094353844829e-31,Early_Loss_Down,0.999310504931508,0.647800049171305
DNAJC25,-1.07743114176243,-1.06951162470675,-0.994216281919241,1.00520283751307e-30,1.90988539127483e-29,Early_Loss_Down,0.997444314616485,1.07743114176243
L3MBTL3,-0.210099794422155,-0.193121411991988,-0.127996375361452,0.000117703022347511,0.000224713134199585,Early_Trough,0.941607071500202,0.210099794422155
CMTR2,0.151215339500379,0.181113551147254,0.187035496392215,1.48328368507341e-05,3.11478345374236e-05,Early_Burst_Up,0.98399135434563,0.187035496392215
ANAPC10,-0.100425335397379,-0.113416097169845,-0.0709512129002783,0.00276359412996999,0.00452907253832419,Early_Loss_Down,0.93654508575896,0.113416097169845
TAGLN3,-0.427890509105317,-0.561666067448409,-0.425390279695471,8.15885121775387e-10,2.48892814641304e-09,Early_Loss_Down,0.965442178173191,0.561666067448409
FLRT2,-0.504015911030052,-0.576421196787944,-0.479183359342704,8.26312657001239e-15,3.72805156584058e-14,Early_Loss_Down,0.987641043407073,0.576421196787944
ZNF706,-0.440180623652185,-0.453560278393827,-0.433634873033811,3.06183725992908e-17,1.67511371195529e-16,Early_Loss_Down,0.999298231321897,0.453560278393827
CPTP,0.216587438475449,0.145832156920397,0.190102604083662,0.00156220251410282,0.00264026184450928,Early_Burst_Up,0.95326044253229,0.216587438475449
SQLE,0.343140673277622,0.35171110364291,0.303263810122226,1.87519667296727e-11,6.49683043814888e-11,Early_Burst_Up,0.992044130216696,0.35171110364291
TMEM70,-0.478388601095113,-0.551062796912534,-0.604171426200159,9.97533750612812e-20,6.75465896875494e-19,Early_Loss_Down,0.982539478996113,0.604171426200159
NDUFAF5,-0.462951376174902,-0.455222355169626,-0.40868524868473,3.26246288202497e-18,1.9365346721977e-17,Early_Loss_Down,0.994177808701153,0.462951376174902
CDR2L,0.221946532924433,0.284619642874546,0.250076826379752,1.23091972885571e-08,3.38187982289113e-08,Early_Burst_Up,0.979964156686577,0.284619642874546
GTF2A2,0.447686507236876,0.34517506678468,0.394492614885006,1.64387363841767e-08,4.47361557191362e-08,Early_Burst_Up,0.978351458698486,0.447686507236876
PAG1,-0.187961976076026,-0.175822424465024,-0.183001858119138,0.000423303115101523,0.000762165409752244,Early_Loss_Down,0.998508132565719,0.187961976076026
TMA7,-0.724081130822148,-0.816707266721033,-0.718603018278597,1.51965000098299e-19,1.00929986497849e-18,Early_Loss_Down,0.992931834461059,0.816707266721033
PPP2R2D,-0.465863766307474,-0.470759677770499,-0.462053031203974,1.03400152810919e-19,6.97322586460671e-19,Early_Loss_Down,0.999883169701639,0.470759677770499
POLR3D,-0.178318094603252,-0.193015532200725,-0.139708944217423,1.66939549010682e-05,3.48712582044903e-05,Early_Loss_Down,0.966889471684904,0.193015532200725
ARHGAP42,0.132372617927727,0.149636301272223,0.164510295141114,0.00887510396843958,0.0136820874112287,Early_Burst_Up,0.984785101992453,0.164510295141114
SERPINB4,0.51037653887908,0.477756249246141,0.437636073903628,0.00387110462330516,0.00622398235609457,Early_Burst_Up,0.992254619186954,0.51037653887908
PMF1,-0.30619737899768,-0.291602450512176,-0.252883339949842,7.39643688176655e-10,2.26464855518989e-09,Early_Loss_Down,0.987645232029849,0.30619737899768
SENP3,0.123468592800161,0.145051273009778,0.206173754259921,2.87925677107024e-05,5.86852188313654e-05,Monotonic_Up,0.955092387413673,0.206173754259921
MRPL20,-0.205461935931563,-0.262595052616903,-0.224715125086665,4.32238169320506e-08,1.13795825532593e-07,Early_Loss_Down,0.979519817806376,0.262595052616903
RNLS,-0.460013057254494,-0.494451585795086,-0.449688111309602,5.89714803512371e-15,2.68909950401641e-14,Early_Loss_Down,0.996672886406983,0.494451585795086
PROSER2,-0.22632934317844,-0.261970011622929,-0.252245474015996,0.000176301762997889,0.000331417048038949,Early_Loss_Down,0.992654866255436,0.261970011622929
GAS2,-1.2723711128247,-1.29989963248399,-1.15065907203764,4.28039241777723e-37,1.73763052198742e-35,Early_Loss_Down,0.994583459457789,1.29989963248399
FARS2,-0.481375398214686,-0.50221764786017,-0.463204184303621,1.64001993127116e-23,1.53178965971252e-22,Early_Loss_Down,0.997822327632733,0.50221764786017
ANGPTL4,0.206589910506933,0.426415250406856,0.30122975886179,0.00184140112183077,0.00308643305858523,Mid_Peak,0.967876518543003,0.426415250406856
RIOK2,-0.188578175076993,-0.202130196231248,-0.109826698773337,0.000138415566792923,0.000262809570351519,Early_Trough,0.91524188006823,0.202130196231248
AP4E1,0.105080725294945,0.117669820389637,0.137099735001491,0.000248512322724226,0.000459582122158001,Early_Burst_Up,0.976725509671372,0.137099735001491
TGFB2,0.983742333592303,1.05963238769552,0.938996998318884,2.61257976746134e-33,6.54876169422087e-32,Early_Burst_Up,0.995019913898348,1.05963238769552
FCER1G,0.945755564890869,1.01368451179438,1.00121987414831,7.69175341918152e-27,9.64017649916093e-26,Early_Burst_Up,0.998214594515135,1.01368451179438
TMEM120A,0.482306300834308,0.410132562883093,0.388182745488349,9.29969422842403e-06,1.98644905977784e-05,Early_Burst_Up,0.98271463504952,0.482306300834308
AP5B1,0.112888176057663,0.181633748538676,0.163493602089305,0.000533262493951889,0.000951503103487912,Early_Burst_Up,0.934449408036301,0.181633748538676
ELF2,-0.111262688209961,-0.147489406789594,-0.0686260561354821,0.0225188251026013,0.03264837325851,Mid_Trough,0.950144281273983,0.147489406789594
SMG5,0.24063467098938,0.231298907603285,0.272562103204229,6.4682075238555e-07,1.52897879488261e-06,Early_Burst_Up,0.990015168072135,0.272562103204229
GHRL,-0.893701264256539,-1.07853766587647,-0.933387323898167,1.5677186802525e-12,5.94646985280825e-12,Early_Loss_Down,0.986808311534433,1.07853766587647
KIF23,0.372278083123541,0.379055487302175,0.369519644272178,9.41768820168757e-07,2.18860656840112e-06,Early_Burst_Up,0.999770081510585,0.379055487302175
FBXO6,-0.195798814381353,-0.223661308684972,-0.154263670412059,0.000225427905143985,0.000419314042603541,Early_Loss_Down,0.958299475358647,0.223661308684972
HMGN3,-0.425296785204896,-0.438357103455892,-0.337331681569876,2.58815028447234e-08,6.92336440610056e-08,Early_Loss_Down,0.975790562662284,0.438357103455892
CXCL14,1.66252768763406,1.64720192969819,1.27655816647019,3.06896238160341e-29,4.92098361073287e-28,Early_Burst_Up,0.973815959058632,1.66252768763406
ADAL,-0.304849133293573,-0.323076454652649,-0.285952609743295,1.12455717485571e-11,3.96045908131579e-11,Early_Loss_Down,0.99508541576697,0.323076454652649
SELENOS,-0.382094057284191,-0.302111541319509,-0.295090613783951,1.64529048806008e-06,3.75331892588706e-06,Early_Loss_Down,0.971992183997615,0.382094057284191
PPP1CC,0.373407046170039,0.392690384286369,0.460967910602696,2.02922927803975e-18,1.23354609582518e-17,Early_Burst_Up,0.983545131458099,0.460967910602696
TFB1M,-0.129698186542076,-0.131588886266767,-0.0899757591552636,0.0321363962880763,0.0455991628148971,Early_Loss_Down,0.950268858446044,0.131588886266767
ITPKC,0.246330651140725,0.316960607729695,0.325776656436713,3.47521020855487e-13,1.38908258192092e-12,Early_Burst_Up,0.972397491797547,0.325776656436713
DUS1L,-0.271854006049227,-0.267677140758498,-0.227192220612832,1.16107606783986e-08,3.19949504521963e-08,Early_Loss_Down,0.98780502399389,0.271854006049227
MMP19,0.28035190594949,0.317897472262303,0.293283863266842,4.51803436996632e-05,9.04476353785415e-05,Early_Burst_Up,0.994552517398154,0.317897472262303
SELENOK,-0.182224996341047,-0.248151795365265,-0.204638626080589,0.000723728513422427,0.00126904102163958,Early_Loss_Down,0.968149655981101,0.248151795365265
MRPL28,-0.319620502698216,-0.405610683792552,-0.349270765424443,1.19952954181476e-11,4.22092382536255e-11,Early_Loss_Down,0.980740628988718,0.405610683792552
PVR,0.517610086373466,0.485533610489196,0.47724063244777,4.58813678634154e-17,2.47456087724785e-16,Early_Burst_Up,0.99752025624269,0.517610086373466
ING1,-0.187890290770864,-0.171297350181903,-0.213701198729496,0.000146250054372868,0.000277052800475986,Early_Loss_Down,0.983712059897253,0.213701198729496
KLK7,0.714114378343818,0.818244946214095,0.68632750746393,1.20035877681989e-10,3.92818943794538e-10,Early_Burst_Up,0.988414908270032,0.818244946214095
FAM102A,0.288372377486235,0.264633959858511,0.251560698325707,4.26531436758699e-09,1.22189143432217e-08,Early_Burst_Up,0.993606014706514,0.288372377486235
FRK,0.184634257490868,0.279693133664021,0.19773244235945,5.2994627858986e-05,0.000105180370389335,Mid_Peak,0.966929909951797,0.279693133664021
PDE6D,0.223052009981461,0.191713853080196,0.184497911662917,1.97600828782333e-05,4.09878887618788e-05,Early_Burst_Up,0.986251245046355,0.223052009981461
CAMK4,0.279391825947863,0.206276668465144,0.267054009644272,0.000616310778545046,0.00109126346788338,Early_Burst_Up,0.969051902130209,0.279391825947863
UBL7,-0.168108135201394,-0.135986940790969,-0.124454917645399,0.00293440704764693,0.00479672666480411,Early_Loss_Down,0.968152496459429,0.168108135201394
C1GALT1,0.294224844033574,0.293094160296707,0.269347636395446,1.56792798822514e-05,3.28341638601149e-05,Early_Burst_Up,0.996788699831702,0.294224844033574
CAPN15,-0.178783778707869,-0.17339410677919,-0.151983749590539,0.000245118869884747,0.000453608902641954,Early_Loss_Down,0.990645938228705,0.178783778707869
NSUN6,-0.283703173388479,-0.296575424112127,-0.232997723019552,1.93950096267544e-07,4.81232170882081e-07,Early_Loss_Down,0.980111508951419,0.296575424112127
USP54,0.429850458267524,0.504407632302402,0.304254947143212,1.20414239166445e-06,2.77509636760775e-06,Early_Burst_Up,0.928437536572331,0.504407632302402
F8A2,0.152458788259368,0.142181355735128,0.119080233963136,0.0172679906016975,0.0254343748296153,Early_Burst_Up,0.98012081827071,0.152458788259368
GGCX,0.192949555493219,0.183051296989814,0.186140011787875,0.0201363164335018,0.0293946550807871,Early_Burst_Up,0.999027468536689,0.192949555493219
TMCO3,0.814829238925906,0.815622485712109,0.758387988123152,2.63830171384144e-21,2.07916163471481e-20,Early_Burst_Up,0.99774288988187,0.815622485712109
GTF2H2C,0.344421638211183,0.282994120270508,0.344515557256501,9.58938784020458e-08,2.45019605791165e-07,Early_Burst_Up,0.984371954339944,0.344515557256501
FBXL20,0.296731313633867,0.323844720958308,0.268451392455531,7.24492460745869e-09,2.03141046439593e-08,Early_Burst_Up,0.988551157533407,0.323844720958308
HLCS,-0.159631043832355,-0.179013520593914,-0.177312908719733,0.000410286482518052,0.000740169977783487,Early_Loss_Down,0.994847095950553,0.179013520593914
DPH2,-0.37898961334666,-0.40056443648812,-0.342013216452733,4.13430971918829e-17,2.24121557717332e-16,Early_Loss_Down,0.991738904392763,0.40056443648812
ATG12,0.590816750364723,0.617834705481522,0.590726033831176,8.25324059285622e-13,3.20351997265623e-12,Early_Burst_Up,0.99909636708195,0.617834705481522
TOR4A,0.459395855773784,0.499535222472053,0.438459514078608,5.28852500837885e-19,3.39068606469405e-18,Early_Burst_Up,0.994132309883402,0.499535222472053
TEFM,-0.75809189134446,-0.765679717323348,-0.670216423085684,7.08623195145101e-35,2.10476929521675e-33,Early_Loss_Down,0.993054191057353,0.765679717323348
MISP3,0.446975414026009,0.435666093291507,0.329201816541545,0.000197785571863007,0.000370214019128193,Early_Burst_Up,0.967188022057673,0.446975414026009
MBOAT2,0.619992029759086,0.629483342604797,0.537528512686913,5.27371740331566e-15,2.41939780762916e-14,Early_Burst_Up,0.990525248865865,0.629483342604797
TRAPPC1,0.240437095999231,0.266969488495858,0.270173743659742,1.33602803830415e-10,4.3567497393288e-10,Early_Burst_Up,0.994754038821527,0.270173743659742
GPR180,-0.492339466933883,-0.529462850252905,-0.412293755299746,2.31495127698673e-10,7.38406459451267e-10,Early_Loss_Down,0.979712840621454,0.529462850252905
PRKRIP1,-0.392849930603072,-0.389874520746871,-0.349937382033902,4.32847931385929e-14,1.8558271432219e-13,Early_Loss_Down,0.994671848318166,0.392849930603072
NTHL1,-0.176159689301127,-0.216537034329068,-0.162242555051072,1.82700383650774e-05,3.79823280724892e-05,Early_Loss_Down,0.970379369509166,0.216537034329068
C4orf33,-0.227131640294115,-0.232799428525227,-0.216660852934601,0.0117736311141251,0.0178178138082831,Early_Loss_Down,0.998247364702865,0.232799428525227
TUBAL3,-0.238417205139257,-0.285471815262791,-0.194064262184882,0.000158394636712911,0.000299377734890948,Early_Loss_Down,0.954641079917367,0.285471815262791
ABHD6,-0.19919298269503,-0.24575812892407,-0.221854935651537,0.000247126085933081,0.000457120090494577,Early_Loss_Down,0.985680109971484,0.24575812892407
GABPB1,0.315125185317638,0.31477774072302,0.309450205061171,4.721524142764e-07,1.13072011269301e-06,Early_Burst_Up,0.99986242677485,0.315125185317638
FASTKD5,-0.359693440680106,-0.40248402163498,-0.347495653307097,4.30102667293216e-12,1.57125302774984e-11,Early_Loss_Down,0.991970986060642,0.40248402163498
RAB33B,-0.272004164702365,-0.297126347250218,-0.242655482290383,7.13619403974549e-09,2.00294795274071e-08,Early_Loss_Down,0.986734364115813,0.297126347250218
TUFT1,0.244162838110608,0.319928816581325,0.241763184061973,1.57094937070378e-07,3.93304472412662e-07,Early_Burst_Up,0.965371567106049,0.319928816581325
PSD3,0.133611589157275,0.101336154175185,0.11221732465226,0.021393450387313,0.0310763299220141,Early_Burst_Up,0.974188397976564,0.133611589157275
DNAJB9,-0.497860338960874,-0.537626790362534,-0.47971888522157,2.09567438091977e-17,1.16113197057352e-16,Early_Loss_Down,0.995445801025133,0.537626790362534
NR2F6,0.318758504854274,0.320655314288272,0.282730651295096,0.000199453581726963,0.000373084447545917,Early_Burst_Up,0.993617499031247,0.320655314288272
PLXNB1,-0.236041504122413,-0.293976473625673,-0.15193443945291,0.00271027500772543,0.00445133384927787,Mid_Trough,0.939485157760833,0.293976473625673
VNN2,0.190387751301684,0.313952956399879,0.388920498931072,0.000632226973768633,0.00111778051321491,Monotonic_Up,0.98048341322986,0.388920498931072
PPCDC,-0.357936597579216,-0.364679721957864,-0.283303369963631,1.69531727333001e-12,6.41583917628575e-12,Early_Loss_Down,0.976655480235554,0.364679721957864
COX7B,-1.27125476569509,-1.21996038269904,-1.20728529034612,7.00911300448618e-30,1.22284776568834e-28,Early_Loss_Down,0.998995023392009,1.27125476569509
TDP2,-0.294072417935424,-0.337041571707332,-0.298311174168961,9.39613049927543e-12,3.34737149036687e-11,Early_Loss_Down,0.992300455959538,0.337041571707332
RBP7,-0.659142258461907,-0.636126830748109,-0.610823047395137,9.23574974800526e-18,5.27883993151784e-17,Early_Loss_Down,0.998076274458427,0.659142258461907
ANAPC2,-0.160401942622521,-0.149838357773921,-0.127667399847679,0.000646134760422595,0.00114091522941584,Early_Loss_Down,0.98297843450427,0.160401942622521
GEM,0.538544203699876,0.529305358785629,0.487702647033838,2.11850145658687e-09,6.23855949105305e-09,Early_Burst_Up,0.996382146791876,0.538544203699876
ATP9B,-0.497962980800654,-0.504681295171241,-0.43075774059156,9.95331657235023e-17,5.25580587024738e-16,Early_Loss_Down,0.990380863776935,0.504681295171241
SLC3A1,-1.08671557774742,-1.07733939113514,-1.04557510388492,6.48342240909566e-23,5.83929018273745e-22,Early_Loss_Down,0.999458894990164,1.08671557774742
DEPDC5,-0.130698259602728,-0.129370579507851,-0.0639842760095527,0.00146167021079732,0.00248042811873068,Early_Trough,0.947339858573494,0.130698259602728
RUNX3,0.433716775951145,0.421903580399087,0.478454695707497,3.16930502747201e-08,8.43189144457228e-08,Early_Burst_Up,0.994053694142059,0.478454695707497
KLK10,0.583789195362672,0.659056180327283,0.654349321781767,1.16780256671102e-11,4.11102071073143e-11,Early_Burst_Up,0.994125540198266,0.659056180327283
HIRIP3,-0.412400406064036,-0.41333919015706,-0.331573803254625,1.73069880988292e-11,6.02126902000237e-11,Early_Loss_Down,0.980826229641635,0.41333919015706
SCAPER,-0.214359331452657,-0.170245465482497,-0.125019013472989,2.75717430748248e-05,5.63210716417997e-05,Early_Trough,0.961294904203541,0.214359331452657
SCUBE2,0.489127594613163,0.475075135447684,0.431108631955292,6.57863499356178e-11,2.19957414288554e-10,Early_Burst_Up,0.994400720034434,0.489127594613163
SAT2,-0.828727208226349,-0.764918893024896,-0.780039929602034,1.64429495327388e-25,1.84666971675374e-24,Early_Loss_Down,0.997640559361611,0.828727208226349
MTARC1,-0.63507616156546,-0.676737785157454,-0.655099353855558,1.06559158207719e-24,1.09075684453215e-23,Early_Loss_Down,0.998656107297881,0.676737785157454
RAB3IP,-0.486451959735323,-0.491701581342686,-0.425247712778827,1.27032492634181e-16,6.62798999185988e-16,Early_Loss_Down,0.991786011370218,0.491701581342686
DHRS2,-1.72623872507847,-1.71306354409156,-1.63058518100953,1.20591754976373e-24,1.22835322510817e-23,Early_Loss_Down,0.998747608946471,1.72623872507847
KMT2C,-0.204966160425428,-0.196382303575261,-0.139660986242347,0.000348241679640395,0.000633748255523079,Early_Loss_Down,0.95205326330112,0.204966160425428
TNFAIP8L2,0.2612841125628,0.282626013572077,0.346651991027812,1.18814338474316e-06,2.73974210247509e-06,Early_Burst_Up,0.971410747347554,0.346651991027812
MYO19,-0.163667844961783,-0.139105882483131,-0.120135434758548,0.00362002004528934,0.0058508073056706,Early_Loss_Down,0.969493020199596,0.163667844961783
IMP3,-0.159739569525169,-0.216970286529951,-0.207173366347508,0.00142731266197269,0.00242509105204915,Early_Loss_Down,0.968569205034096,0.216970286529951
SELL,0.404044050435017,0.37424790481431,0.40925159732132,1.71033188827216e-07,4.2666013112113e-07,Early_Burst_Up,0.996978581133603,0.40925159732132
GDPGP1,0.263738134032427,0.226904607303585,0.205436472924102,0.000638857192187515,0.00112854373877828,Early_Burst_Up,0.979138368520025,0.263738134032427
CDC26,-0.251335972652951,-0.199719957141225,-0.200266400420948,8.59190138830019e-08,2.20208818458374e-07,Early_Loss_Down,0.97603219775023,0.251335972652951
MTG1,-0.112011733779155,-0.178107255482017,-0.115081711525926,0.000584628106779352,0.00103692990294496,Mid_Trough,0.981468201389051,0.178107255482017
PHLDA1,0.206181380087168,0.294102899525272,0.21201651140859,4.89566335621083e-05,9.76551065445507e-05,Mid_Peak,0.95808470963549,0.294102899525272
PLPP3,-0.891838103787498,-0.977507070846072,-0.88518256626157,1.09378944179742e-29,1.85765627237512e-28,Early_Loss_Down,0.995833123902989,0.977507070846072
MYADM,0.197451432274669,0.156614601116722,0.175109702471956,0.0279171961141406,0.0400080775033371,Early_Burst_Up,0.982548912998588,0.197451432274669
SLCO2A1,-0.592800245213164,-0.607277443891729,-0.607235901050784,2.85354586382029e-14,1.23554675747724e-13,Early_Loss_Down,0.999744170324459,0.607277443891729
NRBF2,0.164396144394067,0.213839830849059,0.245817814817777,8.18301690923141e-08,2.10182304687111e-07,Early_Burst_Up,0.951861102586238,0.245817814817777
TUBB2A,-0.719553638579613,-0.909412991136911,-0.928124605937633,5.40867610603041e-20,3.74156297210183e-19,Early_Loss_Down,0.976422267525647,0.928124605937633
PGLYRP1,0.39219284709262,0.506458048681169,0.567717358128192,0.00011417175431149,0.00021817160490935,Early_Burst_Up,0.958449883271538,0.567717358128192
CEACAM7,0.76546943361019,0.918814995640589,0.548287427752941,2.52400982084637e-09,7.37528431498718e-09,Mid_Peak,0.93321426732166,0.918814995640589
TRAF1,0.657684300003617,0.623406445140584,0.641412101289967,1.10722628691374e-18,6.91767054031244e-18,Early_Burst_Up,0.999046845424435,0.657684300003617
BBS1,-0.10786647817675,-0.131797085043279,-0.0597682290683844,0.0104835458638222,0.0159816942074974,Mid_Trough,0.924440537714839,0.131797085043279
CDIPT,0.411463687892454,0.290897733159062,0.277229089206339,0.00221016162308539,0.00367198343527982,Early_Burst_Up,0.938034369322717,0.411463687892454
ABLIM3,0.493049367069923,0.460945187548823,0.35572758771678,5.97657313231135e-10,1.84964825612105e-09,Early_Burst_Up,0.965748140542918,0.493049367069923
TRAPPC5,0.232425326739225,0.244362388122732,0.218425966229377,0.000403923536904632,0.000729640042135956,Early_Burst_Up,0.995841816459576,0.244362388122732
SLC30A5,-0.458428190229201,-0.50196118065742,-0.457511079523882,1.5924433286187e-18,9.80926230996659e-18,Early_Loss_Down,0.996170446189982,0.50196118065742
TTC17,-0.125603546470023,-0.119941106795662,-0.0791015395773351,0.0302136892818802,0.0430471361417235,Early_Loss_Down,0.933891955140027,0.125603546470023
TPK1,0.245257040041963,0.199528391613244,0.224586039415323,0.00118918102707642,0.00204153386715945,Early_Burst_Up,0.986245002850955,0.245257040041963
ADAM28,0.55548617257358,0.648775036724067,0.61540395226735,1.26887465893952e-20,9.37795285230432e-20,Early_Burst_Up,0.991999288059684,0.648775036724067
MYO9A,0.195390872969756,0.193599044721055,0.192235149841441,4.2802682011504e-05,8.58529572667477e-05,Early_Burst_Up,0.999911033533806,0.195390872969756
CCNH,0.108908608486347,0.141151468890876,0.20329539981156,8.88750770746933e-05,0.000171366633784893,Monotonic_Up,0.974018095422746,0.20329539981156
CCDC149,-0.778693029778903,-0.756863920109042,-0.745653180529847,1.36991333634818e-24,1.3869122609598e-23,Early_Loss_Down,0.999349655533787,0.778693029778903
ERAL1,-0.413986373512694,-0.43277527004233,-0.397051183819291,1.97601289715088e-13,8.0099266098829e-13,Early_Loss_Down,0.997532182156185,0.43277527004233
MAU2,-0.226767411235706,-0.268247222000273,-0.257158230804971,1.86703308128376e-06,4.23825676553285e-06,Early_Loss_Down,0.990359263124454,0.268247222000273
ACP5,0.605982738983227,0.511114879583755,0.539691715494709,5.05931958482974e-12,1.8362601826792e-11,Early_Burst_Up,0.9898037747676,0.605982738983227
COQ8B,0.262912019963902,0.244082311721711,0.213044155963614,1.39890758458385e-06,3.2088503084087e-06,Early_Burst_Up,0.985638253560532,0.262912019963902
CACUL1,0.136032183789014,0.186297289111474,0.209988913052764,1.84107713479141e-05,3.82653444448904e-05,Early_Burst_Up,0.944574411428686,0.209988913052764
CINP,-0.16024098106651,-0.184074424030047,-0.120315166805754,4.80139904502713e-06,1.05086595411034e-05,Early_Loss_Down,0.946864203308208,0.184074424030047
TMED1,-0.600833477001597,-0.548625189198393,-0.540094499685181,3.70738520935944e-16,1.87327624239765e-15,Early_Loss_Down,0.995485306312669,0.600833477001597
SEC16B,-0.943561928179159,-0.888950118052091,-0.85122599328634,4.25407112949709e-29,6.69232134965497e-28,Early_Loss_Down,0.996428369209992,0.943561928179159
DCDC2,-0.928589972510599,-0.953401558309179,-0.961661130608351,9.57528684352942e-17,5.0690545236547e-16,Early_Loss_Down,0.999560651425381,0.961661130608351
RACGAP1,0.304719880405628,0.263286085916906,0.401617012571129,0.00569524008834391,0.00897477523484151,Early_Burst_Up,0.941277839032613,0.401617012571129
IFT20,-0.215963145706311,-0.234103793867013,-0.188716715769832,9.50695109262187e-06,2.02915739914848e-05,Early_Loss_Down,0.984996052376584,0.234103793867013
PTPN18,0.437460918029378,0.433774919875754,0.435762990010384,9.45858359038585e-12,3.36817854682033e-11,Early_Burst_Up,0.999976090992551,0.437460918029378
CFH,1.00340522845187,0.895784370094204,0.926526500716734,8.72236549911589e-20,5.92067909328242e-19,Early_Burst_Up,0.995413482755927,1.00340522845187
CD82,0.476955415974424,0.45199251722933,0.37840111303018,3.20732706296367e-06,7.15202996194633e-06,Early_Burst_Up,0.982062265250744,0.476955415974424
S100A1,-1.22794305129938,-1.30804422740431,-1.09595371125407,4.13520473402303e-22,3.47607816126663e-21,Early_Loss_Down,0.989726168376181,1.30804422740431
MEIS1,-0.486243006917115,-0.592985406656615,-0.455379153867216,1.25475300772951e-13,5.18730975177594e-13,Early_Loss_Down,0.974447629601502,0.592985406656615
TWSG1,0.706754853708467,0.758979255908598,0.723328017262416,7.48698644134523e-32,1.58138835443845e-30,Early_Burst_Up,0.998221336461991,0.758979255908598
MAFF,0.484898534557947,0.505867353335455,0.413528085236486,3.62754308168487e-08,9.6049677142162e-08,Early_Burst_Up,0.986038613012749,0.505867353335455
EPSTI1,0.13487957281975,0.234678170570282,0.232875616282973,0.000230070085596147,0.000427280350888447,Mid_Plateau_Up,0.957156800021936,0.234678170570282
IFI44L,0.507516309897368,0.538188867458413,0.626474234970708,0.000275991137527765,0.000507804166815401,Early_Burst_Up,0.984021757537637,0.626474234970708
GNG10,0.358891592528412,0.32223505485209,0.35714692824551,1.65192266849883e-10,5.35539557742393e-10,Early_Burst_Up,0.995273872810674,0.358891592528412
TBC1D30,-0.888087091671104,-0.922875401504847,-0.859010672287462,2.00120827174114e-26,2.42417106803926e-25,Early_Loss_Down,0.998283409636857,0.922875401504847
TFF1,1.27225774884073,1.17891088437139,1.12921588504394,1.69831546138422e-14,7.46218652040101e-14,Early_Burst_Up,0.995099243485696,1.27225774884073
AFG1L,-0.451032463573629,-0.40673826868081,-0.404082743347938,1.92558681872133e-13,7.82457690693307e-13,Early_Loss_Down,0.994798919027944,0.451032463573629
TSPAN14,0.374700551611219,0.364864075674452,0.400238546580102,2.9067172395613e-07,7.08129416499683e-07,Early_Burst_Up,0.996934758432237,0.400238546580102
CELSR1,0.438402861106132,0.405655539314822,0.30274661051844,6.45336050806324e-07,1.52613998715835e-06,Early_Burst_Up,0.957193344182855,0.438402861106132
SLC35F6,0.189114753603727,0.205018848181641,0.165928393389298,0.029737606785433,0.0423978693966718,Early_Burst_Up,0.985536178643352,0.205018848181641
CD177,0.423240374656893,0.534132686742299,0.493412699741833,0.00146660411609426,0.00248677250491778,Early_Burst_Up,0.982529214156924,0.534132686742299
TSR2,0.278024867846145,0.260925805496195,0.248875599886826,0.0138207356907517,0.0206640608010126,Early_Burst_Up,0.99587764718418,0.278024867846145
DPY30,0.768503407996475,0.812910117464547,0.824862910470761,1.03032450022777e-16,5.43024730265707e-16,Early_Burst_Up,0.998177338400379,0.824862910470761
KNOP1,-0.186158197351821,-0.135363437508958,-0.117255619253072,0.0139228620355023,0.0207968864130522,Early_Trough,0.94545478802939,0.186158197351821
CXCL5,0.904997742325308,1.03975083180864,1.09936341640442,1.88784707287483e-13,7.68247596110726e-13,Early_Burst_Up,0.987402458148718,1.09936341640442
ARAP3,0.164832516135677,0.184979661136471,0.236197591423423,0.00150869770222834,0.00255242575278395,Early_Burst_Up,0.955808651467954,0.236197591423423
IDS,0.202260649498044,0.168168508702076,0.208620353270017,0.0239981251454744,0.0346662727756705,Early_Burst_Up,0.983483778796963,0.208620353270017
ZSCAN18,-0.158617624409417,-0.185209988495034,-0.155115689697199,0.00144854458757615,0.00245954882112082,Early_Loss_Down,0.987194442151711,0.185209988495034
BORCS7,0.47767802969491,0.470714286380269,0.494916630743617,5.37444199700499e-09,1.52440716765765e-08,Early_Burst_Up,0.99910695514397,0.494916630743617
RAB3C,-0.687712138767914,-0.78553488668522,-0.663889099179714,2.42405642793548e-13,9.75955374614372e-13,Early_Loss_Down,0.989257036252462,0.78553488668522
PIP5K1A,0.336153974034929,0.330291934571307,0.419930149946731,3.57355750973977e-11,1.21682265122972e-10,Early_Burst_Up,0.975372619142296,0.419930149946731
SUCO,-0.694521309366555,-0.667546731859515,-0.599617795779006,3.67004401718274e-18,2.16610683056701e-17,Early_Loss_Down,0.992625087496022,0.694521309366555
WWP2,-0.191397091254414,-0.196063815545917,-0.164296993978008,0.000213704620467532,0.000398309037296932,Early_Loss_Down,0.988600610095088,0.196063815545917
SSNA1,0.158601905459155,0.180319869839964,0.181093459017695,0.0152999971207605,0.0227328291446114,Early_Burst_Up,0.992843240964585,0.181093459017695
XIRP1,0.252572729041569,0.321515967114104,0.318214381944879,2.83867059761202e-06,6.36235300655192e-06,Early_Burst_Up,0.977960280508332,0.321515967114104
TAPT1,-0.34138218896301,-0.348740602745266,-0.305092143260205,1.05678949032223e-06,2.44702341081291e-06,Early_Loss_Down,0.993449171282583,0.348740602745266
OGFOD1,0.343574309094962,0.374624256416977,0.398022726918128,8.7709564031761e-08,2.24590459037635e-07,Early_Burst_Up,0.992891296535019,0.398022726918128
PRKAR1B,-0.362442078551265,-0.38566233022275,-0.370404291360885,8.55656888903542e-08,2.19370814216121e-07,Early_Loss_Down,0.998667188168862,0.38566233022275
KDM1B,-0.152261687115833,-0.121880020295829,-0.0863891963897154,0.0267948989742794,0.0384792319696209,Early_Trough,0.965216374347131,0.152261687115833
TSPAN31,-0.647620062874443,-0.669744665210772,-0.626900778794949,1.37503570804216e-12,5.23709252280406e-12,Early_Loss_Down,0.99854589594192,0.669744665210772
SLC39A11,0.386536215326878,0.331507305804214,0.343526787523119,5.57350175790915e-06,1.21547907833648e-05,Early_Burst_Up,0.99120391922552,0.386536215326878
SLC25A15,-1.00246100410941,-0.996700376772779,-1.03546287891849,8.06895362635964e-27,1.00977191095586e-25,Early_Loss_Down,0.99943042379872,1.03546287891849
TMEM181,-0.401737449751438,-0.425451619512876,-0.417002106402318,1.38343679879596e-09,4.14433442749459e-09,Early_Loss_Down,0.998882033487986,0.425451619512876
ERGIC2,-0.37219419204474,-0.314870529011564,-0.275156946037399,1.12834127442511e-06,2.60598255535751e-06,Early_Loss_Down,0.970512191709961,0.37219419204474
FAM8A1,-0.330605584490665,-0.315535743432374,-0.311148666332427,6.62411171182631e-07,1.56429789063049e-06,Early_Loss_Down,0.998638935257771,0.330605584490665
CLDN3,-1.38141865462592,-1.54702162840046,-1.31439717538463,8.04491642733534e-28,1.11582990847141e-26,Early_Loss_Down,0.990576844941586,1.54702162840046
RNF181,0.337145530698421,0.388567226907444,0.377191679672453,2.99929162516531e-06,6.71331492862446e-06,Early_Burst_Up,0.992879647631599,0.388567226907444
XYLT1,0.505631148973971,0.560007284387877,0.486663558669489,1.70485906518996e-22,1.480985087736e-21,Early_Burst_Up,0.992859676107267,0.560007284387877
LRRC20,0.393686154455043,0.353163260713655,0.346283176219654,4.14999795638646e-07,9.96430553752109e-07,Early_Burst_Up,0.99347581460648,0.393686154455043
UXT,0.180183969763295,0.160495073477587,0.190634218101179,0.000615847983665264,0.00109067608428651,Early_Burst_Up,0.990190464883599,0.190634218101179
SYF2,-0.207962386167506,-0.18488064510774,-0.152167919564501,7.82544735815701e-05,0.00015205083566328,Early_Loss_Down,0.969683519912317,0.207962386167506
VRK3,-0.347943636476512,-0.336184106659301,-0.273419470697223,2.688068803549e-11,9.22098457672495e-11,Early_Loss_Down,0.979630713668242,0.347943636476512
ST3GAL1,0.378508342186317,0.377855120393443,0.267554122665892,1.52710053770428e-06,3.49615699443604e-06,Early_Burst_Up,0.956340473539718,0.378508342186317
CARD19,0.143883395449773,0.134072806917545,0.0503308524985148,0.00942564877727372,0.0144697010006405,Early_Peak,0.964807211744021,0.143883395449773
GZMK,0.225465899180617,0.248235973782411,0.393798134272689,0.00248099558220027,0.00409091445117311,Monotonic_Up,0.955602579177532,0.393798134272689
CHURC1,0.355660875556989,0.363027497147019,0.377168800349028,5.57160485957481e-06,1.21538389623543e-05,Early_Burst_Up,0.998808307884835,0.377168800349028
ANKRD54,0.326045985015502,0.266762094807199,0.302359574422852,3.60817118105686e-06,8.00298522621407e-06,Early_Burst_Up,0.986926010008199,0.326045985015502
CGREF1,0.253997852145624,0.118542132074601,0.189796574669131,0.00181384203338654,0.00304207847679217,Early_Burst_Up,0.861156153495012,0.253997852145624
GABARAP,-0.277882480042327,-0.29895740623596,-0.230718978365907,1.33127347393158e-07,3.36743399697829e-07,Early_Loss_Down,0.978265482974528,0.29895740623596
NUDT14,-0.128952802464074,-0.153476993535047,-0.164903949539709,0.0164075325561738,0.0242916715766728,Early_Loss_Down,0.980360035913298,0.164903949539709
SELENOW,0.166078166105468,0.179354551045217,0.103408626815645,0.00540178838341014,0.00853496922854362,Early_Burst_Up,0.914395831320508,0.179354551045217
MIEF1,-0.273707689443425,-0.285727696600497,-0.271749728700639,1.76886433934725e-11,6.14377672456086e-11,Early_Loss_Down,0.99900650972985,0.285727696600497
SHANK2,-0.462788888839623,-0.443864689897694,-0.412754232183399,2.42265508257679e-14,1.05336131646834e-13,Early_Loss_Down,0.995629269274071,0.462788888839623
SERINC1,0.224931522449041,0.187712089419239,0.208336494760576,0.000879692826342514,0.00152962885516557,Early_Burst_Up,0.989353188250951,0.224931522449041
FAM111A,0.214085781250722,0.15298285468217,0.213900306266153,0.00346969565682069,0.00562532773350122,Early_Burst_Up,0.958607099060563,0.214085781250722
LIMS4,0.152683415240538,0.158543104281414,0.163112021893637,0.0197492288403459,0.028849057821548,Early_Burst_Up,0.998545676977631,0.163112021893637
FBXW2,-0.126887002852365,-0.179625303702918,-0.147001718350091,5.50009799791311e-05,0.000109009827566997,Early_Loss_Down,0.961068026164677,0.179625303702918
C1orf122,0.149928090438383,0.143577886952159,0.171221829707976,0.00557037724330012,0.00879132930376325,Early_Burst_Up,0.988550609127538,0.171221829707976
PUS10,-0.193486351897288,-0.209305169370978,-0.184897106478409,1.68353970033584e-05,3.51402492756329e-05,Early_Loss_Down,0.994716048403372,0.209305169370978
FAM13A,-1.01942884850945,-0.978752700485719,-0.948317741615097,3.20852704870202e-36,1.15590312118174e-34,Early_Loss_Down,0.998245185037922,1.01942884850945
MED18,0.10970555148724,0.15085039628278,0.172851958264631,0.00183561653587348,0.00307735713367025,Monotonic_Up,0.940484980238226,0.172851958264631
ZBTB8OS,-0.28256828774838,-0.285353453931766,-0.291315290769337,3.72672692472047e-10,1.17565661362865e-09,Early_Loss_Down,0.999675594434219,0.291315290769337
KIRREL1,0.179316158444399,0.172070231700347,0.220831919098331,0.00135245120438493,0.00230542788260782,Early_Burst_Up,0.975554855673642,0.220831919098331
PPM1K,-1.13352164584221,-1.13830123913939,-1.06774608336289,2.31910492598306e-37,9.69828703217639e-36,Early_Loss_Down,0.998331535001219,1.13830123913939
MAPK1IP1L,0.256976899627573,0.220010148462112,0.242666709577493,0.000112724072172827,0.000215504187599877,Early_Burst_Up,0.992045584675161,0.256976899627573
MLPH,0.832520149541907,0.840309274060702,0.758472457806042,3.37759941142653e-20,2.40037423585752e-19,Early_Burst_Up,0.995883945290863,0.840309274060702
AIF1L,-0.732744552186357,-0.781032722278001,-0.708938582852947,3.65060551821176e-21,2.84726702179553e-20,Early_Loss_Down,0.996738586352225,0.781032722278001
PSMG3,0.336018384965011,0.28489049799106,0.334602455123689,8.64663296768997e-05,0.000166954244912102,Early_Burst_Up,0.989038682331856,0.336018384965011
DGUOK,-0.33461027088738,-0.376895092176914,-0.333046682061225,1.96851525275995e-15,9.33978559490784e-15,Early_Loss_Down,0.99326241938478,0.376895092176914
DUS2,-0.35048958005709,-0.310899448041506,-0.215411493550771,2.99566865563244e-09,8.69245277272426e-09,Early_Trough,0.944653510419317,0.35048958005709
HDAC10,0.218588852760997,0.233180840460571,0.314481396783407,3.74922163604657e-06,8.30035181036967e-06,Early_Burst_Up,0.949531874673308,0.314481396783407
SLC5A1,-0.284391054088298,-0.232783057954816,-0.38605495931853,0.0108005546778455,0.0164378595517613,Early_Loss_Down,0.920997223719962,0.38605495931853
YEATS2,-0.0888631197543837,-0.12072407905262,-0.0217728928046419,0.0206654535362115,0.0301134484903436,Mid_Trough,0.872928301627842,0.12072407905262
COQ10B,-0.761585685791304,-0.667063570386252,-0.716035488413664,2.38493517362385e-26,2.86398708728682e-25,Early_Loss_Down,0.994220726385372,0.761585685791304
HAUS6,0.164232239562313,0.176616119816365,0.214843963789358,2.43288156831075e-05,4.99665360599262e-05,Early_Burst_Up,0.974001282176819,0.214843963789358
ZNF618,0.183395249175776,0.177562626694492,0.17969747419366,0.00158788029676526,0.00268093727524457,Early_Burst_Up,0.999642688132919,0.183395249175776
PAN3,-0.185785546590476,-0.19162320058776,-0.0839551175186125,8.09832116934492e-05,0.000157132732038444,Early_Trough,0.939172531504424,0.19162320058776
ITM2B,0.376889531602721,0.361214754138605,0.35310898436281,4.61934501867446e-09,1.3174156698221e-08,Early_Burst_Up,0.998530360577706,0.376889531602721
TNN,0.528628484955356,0.596287048158668,0.612045552106806,1.54090931272961e-14,6.78848454236943e-14,Early_Burst_Up,0.992278439931087,0.612045552106806
NUDT1,0.38968048340548,0.338628191219593,0.405010207298084,2.95159268474262e-09,8.57554641317329e-09,Early_Burst_Up,0.988901575751178,0.405010207298084
RXRA,-0.127688541412746,-0.175234767872643,-0.143811706011995,0.00504420416415608,0.00799273934769743,Early_Loss_Down,0.966596215583351,0.175234767872643
BOLA3,-0.602728756099254,-0.606874368551582,-0.540684228557485,2.44987717838691e-19,1.60787680430093e-18,Early_Loss_Down,0.994658525149337,0.606874368551582
TMEM131,-0.27044493407566,-0.262164943604626,-0.219461647647604,6.4052656658979e-07,1.51562754824004e-06,Early_Loss_Down,0.984486937408542,0.27044493407566
PRG3,0.310184871255508,0.2673897519266,0.460145294148503,0.010949614279337,0.0166494957121584,Early_Burst_Up,0.902276584924889,0.460145294148503
DMAC2,-0.735974018359755,-0.797766147450075,-0.747677451240403,5.65908574855795e-30,9.97773550836849e-29,Early_Loss_Down,0.997525342698059,0.797766147450075
LZTR1,0.17952920008112,0.181740396913682,0.212219616536241,2.01733957776051e-05,4.18035357722184e-05,Early_Burst_Up,0.988040474017262,0.212219616536241
FBXW9,0.275140344684863,0.210925318904492,0.193464807749237,1.36169103572592e-05,2.86740708484594e-05,Early_Burst_Up,0.955136536468618,0.275140344684863
NDUFAF3,-0.11314198823838,-0.143760853140227,-0.203533385393241,0.00157294801197929,0.00265788291486125,Monotonic_Down,0.969016797348562,0.203533385393241
KDM4A,-0.125077511034836,-0.115462205184781,-0.0995408555057258,0.0333196182161049,0.0471093888539628,Early_Loss_Down,0.983174985192224,0.125077511034836
TRMT61B,-0.501351402415703,-0.543515459096027,-0.475857351953078,1.57985556878147e-23,1.4789154154555e-22,Early_Loss_Down,0.993996072790461,0.543515459096027
CD40,0.206894720232855,0.0925931632881955,0.121542294336606,0.0165985357608758,0.0245482521062749,Early_Peak,0.895441497609885,0.206894720232855
SUFU,0.168400557968718,0.187421712869025,0.164303576171464,0.000445568227116344,0.00080017669099314,Early_Burst_Up,0.993317612393045,0.187421712869025
IRF5,0.189671259806193,0.200360397594089,0.272866785054417,5.57611747789298e-06,1.21573093138657e-05,Early_Burst_Up,0.948347651550338,0.272866785054417
UQCR10,-0.567489427304203,-0.61364161332405,-0.652741142113307,1.76741698262814e-16,9.13000877059678e-16,Early_Loss_Down,0.993564668258366,0.652741142113307
AP5M1,0.149000492815954,0.118054638815418,0.144130291376416,0.0128115209476302,0.0192693795998877,Early_Burst_Up,0.98090908447964,0.149000492815954
KCTD9,0.10555946931757,0.125154678803167,0.132038392652434,0.0041047779361384,0.00656922345856611,Early_Burst_Up,0.983219531617021,0.132038392652434
JMY,-0.230868065462069,-0.264341902135344,-0.220906206907884,1.23145203769335e-07,3.12253012117125e-07,Early_Loss_Down,0.988100902816264,0.264341902135344
ASF1A,-0.137931720393713,-0.176766233170445,-0.0449598368249895,0.00144877533298898,0.00245954882112082,Mid_Trough,0.884840103516485,0.176766233170445
TAPBPL,0.0678694037583008,0.120329305693324,0.181430184355519,0.0194012959991452,0.0283607211145066,Monotonic_Up,0.998868162908161,0.181430184355519
TSPAN6,-0.586868491227203,-0.558507315425297,-0.551562917507151,1.65935046784943e-11,5.78271130378683e-11,Early_Loss_Down,0.998545294783677,0.586868491227203
ZBTB33,-0.225573185796553,-0.213211274899382,-0.152611315739344,0.00022536628226212,0.000419293136817653,Early_Loss_Down,0.9514620606157,0.225573185796553
GSTCD,-0.214410503350826,-0.216604061309235,-0.190391783286149,8.95311527283888e-07,2.08705392998782e-06,Early_Loss_Down,0.993492497271894,0.216604061309235
PTPRN2,-0.148449878816524,-0.325416933115987,-0.352278048206471,3.9006018248037e-06,8.61715115105294e-06,Mid_Plateau_Down,0.989156521039712,0.352278048206471
B3GNT7,-0.475887894862326,-0.435669933162629,-0.42186130196309,8.85186628730961e-06,1.89468187353371e-05,Early_Loss_Down,0.99472480645025,0.475887894862326
ATR,0.158695612815331,0.186320234124999,0.184175284944699,0.00398988440694606,0.00640011912771879,Early_Burst_Up,0.990031662331467,0.186320234124999
MRPL14,-0.114732455648915,-0.237058815607461,-0.21630141860952,0.00244204084423756,0.0040302644114452,Mid_Plateau_Down,0.969332296919177,0.237058815607461
SAMD4A,0.160981695827369,0.200574627350671,0.19943104039564,0.0152561922085837,0.0226839434625394,Early_Burst_Up,0.981179276329161,0.200574627350671
CDC123,0.242834552144598,0.252147420925335,0.246168384843198,8.99204036084654e-05,0.000173342042814373,Early_Burst_Up,0.999513946806754,0.252147420925335
ATG4C,-0.110259783579207,-0.142831322588479,-0.0685963440044965,0.0261878985942836,0.0376660373490543,Mid_Trough,0.946224011595637,0.142831322588479
HIKESHI,0.258639701173613,0.262251255038075,0.30582539424124,1.08988686121513e-06,2.52085560284388e-06,Early_Burst_Up,0.988105944503352,0.30582539424124
ARHGAP6,-0.16413907489336,-0.176749431626032,-0.135107728267658,0.0312812244583979,0.0444539532006127,Early_Loss_Down,0.976690967913121,0.176749431626032
SLC39A7,-1.12813209599401,-1.0976787681125,-1.01955595927888,4.19792045454623e-18,2.46195165769794e-17,Early_Loss_Down,0.99644543254935,1.12813209599401
PTGES,0.707729463865467,0.66085627155921,0.459512025114152,2.528675394471e-09,7.38632384443232e-09,Early_Burst_Up,0.942852763947728,0.707729463865467
ATG13,-0.114321616238032,-0.101009042178876,-0.0631604064362382,0.0118545744669813,0.0179305286648888,Early_Trough,0.95973181130296,0.114321616238032
SLC39A10,0.318740538999089,0.342041939782204,0.320897622378582,5.38521143826395e-10,1.67410271158881e-09,Early_Burst_Up,0.997942045742846,0.342041939782204
OGFRL1,0.202950677659422,0.201474573631138,0.214980005587366,0.00244092144583124,0.00402962671537544,Early_Burst_Up,0.998287898417628,0.214980005587366
DDX28,-0.567018561238776,-0.614657579166268,-0.550803662532612,8.43643047461406e-19,5.32685693548849e-18,Early_Loss_Down,0.995624585720909,0.614657579166268
DCUN1D5,-0.216665334796189,-0.214115955424134,-0.170863687909692,0.000863117293300751,0.00150237651429593,Early_Loss_Down,0.978735043447063,0.216665334796189
PRSS8,0.309685072382493,0.332387382324845,0.331636714211923,1.30115016436345e-07,3.29424145659648e-07,Early_Burst_Up,0.997901733017156,0.332387382324845
USP22,0.443874624099814,0.433645646249594,0.482943287184686,4.07980075361311e-13,1.62450248189322e-12,Early_Burst_Up,0.995640180980025,0.482943287184686
BRMS1,-0.161421253418003,-0.161568588994601,-0.163461453804681,0.0137782324005368,0.0206116214339865,Early_Loss_Down,0.999934360493374,0.163461453804681
SGPP1,-0.384811448504483,-0.340561617549491,-0.30050482685934,6.55293793019233e-09,1.84484267439312e-08,Early_Loss_Down,0.980319274814318,0.384811448504483
AMACR,0.198188103810554,0.218169678362395,0.205189941831691,0.00414272959653696,0.00662741170749339,Early_Burst_Up,0.996822210783119,0.218169678362395
PUS7L,-0.237749969361207,-0.207832456970575,-0.170206031032964,2.72044065324457e-05,5.56389951248495e-05,Early_Loss_Down,0.965608757185054,0.237749969361207
DPH5,-0.381035279074675,-0.342053824247609,-0.222014291659008,5.20716344224876e-08,1.36270484799982e-07,Early_Trough,0.951192044420125,0.381035279074675
RETREG3,0.270845090962593,0.252232387703081,0.270968073219928,0.000425506931780673,0.000765470965473144,Early_Burst_Up,0.997794897976012,0.270968073219928
PON3,-0.712987326962545,-0.775360677803353,-0.639401990308013,2.69972502748795e-22,2.31143124267024e-21,Early_Loss_Down,0.987944964048214,0.775360677803353
CDR2,0.108275355773196,0.109113928611059,0.149848505704479,0.00375362306157444,0.00604794794161133,Early_Burst_Up,0.95324740626437,0.149848505704479
EIF2AK3,-0.603974596877736,-0.645567004188242,-0.476085986395053,7.10546246710175e-17,3.7929222996293e-16,Early_Loss_Down,0.96997005980443,0.645567004188242
ABCB8,-0.35598157571623,-0.373825787085019,-0.379203039945665,2.32862801665214e-10,7.42484381401499e-10,Early_Loss_Down,0.998561425208475,0.379203039945665
PEX11B,0.328399937584859,0.257066718883568,0.216501818622195,0.000146651576311064,0.000277750208935064,Early_Burst_Up,0.945014763431594,0.328399937584859
SUPT4H1,0.268928880939536,0.260617908782212,0.254534990190548,0.000235349728989668,0.000436306626119852,Early_Burst_Up,0.998982471618657,0.268928880939536
CARNMT1,-0.575759057263289,-0.566317797621755,-0.53129937021015,1.51145251720264e-23,1.41647610902707e-22,Early_Loss_Down,0.997656924804452,0.575759057263289
UBAC2,0.241672757216429,0.233464684560572,0.212327734204724,0.000105320632683934,0.000201954890959287,Early_Burst_Up,0.994230390798431,0.241672757216429
ITFG2,0.199547914731983,0.193890029588356,0.209900933170346,0.000107932385914741,0.000206771021082521,Early_Burst_Up,0.997833837096313,0.209900933170346
NHS,0.583305980169881,0.638723724674277,0.521858214378115,4.3692223086528e-20,3.07359831382998e-19,Early_Burst_Up,0.986782043296594,0.638723724674277
FHIP1B,0.285277833716295,0.31154344174871,0.284379977776357,2.34569235695886e-10,7.47638904427868e-10,Early_Burst_Up,0.996340818279779,0.31154344174871
GFER,-0.0913772290982355,-0.158533655203508,-0.177096848250017,0.0295819081445266,0.0422120438235169,Mid_Plateau_Down,0.966609558065913,0.177096848250017
C8orf33,-0.162996386467687,-0.184734347266982,-0.0738075948185977,0.00121450012343158,0.00208307296520973,Early_Trough,0.910249092578704,0.184734347266982
FYN,0.16802709330847,0.209035582710494,0.20715503483106,0.000397770189803248,0.000719305414937556,Early_Burst_Up,0.981670218214304,0.209035582710494
PRKCZ,-0.315321259975638,-0.311983353395803,-0.247311035898767,5.2382838880002e-07,1.24763161967773e-06,Early_Loss_Down,0.97771028312019,0.315321259975638
PDF,-0.489035998762098,-0.513350545862595,-0.477069273661543,1.24096009661567e-17,7.03492501637302e-17,Early_Loss_Down,0.998131401662518,0.513350545862595
RAB19,-0.250085667948318,-0.21678085108901,-0.202339583299575,0.00236364807839548,0.0039129260609523,Early_Loss_Down,0.984311190384572,0.250085667948318
SYNC,0.180538636153253,0.184011565233756,0.222654103705894,0.0190207534731702,0.0278435726303822,Early_Burst_Up,0.981506612123627,0.222654103705894
PNO1,-0.108838150188538,-0.128522514603693,-0.112504104524447,0.0297301598268158,0.0423945150923168,Early_Loss_Down,0.989427035824212,0.128522514603693
C18orf32,-0.569606546366047,-0.616352584599939,-0.552206841262509,1.96839770842637e-13,7.98294626195141e-13,Early_Loss_Down,0.995657621259068,0.616352584599939
CYTH3,0.174906459972862,0.208749411503062,0.187558726260827,0.000164898382243155,0.000311246163989007,Early_Burst_Up,0.989416243436591,0.208749411503062
MED10,-0.249626549147675,-0.257931304101713,-0.204979941993467,1.40388513463944e-07,3.54249002136733e-07,Early_Loss_Down,0.981365183551165,0.257931304101713
PRDM2,0.152779976412313,0.17909979997924,0.218236153250807,2.20953805878437e-05,4.56159159642857e-05,Early_Burst_Up,0.959574565140965,0.218236153250807
CD99L2,-0.122829022628907,-0.185252033918215,-0.153585403372363,0.00561401741517892,0.00885684415717895,Early_Loss_Down,0.949285401969852,0.185252033918215
PPP1R14A,0.344402273083493,0.353370566601384,0.268827842497128,0.00373696750546713,0.0060257786437701,Early_Burst_Up,0.973402014182343,0.353370566601384
MB21D2,0.384705355909599,0.386987048634231,0.419834292382075,1.24452709376637e-15,5.98667888689235e-15,Early_Burst_Up,0.996750246880605,0.419834292382075
HMGA2,0.639958072834303,0.922675906252204,0.759754898471089,6.57365664899506e-07,1.55326435641502e-06,Early_Burst_Up,0.957998909496638,0.922675906252204
FBN2,0.677027680882949,0.620316917885003,0.563042861984762,1.56947286496951e-10,5.09405350322786e-10,Early_Burst_Up,0.988924835080685,0.677027680882949
BRMS1L,-0.2798053302618,-0.343054799487839,-0.345507357632367,2.18678374115535e-11,7.53869689059438e-11,Early_Loss_Down,0.982707286055869,0.345507357632367
SLC16A7,-1.20395553994465,-1.25611685579651,-1.16257421000847,3.07214479220096e-28,4.47747617525331e-27,Early_Loss_Down,0.997996909790811,1.25611685579651
RFK,0.435119727711467,0.393588618168426,0.409198388946336,7.91955068860516e-08,2.0378397065772e-07,Early_Burst_Up,0.996571625347548,0.435119727711467
OXNAD1,-0.635709492246686,-0.681643183338774,-0.706309562720221,1.4048331661635e-20,1.03277576049581e-19,Early_Loss_Down,0.996259282004032,0.706309562720221
SEMA7A,0.555176676835243,0.678864643580274,0.666452739204218,1.43264486705214e-21,1.15639869870106e-20,Early_Burst_Up,0.984934323976714,0.678864643580274
HNF4A,-0.380918069383343,-0.422883108256759,-0.398007772609454,7.08821942191987e-07,1.66633226071235e-06,Early_Loss_Down,0.996320591357768,0.422883108256759
TMEM115,-0.391602989514049,-0.394449104872142,-0.388929873720264,4.41648625780586e-10,1.38381018966342e-09,Early_Loss_Down,0.999933791295049,0.394449104872142
MZT2A,0.654178878681999,0.560891180699735,0.648361562170756,1.23060395196654e-12,4.69774591204841e-12,Early_Burst_Up,0.990692787627881,0.654178878681999
ZNF703,0.345449717460394,0.349967066974869,0.326339075899849,2.22977473514863e-10,7.12603123882752e-10,Early_Burst_Up,0.998196616943772,0.349967066974869
RBP5,-0.39113508977671,-0.471068503688258,-0.38998320689669,3.54373612804806e-05,7.14932655942206e-05,Early_Loss_Down,0.983861335713856,0.471068503688258
RPS6KC1,-0.189746557008867,-0.203194516397935,-0.153222638160824,7.45117228734965e-05,0.000145321433736405,Early_Loss_Down,0.974139136788138,0.203194516397935
MED13,0.124642064970779,0.157816737190097,0.150212249395823,0.00991215343132284,0.0151550506807769,Early_Burst_Up,0.981183815688417,0.157816737190097
KRT6B,0.928801282124299,1.09622825162979,1.01254341970428,1.45403943083203e-11,5.08638761806816e-11,Early_Burst_Up,0.991008537541012,1.09622825162979
RSPRY1,-0.228329147753394,-0.183065109791277,-0.15898326813237,0.00042256962793854,0.000761174122013968,Early_Loss_Down,0.957191180640546,0.228329147753394
VKORC1L1,0.569676611381266,0.501330378471367,0.497771481867025,6.83873539153324e-07,1.61041188252234e-06,Early_Burst_Up,0.992086836232473,0.569676611381266
AADAC,-1.18329327503399,-1.09802264426851,-1.05550870752915,8.49875800668186e-18,4.88106722785414e-17,Early_Loss_Down,0.995467237330993,1.18329327503399
PCDH7,0.238030074026387,0.291005839728691,0.33133134032711,3.31020479451493e-07,8.01499106777808e-07,Early_Burst_Up,0.966288498084087,0.33133134032711
GPN1,0.229498154164093,0.204305795285763,0.266081827624704,0.000195517289880266,0.000366160372543163,Early_Burst_Up,0.977168887427037,0.266081827624704
CPLX2,-0.492331742947771,-0.578572168724127,-0.471484152253022,1.15116635550579e-05,2.43945651649196e-05,Early_Loss_Down,0.984126993442164,0.578572168724127
PNPLA2,-0.0755060785118207,-0.139797561505243,-0.0673707687797484,0.0281574651856736,0.0403176918918059,Mid_Trough,0.998190387645841,0.139797561505243
CRYBG2,0.462039440036717,0.483539994383604,0.406992786014622,5.04637178632321e-08,1.32228923192008e-07,Early_Burst_Up,0.989930460544785,0.483539994383604
ZCCHC17,-0.492868370275267,-0.440313483545526,-0.428998613006551,3.65431389498515e-18,2.1583534587698e-17,Early_Loss_Down,0.992571602888977,0.492868370275267
NPRL3,0.189640959686461,0.13738230132455,0.178934984693139,0.0151588489842305,0.0225593600226693,Early_Burst_Up,0.9660854861952,0.189640959686461
MACROD2,-0.145871820061538,-0.191693093686251,-0.118835353942043,0.0213206967989116,0.030976054252888,Mid_Trough,0.956759882330017,0.191693093686251
ZCCHC9,-0.152931103489131,-0.14832204753606,-0.0920944572104531,0.0321780990982357,0.0456427715519887,Early_Trough,0.934452717545914,0.152931103489131
REPIN1,-0.150855157347548,-0.161005538335459,-0.117715528439068,0.0102682121493936,0.0156764009369389,Early_Loss_Down,0.968248840533819,0.161005538335459
LIPG,-0.235579969940849,-0.275034636601534,-0.322092956120014,0.0309796280032981,0.0440629745758754,Early_Loss_Down,0.969034995020493,0.322092956120014
GDPD3,0.312996186883379,0.322604555881099,0.239207260362729,0.00537230299639853,0.00848999345537952,Early_Burst_Up,0.96886934993611,0.322604555881099
ALS2,-0.146161581476778,-0.172097331976243,-0.13224832718714,0.000406340258121628,0.000733687053176001,Early_Loss_Down,0.976659081202751,0.172097331976243
YJU2,-0.149612466980332,-0.133541813006524,-0.0595172616738263,0.021216121547928,0.0308297989364371,Early_Trough,0.974171789339909,0.149612466980332
C11orf52,-0.69479929155613,-0.649618276091374,-0.727200106936341,3.16773761584169e-12,1.16904268022326e-11,Early_Loss_Down,0.995781307848954,0.727200106936341
CD209,-0.145737883768336,-0.287595258117187,-0.210929963584262,0.0137859703808282,0.020619490566005,Mid_Trough,0.962150089995492,0.287595258117187
YPEL5,0.198263463230924,0.201390263203869,0.191355776367341,0.0023414090328715,0.003877652929663,Early_Burst_Up,0.999095488871727,0.201390263203869
ERCC1,0.283993632861776,0.226089153766458,0.238091141675299,3.84697383479886e-05,7.74498910234453e-05,Early_Burst_Up,0.980559207590582,0.283993632861776
ADAMTS7,0.808984069975354,0.839482536362678,0.846767729609057,8.58187020300742e-22,7.02936258163659e-21,Early_Burst_Up,0.999226481411171,0.846767729609057
CCDC28A,-0.455840135598216,-0.436485920180478,-0.37362353532191,9.98256947905074e-21,7.47749263768319e-20,Early_Loss_Down,0.986446062941659,0.455840135598216
NUDT3,0.0678804499707144,0.177158793768641,0.197561731182133,0.00414223570993492,0.00662741170749339,Mid_Plateau_Up,0.996488451887376,0.197561731182133
CHPF,0.370630743768316,0.366261376878769,0.382599232782282,3.40863568406305e-11,1.16352199191028e-10,Early_Burst_Up,0.999315671539028,0.382599232782282
GPR89A,-0.341909719908346,-0.438106425716182,-0.471599973232946,1.47451442080797e-07,3.70834361135206e-07,Early_Loss_Down,0.966989565190697,0.471599973232946
TRAF7,0.00160460875046228,0.0772056684712934,0.145831908882786,0.00985059191888644,0.0150692327112083,Monotonic_Up,0.949066532395607,0.145831908882786
KCTD18,-0.177062982730385,-0.219910136359023,-0.202937052863118,6.53956184552635e-08,1.6932866732567e-07,Early_Loss_Down,0.984828660618527,0.219910136359023
SLC15A4,0.499086229886189,0.44144793481341,0.47920428153277,5.15885907353749e-10,1.60553572213833e-09,Early_Burst_Up,0.994935675782612,0.499086229886189
MRPL54,-0.454876573214256,-0.473209511006301,-0.44679542547528,3.97718309296677e-17,2.1576347913735e-16,Early_Loss_Down,0.998839134047626,0.473209511006301
NT5C3B,-0.323037415247716,-0.306931234855138,-0.211981926844548,7.64770540914597e-09,2.14218123241039e-08,Early_Loss_Down,0.944098937503284,0.323037415247716
PTDSS1,-0.379631181643883,-0.365440108417088,-0.401904846425717,2.51173834765502e-06,5.65090200843067e-06,Early_Loss_Down,0.996932309791828,0.401904846425717
AFMID,-0.662907275000382,-0.612121285228616,-0.61530128231093,1.55028762661044e-17,8.7349313667245e-17,Early_Loss_Down,0.997293319333109,0.662907275000382
METTL17,-0.274953291581171,-0.239063773902304,-0.24411717571681,3.76079835247334e-06,8.32376699183063e-06,Early_Loss_Down,0.992212355322114,0.274953291581171
VKORC1,-0.479208040875618,-0.521017090168109,-0.567371617931294,1.58375296012881e-06,3.62087695994283e-06,Early_Loss_Down,0.990635563357577,0.567371617931294
SH2B1,-0.339138634090176,-0.335934462875704,-0.30364624577037,2.34987325293298e-09,6.89550254263339e-09,Early_Loss_Down,0.995206366185344,0.339138634090176
TIMM10B,0.319896347545708,0.330352403475581,0.294548483111948,0.000557485633173034,0.000992384051179891,Early_Burst_Up,0.995474180607713,0.330352403475581
CEP68,-0.519965264414262,-0.545107276055498,-0.450428364201166,5.08190663060805e-22,4.2376379739399e-21,Early_Loss_Down,0.987665028284471,0.545107276055498
TBP,-0.165366592187522,-0.215390459310169,-0.125261138692112,1.58101678928709e-05,3.30832831793995e-05,Mid_Trough,0.955341466839543,0.215390459310169
CTNNAL1,-0.833056368720061,-0.849867177138873,-0.789545983436208,5.43523371227992e-31,1.06428270479043e-29,Early_Loss_Down,0.998103136029843,0.849867177138873
TIMM8B,-0.426588813134474,-0.431103199360301,-0.417133588366276,3.25857207087212e-15,1.51496294825686e-14,Early_Loss_Down,0.999624953055432,0.431103199360301
OGDHL,-0.885034361095628,-0.954486583218059,-0.872852095199716,3.91298268114332e-29,6.17909712950184e-28,Early_Loss_Down,0.996851614645759,0.954486583218059
RNF7,0.36945494395897,0.341044277316196,0.27781545199441,3.80985897727941e-05,7.67319612994173e-05,Early_Burst_Up,0.974015275522324,0.36945494395897
ZNHIT6,0.289219535873458,0.361472262737724,0.383660741268139,5.25790786879183e-08,1.3751197135162e-07,Early_Burst_Up,0.973721069500926,0.383660741268139
CD53,0.808414718689151,0.776058851992356,0.83114673970959,4.76107067170022e-20,3.32954875041086e-19,Early_Burst_Up,0.998427658685686,0.83114673970959
HLA-DQA1,0.742554914313648,0.729303750215713,0.645057787090594,2.62448767099765e-09,7.64827472694611e-09,Early_Burst_Up,0.992594830743727,0.742554914313648
MORF4L2,0.303148735103033,0.276166072683195,0.318797545440057,3.06640429911821e-10,9.73250060154911e-10,Early_Burst_Up,0.993152138727415,0.318797545440057
MRPS12,-0.189371945562659,-0.204487471974321,-0.173127984923966,7.36468513053739e-05,0.00014366833018362,Early_Loss_Down,0.990943331371482,0.204487471974321
S100B,-0.493605575071212,-0.600417133165243,-0.578017157948978,4.27418577278645e-05,8.57516248821813e-05,Early_Loss_Down,0.986654184035315,0.600417133165243
ALKBH4,-0.357371441472717,-0.286459949042949,-0.284384446556965,1.18990312314882e-10,3.89550503180349e-10,Early_Loss_Down,0.976785758469424,0.357371441472717
PCBD2,-0.285677326081167,-0.310985734315385,-0.313878350393694,3.56179607038397e-05,7.18402009155002e-05,Early_Loss_Down,0.996534309264228,0.313878350393694
AQP8,-2.39580568520844,-2.40147838000259,-2.29899428829275,5.50520615241274e-30,9.72703303617384e-29,Early_Loss_Down,0.999210279790447,2.40147838000259
PNPLA8,0.183694244105012,0.144703111836041,0.15297939324484,0.000628959114026362,0.00111280984854184,Early_Burst_Up,0.978835936813423,0.183694244105012
C1GALT1C1,0.282174357614469,0.270087364429418,0.231591341475636,0.000971720620285208,0.00168226731891273,Early_Burst_Up,0.986644451770378,0.282174357614469
RNF220,0.281393258846337,0.227866526094379,0.237684203053199,0.00226700755455534,0.00375892346463629,Early_Burst_Up,0.9829799678687,0.281393258846337
MRGBP,0.311197644594943,0.258984704372327,0.289834499972668,2.08823794372384e-05,4.31974053384783e-05,Early_Burst_Up,0.989004692580079,0.311197644594943
TNFRSF6B,0.533576068893593,0.467022798081514,0.357155407212366,6.41115774792933e-06,1.38941809318406e-05,Early_Burst_Up,0.952020505639613,0.533576068893593
TTYH3,0.63654931428474,0.689678232014611,0.69629191682387,3.79292700766573e-22,3.21433182869595e-21,Early_Burst_Up,0.996868230391775,0.69629191682387
LIPH,0.935583117095216,0.999766549386854,0.922196053260105,7.80333068631302e-31,1.49285788440223e-29,Early_Burst_Up,0.997482851100676,0.999766549386854
TMEM222,-0.228267619862708,-0.259046211240807,-0.198876545441227,0.000135072316147521,0.000256637400680291,Early_Loss_Down,0.977698007693808,0.259046211240807
STX11,0.262480150955329,0.270549258053796,0.34504344220045,7.17175249335389e-05,0.000140200432815812,Early_Burst_Up,0.969233962689069,0.34504344220045
CA5B,-0.329969280295395,-0.290019646709417,-0.261609561188442,1.60525324442643e-07,4.01530432825873e-07,Early_Loss_Down,0.98227373498962,0.329969280295395
IRF4,0.320374847841027,0.306622437282014,0.399092614289364,5.81044323247837e-05,0.00011491090442178,Early_Burst_Up,0.972780233748476,0.399092614289364
TBL1X,-0.108773405275018,-0.187046535440241,-0.136776673256386,0.00425019202690441,0.00679149348077929,Mid_Trough,0.966137065058747,0.187046535440241
CEP57,-0.268231826881015,-0.31189363242462,-0.223509238892935,3.49879765790338e-10,1.10626877314103e-09,Early_Loss_Down,0.965573918883993,0.31189363242462
BET1L,-0.211842827306645,-0.211201062000151,-0.156474588829062,0.000661263685331646,0.00116614460464716,Early_Loss_Down,0.96574901344287,0.211842827306645
CCN3,0.498399471192924,0.559254011740974,0.475794471437797,7.36592538479921e-08,1.90075135045889e-07,Early_Burst_Up,0.990624743048128,0.559254011740974
MEAF6,-0.245018748605098,-0.241032455810321,-0.267214095091394,3.24016971634452e-05,6.5607524037516e-05,Early_Loss_Down,0.995817768748482,0.267214095091394
ENSG00000260342,0.536713022140359,0.538917905855787,0.504809471714654,1.36426350879695e-13,5.61771445829205e-13,Early_Burst_Up,0.998254169828236,0.538917905855787
CDC42EP3,0.311948282378419,0.313946747882492,0.257284486466944,5.65436044942724e-09,1.60053019252155e-08,Early_Burst_Up,0.984465307675615,0.313946747882492
YRDC,0.0897530694165567,0.108948344498181,0.151050813222304,0.0296078814505237,0.042241863437555,Monotonic_Up,0.957809566538215,0.151050813222304
GRAMD1A,0.380324668088935,0.396928748477269,0.497758977162383,2.14040402141974e-10,6.86149548006743e-10,Early_Burst_Up,0.971456809107219,0.497758977162383
ENSG00000250424,-0.805649845424289,-0.878175548575564,-0.742299969730078,9.11275279653541e-18,5.21211881599778e-17,Early_Loss_Down,0.990707116845502,0.878175548575564
FAM126A,0.224488167978939,0.187991582324594,0.201143348211669,0.00160002884208967,0.00269925806281577,Early_Burst_Up,0.989286126544587,0.224488167978939
TXNDC11,-0.593186465499614,-0.566718381356299,-0.454787624235422,2.75821196567939e-25,3.00836696964402e-24,Early_Loss_Down,0.976047763809524,0.593186465499614
FOSL2,0.967200827035473,0.938994709102865,0.948211890946833,9.36530258092816e-36,3.14266322897114e-34,Early_Burst_Up,0.99969548137429,0.967200827035473
EMC10,-0.197411624708161,-0.148999174561024,-0.143472620912646,0.015319058759626,0.0227570880038571,Early_Loss_Down,0.958676588795845,0.197411624708161
MCTP2,-0.254464946738304,-0.208834959751008,-0.204466683823668,6.48962410529656e-05,0.000127554680690312,Early_Loss_Down,0.97998121810992,0.254464946738304
SEC14L1,-0.242459966653928,-0.217299602807696,-0.161705025246437,9.67362416109036e-05,0.000185964195584648,Early_Loss_Down,0.950826625484473,0.242459966653928
POMP,-0.256929346521097,-0.222558809818318,-0.23046837903503,8.58758579792952e-05,0.00016589110726641,Early_Loss_Down,0.992374117777571,0.256929346521097
CAPN9,0.322569002003545,0.38385732032365,0.276453769739913,0.00955020412130543,0.0146447021738537,Early_Burst_Up,0.965779360213143,0.38385732032365
KIF26B,0.273140665018933,0.194157974554255,0.263720496016542,8.20283271578003e-05,0.000158938239489456,Early_Burst_Up,0.960659920991789,0.273140665018933
R3HCC1,-0.552896897027115,-0.584965434717902,-0.575440589869093,1.80830920751489e-19,1.1952938224733e-18,Early_Loss_Down,0.998893079951092,0.584965434717902
PDSS2,-0.174505726661941,-0.165877943745304,-0.185253290595706,0.00275703223503642,0.00452009894798525,Early_Loss_Down,0.995932554254068,0.185253290595706
ABCB10,-0.273223874393505,-0.26988350327842,-0.292903603747833,6.63088623865531e-07,1.56545348306637e-06,Early_Loss_Down,0.997353920022695,0.292903603747833
DPH6,-0.259512079698874,-0.23581649833296,-0.206074241244755,4.41638886302464e-06,9.71535504046817e-06,Early_Loss_Down,0.982958021808739,0.259512079698874
UBE2C,0.59962704511535,0.453222019372238,0.590242313639649,2.61639529126176e-07,6.40778152262519e-07,Early_Burst_Up,0.971421091319191,0.59962704511535
KIAA1109,-0.342055843002815,-0.248324279092863,-0.227205470155162,4.5658324120558e-06,1.0012347123354e-05,Early_Loss_Down,0.938987768498861,0.342055843002815
C6orf47,-0.265543320815218,-0.238012634597721,-0.196563165528359,7.63543263156931e-06,1.64233833962057e-05,Early_Loss_Down,0.971728245433457,0.265543320815218
COL5A3,0.44706588135105,0.414064720561196,0.428442162602264,6.49663438940505e-06,1.40647740345028e-05,Early_Burst_Up,0.998030329716144,0.44706588135105
UPRT,-0.25494423486297,-0.310376321262383,-0.152009242577193,3.25231763107938e-05,6.58374782920034e-05,Mid_Trough,0.929117824376398,0.310376321262383
CNTROB,-0.252446180032644,-0.217442539093101,-0.179826507430106,0.00223076230167143,0.00370399119603145,Early_Loss_Down,0.964490310066405,0.252446180032644
FRA10AC1,-0.241803686877639,-0.271098967190242,-0.198977885378671,9.14023566750785e-07,2.12769346083917e-06,Early_Loss_Down,0.970231262702805,0.271098967190242
MARCHF5,-0.53125273453396,-0.554626038103248,-0.516137079403295,7.02398610914339e-16,3.46494442206825e-15,Early_Loss_Down,0.998246404838988,0.554626038103248
GPRC5C,0.406211527294443,0.431283817258624,0.391448619543502,1.33282112342903e-05,2.80874585697047e-05,Early_Burst_Up,0.996793085366029,0.431283817258624
ADAMTS4,0.552254341303975,0.59904530716369,0.552190400356761,9.06622030451579e-20,6.14406232688766e-19,Early_Burst_Up,0.996991600938872,0.59904530716369
UBE3B,0.0874017160779585,0.0940714005558049,0.150458716696981,0.0108375485653621,0.0164911463084556,Monotonic_Up,0.951719852701586,0.150458716696981
TYW3,-0.404090432758279,-0.421247981873461,-0.254595239188024,1.09757419254794e-10,3.60316072204497e-10,Early_Loss_Down,0.923350109022566,0.421247981873461
SLC43A1,-2.1026692822192,-2.12783468163477,-2.04686728045095,5.63985190610702e-43,5.45754041425844e-41,Early_Loss_Down,0.999477492467099,2.12783468163477
CARD9,0.420110870946529,0.459567082476668,0.429718277283493,1.21757260339429e-13,5.04111403256082e-13,Early_Burst_Up,0.997050119484993,0.459567082476668
FMO1,-0.179857644095554,-0.248852372954573,-0.144993026411212,0.0128881626276844,0.0193719914045501,Mid_Trough,0.968429758704122,0.248852372954573
LRRC8C,0.355757420264054,0.348530771735063,0.395109080740896,1.25969485105803e-06,2.89830814224631e-06,Early_Burst_Up,0.993819019648986,0.395109080740896
KATNIP,0.307795264674268,0.314509684905089,0.264433263362078,0.000188095763422043,0.000352631886280298,Early_Burst_Up,0.988911677291089,0.314509684905089
MRPL52,-0.282176999521562,-0.295280589691733,-0.269757832576295,2.14357157793404e-10,6.86635976580718e-10,Early_Loss_Down,0.997287790912079,0.295280589691733
ROGDI,0.147179016860386,0.128031819915665,0.143619240542397,0.00500764637206645,0.00793783487777848,Early_Burst_Up,0.992980103951595,0.147179016860386
BCAR3,0.181245125315544,0.215750374127519,0.266497825716263,0.000155934401296578,0.000294861642260878,Early_Burst_Up,0.953350952230864,0.266497825716263
LAGE3,-0.238849988034919,-0.192628589062737,-0.189719315831044,0.000721070864507322,0.00126491394064712,Early_Loss_Down,0.977178539086141,0.238849988034919
FCGR1A,0.290795496204761,0.326153057972471,0.291674909756634,7.88742036013404e-07,1.84690805394022e-06,Early_Burst_Up,0.994141797358026,0.326153057972471
RNF146,0.134582022496009,0.173092826281203,0.177105400685877,0.0051574154167592,0.0081643544033232,Early_Burst_Up,0.972988397189462,0.177105400685877
SIRT6,-0.14529456447245,-0.113662910213826,-0.105199724407851,0.0231034426656535,0.0334435292857138,Early_Loss_Down,0.961880139177448,0.14529456447245
SERINC3,0.433454565593647,0.434485584938995,0.391425357154088,9.42417763351937e-14,3.92925883096935e-13,Early_Burst_Up,0.995463967636584,0.434485584938995
DKK3,0.188604608396098,0.219832966795147,0.13707555775865,0.0153497113975786,0.0227985540336692,Early_Burst_Up,0.936233833876954,0.219832966795147
CDC42EP2,0.496684708168006,0.463750302410032,0.455174427932554,2.27734799398201e-07,5.60878662501282e-07,Early_Burst_Up,0.997136700291451,0.496684708168006
SLC2A13,-0.135297309049611,-0.218502240286609,-0.172425549257713,0.0115209987069933,0.0174672529130257,Mid_Trough,0.948202041547676,0.218502240286609
SLC25A19,-0.2398967832381,-0.238055175844226,-0.184146508865631,0.00530619446133769,0.00839189477522847,Early_Loss_Down,0.973626951064135,0.2398967832381
SELP,-0.197634364663311,-0.342773798047293,-0.23824326553614,0.000947070621186941,0.00164164168079936,Mid_Trough,0.97547101368245,0.342773798047293
VWA5B2,-0.46321921730999,-0.56782941977736,-0.450104081196256,1.39980404754075e-08,3.82567135751532e-08,Early_Loss_Down,0.977981037961905,0.56782941977736
FAM102B,0.396427166632933,0.398129828626372,0.427510769734231,1.98734758330285e-12,7.46668468995318e-12,Early_Burst_Up,0.997555173920684,0.427510769734231
PIEZO1,0.296137634810208,0.390678656056784,0.363946495124248,4.14701056306124e-06,9.14452090773598e-06,Early_Burst_Up,0.97514438899172,0.390678656056784
TMEM41B,-0.207747267769189,-0.228396741010586,-0.210682986835751,0.00398339724285658,0.00639094502700067,Early_Loss_Down,0.996439645795489,0.228396741010586
SLC35E1,0.427043478885683,0.374840625812858,0.350592793308251,5.20099396190554e-08,1.36151845709273e-07,Early_Burst_Up,0.986489071741754,0.427043478885683
CD180,0.19359169195777,0.234625697774004,0.281798418522144,4.55698538037591e-05,9.11835353101426e-05,Early_Burst_Up,0.956619804470346,0.281798418522144
PDK4,-0.509148635461609,-0.65089636761438,-0.541434074949392,7.34251059548102e-09,2.05807925818771e-08,Early_Loss_Down,0.977877994864424,0.65089636761438
SAV1,-0.248078492039091,-0.20974932976092,-0.228086469865331,3.86965605543313e-05,7.78609228561763e-05,Early_Loss_Down,0.990756095934293,0.248078492039091
SNTA1,-0.696655795617228,-0.748119048444203,-0.657107004344243,4.9561153195557e-21,3.82250154674167e-20,Early_Loss_Down,0.994390681345867,0.748119048444203
NECTIN4,0.311645759426763,0.370059516101662,0.254783028906207,0.000111829526684777,0.000213941453119705,Early_Burst_Up,0.957422800065975,0.370059516101662
PAIP2,-0.257217382030937,-0.283528908830998,-0.237141360013916,1.56339029051129e-07,3.91529762191844e-07,Early_Loss_Down,0.989437308429254,0.283528908830998
ROR2,0.244450987878003,0.233438818253855,0.182983010366414,0.00251144493753669,0.00413784295588602,Early_Burst_Up,0.971730626828945,0.244450987878003
OLFML2B,0.839759979118682,0.902737009291672,0.844009146156404,2.57523485497733e-24,2.54828828336758e-23,Early_Burst_Up,0.997785224738329,0.902737009291672
UNC5B,0.427074534754309,0.548516959500501,0.524362218663465,1.36550871540927e-10,4.44765695876161e-10,Early_Burst_Up,0.978660255445965,0.548516959500501
ADHFE1,-1.26599479711733,-1.24546654493046,-1.23536551911659,1.85821188854285e-29,3.06218600721853e-28,Early_Loss_Down,0.99979184183954,1.26599479711733
ZNF280C,0.139382794899941,0.147617281801429,0.184830460775949,0.00585099246989843,0.00920105051672236,Early_Burst_Up,0.969817691883442,0.184830460775949
PHKA1,-0.177500753245231,-0.163300241065061,-0.140957877142772,0.00968528308346261,0.0148299771518999,Early_Loss_Down,0.982902053585235,0.177500753245231
FEZ2,0.174223818395344,0.185285844599982,0.154730952728024,0.00269575219395689,0.00442922996211436,Early_Burst_Up,0.989313665002059,0.185285844599982
FBN3,0.782372012117594,0.731335737834962,0.501876860339577,1.54153191335479e-12,5.85514768732934e-12,Early_Burst_Up,0.93994326173503,0.782372012117594
FAM234A,-0.467090020266548,-0.445423895766756,-0.401401696235503,8.2287210566817e-10,2.50840353969616e-09,Early_Loss_Down,0.99230200721318,0.467090020266548
SNX21,0.312109558521953,0.294668712695563,0.283054513403051,1.35193761234211e-06,3.10367580963064e-06,Early_Burst_Up,0.996774289732718,0.312109558521953
ATPAF2,-0.622710631959365,-0.681880233442988,-0.648857543227495,2.46140440681058e-28,3.59996616405582e-27,Early_Loss_Down,0.997246604902415,0.681880233442988
CCDC115,0.191897611484152,0.174817036577652,0.132099791997376,0.00332591550187756,0.00540802438581966,Early_Burst_Up,0.957163498962044,0.191897611484152
NDST1,-0.403351871218098,-0.377485240429705,-0.359848921000636,7.35796418970352e-13,2.87125795412501e-12,Early_Loss_Down,0.995613557440818,0.403351871218098
VLDLR,-0.585912748049343,-0.666363369520946,-0.575859562940666,1.29893294535506e-15,6.24478334560647e-15,Early_Loss_Down,0.991279997823081,0.666363369520946
PIAS1,0.266288108492221,0.272329722593114,0.257627474437766,2.99072579425654e-05,6.08231184257159e-05,Early_Burst_Up,0.998967970868572,0.272329722593114
HBG2,-0.855696630788813,-0.786614588434767,-0.717183760856051,8.97817364913017e-06,1.91956742357729e-05,Early_Loss_Down,0.98981895683895,0.855696630788813
MRPL32,-0.100760591318801,-0.147715568510573,-0.102154815192055,0.0208774215704504,0.0303957141898685,Mid_Trough,0.966776600763538,0.147715568510573
VPS37C,0.165470905560323,0.17687016005578,0.144565401624566,0.00761075701801931,0.0118231696665964,Early_Burst_Up,0.986683851638374,0.17687016005578
C18orf21,-0.248983329323628,-0.265342281717034,-0.17361806975791,1.04726533206758e-05,2.22670978371651e-05,Early_Loss_Down,0.944331022920151,0.265342281717034
PDGFC,0.579217756819893,0.63866035983604,0.551613597258133,2.25138470370471e-12,8.42447100010367e-12,Early_Burst_Up,0.992501563515044,0.63866035983604
TMEM9B,0.36176091684498,0.354316402944273,0.331573728941326,1.75122551232726e-07,4.36599721797109e-07,Early_Burst_Up,0.997306921837607,0.36176091684498
DFFB,-0.127399591229439,-0.17563517140247,-0.144506004303293,0.000400598763002666,0.000723948513725991,Early_Loss_Down,0.965986731163414,0.17563517140247
NOM1,-0.208638805899271,-0.198815629261839,-0.19057654210566,8.18546342677344e-05,0.000158638627474636,Early_Loss_Down,0.997267580071643,0.208638805899271
MAPKBP1,0.171218251979048,0.174120546732157,0.18685964221744,0.000348249311764845,0.000633748255523079,Early_Burst_Up,0.997079865021656,0.18685964221744
DGKH,0.281579553611996,0.25364130420276,0.281566480075776,6.46903909731033e-07,1.52897879488261e-06,Early_Burst_Up,0.99535481615668,0.281579553611996
CYBC1,0.214057554815848,0.250564062082721,0.23775851972435,6.99096795005833e-05,0.000136826987959514,Early_Burst_Up,0.991758064086012,0.250564062082721
TAF5L,-0.167636575884028,-0.222545950409616,-0.149725871991588,0.000128098272373121,0.000243720581318956,Mid_Trough,0.954661875811756,0.222545950409616
GSE1,-0.107243515204565,-0.177713755824922,-0.146836200113055,0.000694937249225666,0.00122267817929302,Mid_Trough,0.93578100671931,0.177713755824922
NPTX2,-0.47826664788794,-0.555051135498299,-0.557121621299072,2.00525294680869e-06,4.5396395602127e-06,Early_Loss_Down,0.990553997905284,0.557121621299072
CCL14,0.558165865402293,0.593534146810599,0.620566348970627,2.16960523780964e-09,6.37551369669909e-09,Early_Burst_Up,0.996279629789263,0.620566348970627
HBP1,-0.254925958602057,-0.262854864936271,-0.238926743053519,2.42935641550451e-10,7.73712364708326e-10,Early_Loss_Down,0.996900991561854,0.262854864936271
ECHDC2,-0.396302161658305,-0.473475701335689,-0.458213885517761,1.16278064054287e-09,3.50603640963686e-09,Early_Loss_Down,0.988824819483369,0.473475701335689
GOLGA7,-0.284500398213927,-0.33442831486864,-0.298303640070322,1.11129415746295e-09,3.35809367407649e-09,Early_Loss_Down,0.990651590697001,0.33442831486864
TSPAN1,1.15503558863502,1.2971251630772,1.21536032978281,1.63713511578527e-18,1.00547885118561e-17,Early_Burst_Up,0.995493487679394,1.2971251630772
DENND1C,0.167199976270079,0.169808560219105,0.20840728732798,0.00116552030461341,0.0020044347954108,Early_Burst_Up,0.979189526835497,0.20840728732798
CEP120,-0.242627155914681,-0.300204223028058,-0.229998852008922,1.70650928486683e-10,5.523753507842e-10,Early_Loss_Down,0.972995167478983,0.300204223028058
LMF1,-0.971050657235958,-0.8998637007602,-0.850467925467473,4.03360316724706e-28,5.7975208217323e-27,Early_Loss_Down,0.99409857542132,0.971050657235958
SGK3,-0.342329654936959,-0.326395090972546,-0.353660001156984,6.41633748340704e-16,3.1783786033877e-15,Early_Loss_Down,0.997853113391252,0.353660001156984
DTWD2,-0.375587379019128,-0.364215534360442,-0.399149494250094,8.40264880521084e-15,3.78596877947832e-14,Early_Loss_Down,0.997076002796377,0.399149494250094
CXCL12,-0.957264413279979,-1.07251250657643,-0.987325175762679,4.72790923909347e-27,5.99781412922802e-26,Early_Loss_Down,0.995321866187021,1.07251250657643
DNAL1,0.287014745323349,0.338953095609429,0.261885085281003,4.169413805849e-11,1.41393079430625e-10,Early_Burst_Up,0.977282416019613,0.338953095609429
GEMIN2,-0.212897032393206,-0.224134765190051,-0.198975449574834,0.000650827031389256,0.00114871316123465,Early_Loss_Down,0.995320684362774,0.224134765190051
RCCD1,-0.37880770045408,-0.416242360571888,-0.333261014746231,2.37394523179064e-12,8.87509982882378e-12,Early_Loss_Down,0.984108807419554,0.416242360571888
CHCHD5,0.26118092843243,0.251361898789404,0.17167380205831,0.0103727926654861,0.0158215506895483,Early_Burst_Up,0.943424124263358,0.26118092843243
DNM3,-0.167369377579389,-0.180200474403188,-0.108248878958014,0.0039532464941223,0.00634746620183017,Early_Loss_Down,0.924449772253307,0.180200474403188
ULK3,-0.265142181992354,-0.238673112231885,-0.209234589628733,2.21949582594047e-05,4.57874176090148e-05,Early_Loss_Down,0.982035942300179,0.265142181992354
MGST1,-0.721688768094889,-0.646337303368786,-0.66413091437912,1.37066922466365e-08,3.74727637570659e-08,Early_Loss_Down,0.995522683907704,0.721688768094889
ZDHHC3,0.799969497215893,0.766466537749007,0.608523902751572,9.89859660592101e-15,4.43597851128027e-14,Early_Burst_Up,0.974492763617932,0.799969497215893
PHF21A,0.159964793230361,0.182776442153237,0.19645914125734,0.00417811574683751,0.00668145258362448,Early_Burst_Up,0.986259151810221,0.19645914125734
SOS2,-0.168620972416477,-0.179506934827615,-0.153073911184932,3.92861223856213e-05,7.90280663507711e-05,Early_Loss_Down,0.991674358353664,0.179506934827615
MED6,0.15477719694245,0.192010729542218,0.265287433707127,6.39175969013216e-05,0.000125779674015795,Monotonic_Up,0.96143203995487,0.265287433707127
ATAT1,0.3877758070684,0.339456080586108,0.41329877030924,1.92126362339881e-12,7.23473116467192e-12,Early_Burst_Up,0.987272253711273,0.41329877030924
LAIR1,0.263041810949103,0.293801295263141,0.386242092676568,9.50148581319341e-07,2.20746412443874e-06,Early_Burst_Up,0.948752555606087,0.386242092676568
NME6,0.203929497897229,0.178500437539874,0.132416085960706,0.0122695411405448,0.0185110807417719,Early_Burst_Up,0.945340653414397,0.203929497897229
MED28,-0.182348371272146,-0.186820393624175,-0.135059825462403,6.06804121441426e-06,1.31780373137671e-05,Early_Loss_Down,0.963300442953757,0.186820393624175
EXOC3L2,-0.337171471910412,-0.328298428560904,-0.193627852571741,2.19615203762541e-09,6.44896868635099e-09,Early_Trough,0.939344644795537,0.337171471910412
LECT2,1.22764072952139,1.24578841167405,1.13911116734182,7.81301101641211e-28,1.087288924391e-26,Early_Burst_Up,0.99701780937674,1.24578841167405
PTK6,0.481974308173045,0.565742049475499,0.453833193681077,2.05600495918517e-11,7.1055121554564e-11,Early_Burst_Up,0.982437637872984,0.565742049475499
TIMM29,-0.200882669214016,-0.225893757560816,-0.296100333291022,3.44835664244926e-05,6.95858971349728e-05,Early_Loss_Down,0.948338329962993,0.296100333291022
DSG3,0.477979338247864,0.624284467272586,0.464821555453691,7.1049243832071e-06,1.53338124266207e-05,Early_Burst_Up,0.963783997879152,0.624284467272586
NXT1,0.485811771849635,0.438551766725693,0.430955778650244,4.13628482979097e-11,1.40326793124829e-10,Early_Burst_Up,0.99427843846538,0.485811771849635
TIMM21,-0.474651003714789,-0.511149782060063,-0.470712612205681,5.67560685018067e-13,2.24168961590904e-12,Early_Loss_Down,0.997199708402245,0.511149782060063
SERPINI1,-0.760417088333384,-0.844667041493788,-0.746875727379257,7.24503909758218e-21,5.49619100912296e-20,Early_Loss_Down,0.993964898936033,0.844667041493788
TMEM51,-1.14331799216585,-1.10659975230175,-1.04736318261413,1.04938045559716e-27,1.43870579101805e-26,Early_Loss_Down,0.99742271935676,1.14331799216585
HPGDS,0.662712364460795,0.664792595374312,0.684817799765588,8.01189441997091e-20,5.47413672931017e-19,Early_Burst_Up,0.999558756692546,0.684817799765588
GSKIP,0.181717868875416,0.217551836783975,0.185030271477811,0.00229956732223782,0.00380987442876034,Early_Burst_Up,0.986496156217944,0.217551836783975
PRKAG2,-0.425864267743326,-0.431932866844733,-0.397260655916537,5.53631475465117e-11,1.85929020937074e-10,Early_Loss_Down,0.997398208843327,0.431932866844733
DNAJC16,-0.271663757419794,-0.16895863511171,-0.146311976166391,0.00126022825631442,0.0021557285815105,Early_Trough,0.96551770866086,0.271663757419794
CUL9,-0.136909363024581,-0.128486511054347,-0.041987952727304,0.00664438384584171,0.0103956688033643,Early_Trough,0.960665590031289,0.136909363024581
CASTOR2,0.184035544351313,0.0658901221763816,0.157693118916135,0.0171614065345917,0.0253021083336429,Early_Burst_Up,0.801763633832866,0.184035544351313
VWA2,-0.308299954892137,-0.374537799378494,-0.267911971659844,4.61916649418765e-05,9.23611330240981e-05,Early_Loss_Down,0.963615134405142,0.374537799378494
NRF1,0.363459534800315,0.327199197120401,0.337139940775434,5.13301794127115e-05,0.000102096021288859,Early_Burst_Up,0.996035793227925,0.363459534800315
DCAF10,-0.277622782770348,-0.2716952866603,-0.248890917690787,8.67839146072698e-07,2.02585059568499e-06,Early_Loss_Down,0.995693919509986,0.277622782770348
TRMT13,-0.388597200968037,-0.339241530801815,-0.276431029544797,2.139359896365e-20,1.54412428946657e-19,Early_Loss_Down,0.96439325950132,0.388597200968037
PRAF2,0.526544631253711,0.412207471972532,0.454230814060952,6.73152368729402e-10,2.07250240938442e-09,Early_Burst_Up,0.979935804971974,0.526544631253711
UNC93B1,0.420525491823865,0.456223476271297,0.438455277085783,1.40817672234605e-09,4.21541247603014e-09,Early_Burst_Up,0.99779713277081,0.456223476271297
TMPRSS4,0.885264831179772,0.998068695816949,0.816417303472161,3.74792681569455e-23,3.43504922469274e-22,Early_Burst_Up,0.986434412292617,0.998068695816949
NEFM,-0.304226652886475,-0.470426772771742,-0.381692914596219,7.52247353239364e-05,0.000146540320076264,Early_Loss_Down,0.943170669141799,0.470426772771742
CAMK2B,-0.224868070717983,-0.27171070955777,-0.318408312416998,0.0073228148266018,0.0113969121135853,Early_Loss_Down,0.962678386146155,0.318408312416998
ZHX1,-0.121813743227011,-0.165724576377014,-0.112632928842243,0.0309677084370158,0.0440535503611701,Mid_Trough,0.958245164145371,0.165724576377014
SDS,0.146797864603311,0.249241595607636,0.228091859180553,0.00405497037632597,0.00649575812738879,Mid_Plateau_Up,0.938997854268261,0.249241595607636
FAT4,0.166376782406771,0.16119042003898,0.135727896401589,0.0152991030188937,0.0227328291446114,Early_Burst_Up,0.985286717368114,0.166376782406771
KANSL3,-0.143084590523996,-0.195558186214244,-0.101043693123821,0.000972645256194461,0.00168351784984407,Mid_Trough,0.96356334589672,0.195558186214244
WNT5A,0.809798769715058,0.823672099007286,0.576600083201798,6.88800399204136e-17,3.68630027149635e-16,Early_Burst_Up,0.955774985002031,0.823672099007286
SRXN1,0.348581172534955,0.326585238575538,0.356271264796828,0.000368042654860598,0.000667869815470976,Early_Burst_Up,0.997333259303118,0.356271264796828
C15orf40,-0.476574716356314,-0.485975419792174,-0.425768137785649,5.84253826989333e-24,5.63402126095623e-23,Early_Loss_Down,0.993531698545285,0.485975419792174
CEPT1,-0.816741712617717,-0.824070994177656,-0.814289687571839,5.54591934380992e-20,3.83331734046397e-19,Early_Loss_Down,0.999948438981685,0.824070994177656
TNIP2,0.281352150747206,0.316023626713303,0.336503107625712,1.47811151766134e-09,4.41840662714716e-09,Early_Burst_Up,0.98947482874554,0.336503107625712
NBL1,0.932220416039712,0.961695432276982,0.942089558812453,4.59815233486988e-30,8.18983108323e-29,Early_Burst_Up,0.999664329438566,0.961695432276982
HBE1,-0.48041350388941,-0.563656005122557,-0.199296658873333,0.00192096433049415,0.0032120283621403,Early_Trough,0.898910380390427,0.563656005122557
CDH6,0.256696031139593,0.206300462555892,0.255547292100962,0.00555479311868799,0.00877006039342088,Early_Burst_Up,0.981300136260108,0.256696031139593
EIF4E3,-0.209133907885935,-0.245227857470635,-0.234599205477789,5.73980813413133e-05,0.000113594966212226,Early_Loss_Down,0.991414293109652,0.245227857470635
OTULINL,0.208469586726885,0.214271643718454,0.213578484402195,0.020747152047136,0.0302113384665383,Early_Burst_Up,0.999702554314222,0.214271643718454
AGAP2,0.163353509993807,0.169556937852827,0.186660855769852,0.0054218706046936,0.00856507349511393,Early_Burst_Up,0.993585170116601,0.186660855769852
CETN3,-0.168737025916432,-0.193804444748235,-0.156854247399488,0.00131564038462224,0.00224636013147851,Early_Loss_Down,0.984538721618394,0.193804444748235
GNA12,0.121686480998368,0.115914813804835,0.115817031897164,0.0292190030958522,0.0417371341853214,Early_Burst_Up,0.998916580103517,0.121686480998368
MTERF4,-0.698617217853098,-0.724215812528695,-0.67007319689025,1.74519618925388e-30,3.23463756948124e-29,Early_Loss_Down,0.997996351149923,0.724215812528695
TBC1D20,-0.294979724694818,-0.326647488036501,-0.312376347136829,1.5309671214386e-11,5.3464995319396e-11,Early_Loss_Down,0.996557927563839,0.326647488036501
CDH2,0.179166392879666,0.189777732285446,0.306416065887538,0.0020037335240573,0.00334370771750648,Monotonic_Up,0.949240175338852,0.306416065887538
LACC1,0.249040866818593,0.26873841601565,0.221438343751242,4.03528120344089e-06,8.90995228841472e-06,Early_Burst_Up,0.987828638878371,0.26873841601565
ABHD17C,0.534644015696246,0.553100744077635,0.384873923969275,5.20575929596773e-14,2.21145119249839e-13,Early_Burst_Up,0.955985177698321,0.553100744077635
PSCA,0.890660852833846,1.34431707273005,1.13357885625531,1.95441883977253e-08,5.28760519654974e-08,Early_Burst_Up,0.949583840612442,1.34431707273005
PRKCQ,-0.240845760132843,-0.304966825125738,-0.245811995560596,0.000580510258597621,0.00103094459497426,Early_Loss_Down,0.976487624065565,0.304966825125738
TTC9,0.780580532742891,0.803552134672692,0.740216016175722,3.27075539080791e-19,2.12982991880308e-18,Early_Burst_Up,0.997724278048307,0.803552134672692
MTFR1,-0.355854084983496,-0.352753311989398,-0.365217538371799,4.0042300655088e-11,1.36013071857813e-10,Early_Loss_Down,0.999562084729099,0.365217538371799
GGT7,-0.239243803385166,-0.288158025991075,-0.203159833545843,3.42948556411452e-06,7.61884112775254e-06,Early_Loss_Down,0.96143370279053,0.288158025991075
SMPD1,0.420456164761893,0.460046899112305,0.454840778974044,1.76394450360737e-11,6.12924683048875e-11,Early_Burst_Up,0.996899939585132,0.460046899112305
FBXL17,-0.159204665820802,-0.13625828841753,-0.067439129600707,0.0221256999545328,0.0320951847693258,Early_Trough,0.980285110502417,0.159204665820802
BBS4,0.379556542044286,0.367828676566898,0.311646374269784,4.69119222197837e-06,1.02764152859447e-05,Early_Burst_Up,0.98619330490682,0.379556542044286
RUBCN,0.242550988077419,0.261642036899634,0.275541942589941,3.3072305160844e-06,7.35706291228398e-06,Early_Burst_Up,0.994628736319518,0.275541942589941
LRRC17,0.304105275864097,0.347835236274478,0.223885494004836,0.00172154174884782,0.00289778932724749,Early_Burst_Up,0.94337748433235,0.347835236274478
PRRX1,0.728092815167329,0.747375956436497,0.699588029304396,5.57955595028695e-24,5.38666642903573e-23,Early_Burst_Up,0.998537081570054,0.747375956436497
LYRM2,-0.24830860584806,-0.22447581570289,-0.174982780538529,0.00208487682293855,0.00347006898409892,Early_Loss_Down,0.962241139441642,0.24830860584806
ELOVL1,0.441371281145008,0.417433221555322,0.40230290947539,1.43956214128803e-07,3.62701669385376e-07,Early_Burst_Up,0.997084846011256,0.441371281145008
THBD,-0.153295322644379,-0.141981995403767,-0.0145306384321113,0.00658558971190248,0.0103056181990321,Early_Trough,0.931595406896978,0.153295322644379
LETMD1,-0.332108366774113,-0.372209230312456,-0.34115778001465,6.17357334335187e-10,1.90777858757424e-09,Early_Loss_Down,0.995178520702523,0.372209230312456
FXYD3,0.197905929764756,0.26629420215148,0.156702685734456,0.00169965608392383,0.00286152901687521,Mid_Peak,0.962725627329226,0.26629420215148
COX11,-0.190421393298278,-0.212894918842842,-0.205843199562398,0.000481903250665436,0.000862451366029625,Early_Loss_Down,0.995755174381486,0.212894918842842
HRAS,0.377493566763461,0.332057453566792,0.255677625639379,0.0115199922000422,0.0174672529130257,Early_Burst_Up,0.954495505877157,0.377493566763461
ERCC6,-0.261428579851079,-0.165189035548772,-0.120223459723314,0.000876521222906375,0.00152506995965437,Early_Trough,0.986544098298512,0.261428579851079
SAA2,-0.4948605599228,-0.526683104152603,-0.450625682112871,0.00514684153013031,0.00815071650118828,Early_Loss_Down,0.992018153012202,0.526683104152603
DCBLD2,0.262583858866589,0.338819689943228,0.38360811675389,3.183537284844e-07,7.71952135328433e-07,Early_Burst_Up,0.956679582300579,0.38360811675389
ALKBH8,-0.222041955915819,-0.169006054896777,-0.134294692021744,0.00047166771131407,0.00084467800592978,Early_Trough,0.955409788132414,0.222041955915819
LAMTOR4,0.699251097654727,0.685693161663693,0.727695378090204,2.79567673296163e-18,1.67258244225066e-17,Early_Burst_Up,0.998766824925285,0.727695378090204
C19orf53,0.186474295665733,0.167135581446933,0.254436976159143,0.0206741601296222,0.0301208614493551,Early_Burst_Up,0.938037065214464,0.254436976159143
C19orf47,0.169561689513247,0.151655807763913,0.201130744393175,0.0162401121429416,0.0240523604295355,Early_Burst_Up,0.973494545453534,0.201130744393175
NEDD9,0.693572690694187,0.735336147904832,0.79072411424215,7.56436472504874e-25,7.90837226656478e-24,Early_Burst_Up,0.994264828407702,0.79072411424215
TBC1D22B,-0.231526880648274,-0.18125625778667,-0.14564399764042,0.00370463764971599,0.00597596327213346,Early_Trough,0.947256816339581,0.231526880648274
TPCN1,0.176019829452711,0.191786067638785,0.201551659588353,0.00478900498304043,0.00761591810985332,Early_Burst_Up,0.993912223771968,0.201551659588353
CCNY,0.286506237560243,0.283342654763746,0.206914452882029,0.00033519338676711,0.000611459746750523,Early_Burst_Up,0.961899472258181,0.286506237560243
ELF3,0.221178921546206,0.157984566858977,0.146442135349802,0.027054281900133,0.0388249239477336,Early_Burst_Up,0.936328992945532,0.221178921546206
ADCY9,-0.237990549636668,-0.262970404727402,-0.203463166001316,0.00467677844701155,0.0074431344876707,Early_Loss_Down,0.979082595660117,0.262970404727402
HSPB11,-0.250301840853904,-0.326013954382551,-0.159049710539557,8.18416137832961e-07,1.91477624375763e-06,Mid_Trough,0.948723171838244,0.326013954382551
TMEM238,-0.241344076857426,-0.241881952727946,-0.281143905559361,0.00240545400666719,0.00397896804680667,Early_Loss_Down,0.98946866851123,0.281143905559361
ZFYVE9,-0.129674391123867,-0.223743807405872,-0.190756961209846,0.00148081614468594,0.00250933658238167,Mid_Plateau_Down,0.926518886633418,0.223743807405872
EBAG9,-0.17895492327495,-0.194546618300745,-0.184872319834719,8.38896676413252e-05,0.000162307544395177,Early_Loss_Down,0.997624076217341,0.194546618300745
RABIF,0.392791829404256,0.401931033443764,0.363228652207076,2.0241804786048e-07,5.01346129254439e-07,Early_Burst_Up,0.996357578321483,0.401931033443764
DTX2,0.269495565901156,0.375948353507162,0.326189201295958,3.34508709323397e-09,9.66926529694098e-09,Early_Burst_Up,0.965778798361019,0.375948353507162
TUBB4A,-1.17639907817595,-1.32170086604706,-1.12754047604671,1.08849817053263e-46,1.81169635503451e-44,Early_Loss_Down,0.99081702200637,1.32170086604706
ALOX15B,0.319934727419823,0.330613021910387,0.274883506736084,0.000131077618114608,0.000249161246676512,Early_Burst_Up,0.987961977467626,0.330613021910387
RHOF,0.15253152282154,0.150482452748334,0.255879271809326,0.00925217217730437,0.0142217541299459,Monotonic_Up,0.938195854000981,0.255879271809326
SPN,0.32531097080716,0.395990502278326,0.454361621688504,4.45792861869075e-05,8.9287321214788e-05,Early_Burst_Up,0.965602879205625,0.454361621688504
MAFG,0.479329379914637,0.514396092303846,0.51041568937525,3.08016052079743e-14,1.33089801942244e-13,Early_Burst_Up,0.998050414875547,0.514396092303846
TMEM68,-0.400571034515263,-0.310094773654273,-0.362122744446067,4.4283964117772e-07,1.06204942186772e-06,Early_Loss_Down,0.979170692994796,0.400571034515263
PROCR,0.564564389055047,0.581275903399055,0.514187510561601,9.97504651068036e-12,3.54299347255151e-11,Early_Burst_Up,0.994730784619499,0.581275903399055
IKBKE,0.242884290528932,0.227116813969016,0.371075460048685,0.000105321344239763,0.000201954890959287,Monotonic_Up,0.918259104016569,0.371075460048685
TRIM14,0.224322377382447,0.28004849061665,0.261824899461422,5.12211485253993e-06,1.11909267006661e-05,Early_Burst_Up,0.983895102171371,0.28004849061665
CAPN8,0.569715931124408,0.641347304464915,0.468736811620219,2.58492786653035e-07,6.33444337610883e-07,Early_Burst_Up,0.969474842940615,0.641347304464915
BHLHA15,-1.34272414407507,-1.37432602022396,-1.30710229911989,5.44112740106485e-25,5.76094939334118e-24,Early_Loss_Down,0.99916287700858,1.37432602022396
ABL2,-0.288584970771299,-0.310507162825317,-0.224344099467529,2.33517682327747e-06,5.26648821770056e-06,Early_Loss_Down,0.966295153154829,0.310507162825317
NOMO2,-0.528922343906716,-0.584286922932352,-0.539801270276879,7.60640108264931e-19,4.82473093062558e-18,Early_Loss_Down,0.996242570702563,0.584286922932352
FOXJ3,-0.178565496442547,-0.207640374499765,-0.131390214837607,2.42537571860278e-05,4.98369795807712e-05,Early_Loss_Down,0.939616529568232,0.207640374499765
MPC2,-0.842166903678073,-0.78852303997279,-0.846245218348659,4.54015027024318e-28,6.50312057641372e-27,Early_Loss_Down,0.997976513448419,0.846245218348659
PRUNE2,-0.341602538571212,-0.359296273250244,-0.22530073327281,1.04150700128987e-06,2.41297919396835e-06,Early_Loss_Down,0.933214981139973,0.359296273250244
POLI,-0.401807996404611,-0.380894724707951,-0.333006099204937,1.68067053332747e-10,5.44223353243238e-10,Early_Loss_Down,0.988218669613468,0.401807996404611
LRIF1,-0.175339510104612,-0.210939313480304,-0.142354583458425,0.00381989593595569,0.00614283555150208,Early_Loss_Down,0.953010776200941,0.210939313480304
RPL22L1,-1.1006163991273,-1.1273981717205,-1.17530083732657,1.36474737646434e-24,1.38336512386555e-23,Early_Loss_Down,0.998520079539032,1.17530083732657
DAPP1,0.292836065945413,0.312477989216222,0.295335447350864,7.4996041127884e-05,0.000146163244558841,Early_Burst_Up,0.998313093272431,0.312477989216222
FDX2,-0.450020966732671,-0.460118028139839,-0.485731389468807,2.92879286507561e-12,1.08615927910692e-11,Early_Loss_Down,0.997919493028148,0.485731389468807
NOA1,-0.387607339389732,-0.432088576513752,-0.333643390195408,1.73443312669148e-09,5.14579411063332e-09,Early_Loss_Down,0.978770797893917,0.432088576513752
TSEN54,-0.45509759320227,-0.447536079205509,-0.358397123493926,1.41505832180164e-11,4.95627750590624e-11,Early_Loss_Down,0.978863437623088,0.45509759320227
MFSD10,0.926805939660509,0.861656135455177,0.753230754645925,4.77780876479071e-10,1.49196714974065e-09,Early_Burst_Up,0.986017867038756,0.926805939660509
CNOT8,0.171445121350992,0.19156630336275,0.2141226474562,0.00083253713745594,0.00145157637919722,Early_Burst_Up,0.983971352566181,0.2141226474562
MITF,0.495087778433007,0.556081548310841,0.489353297265204,3.13848516146193e-11,1.07306793400518e-10,Early_Burst_Up,0.993155570347496,0.556081548310841
MRPL18,-0.205132668976895,-0.239530478290402,-0.186219492551397,0.0225533429432644,0.0326870289052327,Early_Loss_Down,0.978677582251928,0.239530478290402
MED27,0.0384811366114292,0.0471909026906376,0.186686950568573,0.00334806871331495,0.00544085683112811,Late_Burst_Up,0.967980590543642,0.186686950568573
CALHM5,0.512994437148241,0.566902964114596,0.590774465792971,1.35074280953726e-16,7.03434396806576e-16,Early_Burst_Up,0.993243432439903,0.590774465792971
AP1S3,0.240092028107273,0.377537237354682,0.33638330964521,1.36352003727693e-07,3.44376745074919e-07,Early_Burst_Up,0.940214004874165,0.377537237354682
TRAPPC2,0.338531896167221,0.366753170652911,0.421765497289007,3.24450134925574e-07,7.86047750465975e-07,Early_Burst_Up,0.9834911173967,0.421765497289007
UBE2A,0.275886512327446,0.273474561176979,0.290632901361618,0.00190217827640518,0.00318317466644759,Early_Burst_Up,0.998535847858449,0.290632901361618
PPP1R1A,-0.679247165313359,-0.71531887147439,-0.657997382653902,6.42410632069331e-15,2.92138867763987e-14,Early_Loss_Down,0.997616686765705,0.71531887147439
SMARCD3,-0.314689305438319,-0.360723374749701,-0.323157525926562,2.18349258068695e-08,5.88630555765366e-08,Early_Loss_Down,0.992852640398278,0.360723374749701
NTN4,-0.239399035283196,-0.268135063419415,-0.234979409000732,0.0027916564922632,0.00457236082043187,Early_Loss_Down,0.993019551560072,0.268135063419415
CLASRP,-0.195949042672661,-0.176630596557931,-0.109054166561057,0.000462781206115315,0.000829656440605699,Early_Trough,0.956146929257773,0.195949042672661
SLC7A1,-0.430770595921552,-0.505668937944682,-0.508654031814154,1.07067983646172e-08,2.95921540984207e-08,Early_Loss_Down,0.988993935282286,0.508654031814154
TLR7,0.112138433628208,0.15182441412713,0.19005725671949,0.00736605844989849,0.0114580071813187,Monotonic_Up,0.959154854702717,0.19005725671949
RWDD2B,-0.207920834517742,-0.237025736232911,-0.124344808902304,3.15298667587883e-05,6.39511457876276e-05,Mid_Trough,0.910954005123042,0.237025736232911
DGCR8,-0.131746022613619,-0.164542663192527,-0.114293772942604,0.00811414147504241,0.0125723115537708,Early_Loss_Down,0.956659246531455,0.164542663192527
PGPEP1,-0.443481663119108,-0.454274524868113,-0.404509369891848,6.71765942792323e-20,4.616379996629e-19,Early_Loss_Down,0.995185757215861,0.454274524868113
MRPL51,-0.307590985632578,-0.269039456551677,-0.239935198916455,5.11348859033228e-05,0.000101731895885119,Early_Loss_Down,0.97989475908948,0.307590985632578
PDE8A,-0.430855004233937,-0.408251339053387,-0.406338355537587,8.35520148044392e-12,2.99190992772179e-11,Early_Loss_Down,0.998564597527779,0.430855004233937
SLC25A25,-0.0854548374949586,-0.146448080738438,-0.225681364363826,0.00127430656748987,0.00217891498965496,Monotonic_Down,0.998153674224343,0.225681364363826
FAM171A1,-0.527384861091005,-0.574000181723278,-0.487180852606775,4.37267695408264e-21,3.39137163204806e-20,Early_Loss_Down,0.991142076168873,0.574000181723278
ABRACL,0.403431821483651,0.543242653016283,0.539693266494101,2.82992643863407e-05,5.77504850964019e-05,Early_Burst_Up,0.967174946300554,0.543242653016283
BST2,0.516383058468756,0.564823225703846,0.519135231541125,4.58535452190087e-14,1.95919540376833e-13,Early_Burst_Up,0.99654956447626,0.564823225703846
TUBA1A,0.218030773468486,0.175756137599045,0.22981571599262,0.00110726670710633,0.00190898560939276,Early_Burst_Up,0.975959997189191,0.22981571599262
ALG12,-0.574188217213727,-0.616545360880686,-0.548168973018991,1.08488934870492e-15,5.24604832069865e-15,Early_Loss_Down,0.995306417841103,0.616545360880686
EVI2B,0.432539694591311,0.390119410051699,0.45016995375321,1.8764416293979e-08,5.08159688898449e-08,Early_Burst_Up,0.993016987051375,0.45016995375321
AGTRAP,0.228423389233299,0.167675235134151,0.156941008811039,0.00778416811456887,0.0120835379685585,Early_Burst_Up,0.946350456688273,0.228423389233299
TAF12,0.154244740660766,0.125725687268034,0.158373032605832,0.00159118443204149,0.00268597096216009,Early_Burst_Up,0.980828296379733,0.158373032605832
NOP53,-0.36172758350958,-0.383022609647439,-0.348071006102812,6.6380725348979e-09,1.86628512281825e-08,Early_Loss_Down,0.996896928367446,0.383022609647439
SH3TC1,0.393754866551515,0.425618327264144,0.434036202671019,3.62606128781182e-07,8.75684330736215e-07,Early_Burst_Up,0.996569400750196,0.434036202671019
MMP28,0.5769420259465,0.580743401824567,0.39347949743254,1.36345559343149e-10,4.4427084763261e-10,Early_Burst_Up,0.947334717898803,0.580743401824567
H1-1,1.03729452115361,1.08265259004649,1.18950381451704,7.50014052701864e-21,5.66389922557614e-20,Early_Burst_Up,0.993375282531811,1.18950381451704
PHLDA3,0.75034582448384,0.725934105049695,0.673721344047831,4.17311581564259e-19,2.70051864834974e-18,Early_Burst_Up,0.996045900220742,0.75034582448384
DYNC1I1,-0.160401171618939,-0.243470111889371,-0.234550844510383,0.000309646681730945,0.000566471682867647,Early_Loss_Down,0.943875057028729,0.243470111889371
SIGLEC7,0.39797477862245,0.407531622938544,0.441289723932731,3.43105140949081e-09,9.89712645746361e-09,Early_Burst_Up,0.996026223555782,0.441289723932731
AK6,0.143776787026268,0.132397308858746,0.215597195772155,0.00701627306592689,0.0109533931819568,Monotonic_Up,0.912902980873947,0.215597195772155
APBB1,-0.156704756054177,-0.166573580837254,-0.125315967938476,0.0137353940058713,0.0205512313766381,Early_Loss_Down,0.973421245598889,0.166573580837254
ATXN7L3B,-0.305658498514709,-0.34629882393594,-0.187320491791559,1.74001781949231e-09,5.16052326935673e-09,Mid_Trough,0.910416920274914,0.34629882393594
ST6GALNAC1,0.444568123312715,0.397597502014709,0.314518694221455,6.81512707313597e-05,0.000133605388698793,Early_Burst_Up,0.963233802586619,0.444568123312715
RGP1,0.191877150120602,0.215721816255424,0.25948134715211,0.000533983091935535,0.000952380473872164,Early_Burst_Up,0.969729404841551,0.25948134715211
EBP,-0.353542477011522,-0.380994192037231,-0.468158649343526,3.08716298017999e-06,6.90257128454001e-06,Early_Loss_Down,0.971550806894353,0.468158649343526
XXYLT1,0.172772954830007,0.188826146946926,0.211486620950484,0.000720909812131811,0.00126489805114082,Early_Burst_Up,0.986457019063385,0.211486620950484
B4GAT1,-0.707863267923108,-0.758729760908698,-0.66515115978242,1.17721879753128e-20,8.73156402233091e-20,Early_Loss_Down,0.994254254151283,0.758729760908698
POT1,-0.263979259496673,-0.266498652478869,-0.24806953756004,1.53675172188113e-09,4.58381642634222e-09,Early_Loss_Down,0.998029062312433,0.266498652478869
STRADA,-0.188088578618089,-0.161668741302576,-0.177525858017145,0.000198963522571736,0.000372335155125251,Early_Loss_Down,0.992453754822635,0.188088578618089
BTN2A1,-0.19128134692385,-0.135388918743925,-0.0624800071383183,0.018326454346141,0.0268744939327904,Early_Trough,0.998842254014488,0.19128134692385
NKAP,-0.448640757222371,-0.396683745563771,-0.359866887812385,4.94873792407554e-13,1.96204845184167e-12,Early_Loss_Down,0.983959368022505,0.448640757222371
KBTBD2,0.44697707441087,0.425208443650759,0.430845071963798,1.80211577545436e-17,1.00517476429834e-16,Early_Burst_Up,0.999099055806562,0.44697707441087
KLK11,0.587197507539898,0.589155004996376,0.502969725760385,0.000668545961724481,0.00117823792746106,Early_Burst_Up,0.989854787680952,0.589155004996376
NOL4L,-0.227610949823401,-0.21473460602089,-0.179601120005985,0.000260439350233893,0.000480464702426615,Early_Loss_Down,0.981376612405417,0.227610949823401
BRI3BP,-0.302492021830367,-0.220371220709288,-0.216577127229871,0.00166191562147298,0.00280082256012518,Early_Loss_Down,0.951975003802781,0.302492021830367
RPH3AL,-0.655623115930746,-0.697725049612476,-0.632551805404629,3.67063075034342e-12,1.3492486353515e-11,Early_Loss_Down,0.996693578527085,0.697725049612476
RETREG2,0.101404103889433,0.179844523632495,0.0779017304411187,0.0155450059349411,0.0230803816932347,Mid_Peak,0.991566804777097,0.179844523632495
ZBTB4,-0.178145860568957,-0.203390273897758,-0.15710212002829,0.00100729945395778,0.00174168835566936,Early_Loss_Down,0.978498354979326,0.203390273897758
FBLL1,-0.226199506869573,-0.356517170008641,-0.416033280118349,5.98041138404609e-05,0.000118131933391957,Monotonic_Down,0.96518450714112,0.416033280118349
TASP1,0.256334606298224,0.248031623227785,0.196103900569645,0.000392796079654007,0.000710773858421536,Early_Burst_Up,0.974916795406796,0.256334606298224
SMUG1,-0.244514017834187,-0.246790796835917,-0.164631172191983,1.76024574783561e-07,4.38717134276369e-07,Early_Loss_Down,0.944014003984535,0.246790796835917
ZNF428,0.477990263297796,0.41041689458288,0.425780050747109,4.82664497672663e-09,1.37371202107794e-08,Early_Burst_Up,0.991394693741403,0.477990263297796
NPDC1,-0.16911261163989,-0.221242003533726,-0.185272382854235,0.00590868543014753,0.00928300550305602,Early_Loss_Down,0.97516825859977,0.221242003533726
TRABD,-0.533099347179925,-0.581974363215816,-0.600241173994516,1.88265586933796e-17,1.04799077890505e-16,Early_Loss_Down,0.995121106608618,0.600241173994516
ERN2,0.239990467954499,0.20339661089176,0.280279164750494,0.0186808623615289,0.0273797352188523,Early_Burst_Up,0.967743553784139,0.280279164750494
AXL,0.268225966537622,0.279232712664645,0.30234872032018,1.15853952889157e-07,2.94662773821383e-07,Early_Burst_Up,0.994997824413658,0.30234872032018
ZFP64,0.188732837230229,0.277916249706902,0.280392788683038,0.00240866843894539,0.00398191075663559,Early_Burst_Up,0.946064605417679,0.280392788683038
TMEM230,-0.329960292675303,-0.333730954417251,-0.265767189572813,4.22368320661005e-06,9.30619318120435e-06,Early_Loss_Down,0.980329493827161,0.333730954417251
SAP30,0.245536967995554,0.275225019432318,0.328184202934715,1.83993721576583e-06,4.18016858029026e-06,Early_Burst_Up,0.972034367501378,0.328184202934715
TPBG,0.545164442834195,0.63434562174286,0.527741942514402,1.66704586290605e-20,1.22015441258612e-19,Early_Burst_Up,0.986802388132828,0.63434562174286
NAPB,-0.0782071267574403,-0.170993784711558,-0.0716621111054632,0.0211762601637965,0.0307930870318215,Mid_Trough,0.995482731253011,0.170993784711558
TCF4,0.476361326380561,0.40649551917636,0.448544149963507,4.87847877156345e-10,1.52226098001316e-09,Early_Burst_Up,0.991728508956723,0.476361326380561
BCL2L1,0.687490014059079,0.64226081043571,0.682803717751551,8.75905265256436e-23,7.78769617250434e-22,Early_Burst_Up,0.998172417270595,0.687490014059079
XPO6,0.179739001591231,0.182261228310989,0.245929205041401,0.000701612776702741,0.00123296107143647,Early_Burst_Up,0.957229538689712,0.245929205041401
SMAD1,-0.33334293502247,-0.362168805161013,-0.35161156093384,1.00762167282197e-10,3.32227716371806e-10,Early_Loss_Down,0.997680385865988,0.362168805161013
BNIP2,0.513094079533097,0.474086475101114,0.443087211033935,1.23457094620526e-14,5.48537074977051e-14,Early_Burst_Up,0.992858550054752,0.513094079533097
ITPRIP,0.256900191833241,0.297887224161574,0.271509247092724,3.61627417544353e-06,8.01882059366933e-06,Early_Burst_Up,0.99250088531276,0.297887224161574
FAM210A,0.20129961324302,0.214712899479643,0.205261913703029,0.00155542634403439,0.00262934349686252,Early_Burst_Up,0.998526833977338,0.214712899479643
UPF3A,-0.639369636363608,-0.571727825846985,-0.510696243997905,2.19660558682989e-17,1.21543561792542e-16,Early_Loss_Down,0.983640933206748,0.639369636363608
RNF185,0.239370751412589,0.248807103357331,0.233720558959014,0.0226975251738781,0.032878817144824,Early_Burst_Up,0.998664937909645,0.248807103357331
HSD11B1,0.659448873891499,0.586829095381479,0.606919049855928,1.27419794355412e-11,4.47232192587826e-11,Early_Burst_Up,0.995122816751068,0.659448873891499
ZNF146,-0.276030546326085,-0.233753181273373,-0.218762171436367,0.000161005741627776,0.000304105715348696,Early_Loss_Down,0.980637590695645,0.276030546326085
ZNF48,-0.231397406344962,-0.215040069039304,-0.147937245545278,0.00996576810907443,0.0152286305919422,Early_Loss_Down,0.939524619624409,0.231397406344962
B3GNT2,-0.449472002263393,-0.431384109512793,-0.449038375785027,5.53315606409308e-13,2.18750236415119e-12,Early_Loss_Down,0.999278147481214,0.449472002263393
POLRMT,-0.343748027558781,-0.336334542188953,-0.316298120009751,1.51006525278528e-07,3.79316723020799e-07,Early_Loss_Down,0.997571433040578,0.343748027558781
CEP112,-0.160775865025118,-0.173663451876019,-0.141984675493148,0.00652016257523095,0.010207071661225,Early_Loss_Down,0.986846705364515,0.173663451876019
ACOX2,-0.240430206096641,-0.278720220023308,-0.265334642714426,0.00215964015116031,0.00359091415343779,Early_Loss_Down,0.992717739896493,0.278720220023308
MT-ND1,-0.460138780493615,-0.425346682081794,-0.423735840468494,5.19964374634207e-07,1.23915908525368e-06,Early_Loss_Down,0.997051401455578,0.460138780493615
BICD1,0.235906322340901,0.259594829436189,0.259484936982899,1.93757133924948e-06,4.39239136072847e-06,Early_Burst_Up,0.996103244449965,0.259594829436189
LRRC32,0.159036815707554,0.194449464914543,0.199849643201348,0.000738128643563919,0.0012923851402775,Early_Burst_Up,0.981276766321972,0.199849643201348
POLA2,-0.245993711893392,-0.204716525104627,-0.088436966914667,0.0164952374561754,0.0244128340939519,Early_Trough,0.985457461033267,0.245993711893392
ARL4C,0.530365445037033,0.595112734605593,0.501408917691412,9.59755957259068e-17,5.07761543312776e-16,Early_Burst_Up,0.989724358420234,0.595112734605593
GBA2,-0.224463658258579,-0.169249976959832,-0.167212284338149,0.00417060983874585,0.00667073132385988,Early_Loss_Down,0.962037205358632,0.224463658258579
KLHL26,-0.115705982522085,-0.184666324739035,-0.126528329999919,0.0129735081571856,0.0194883636974907,Mid_Trough,0.974960094711009,0.184666324739035
ZNF532,0.797228371545648,0.764102051232108,0.72272927306071,3.88856827168269e-17,2.1109370617706e-16,Early_Burst_Up,0.996810687937081,0.797228371545648
FPGS,0.125198846450552,0.165571339634337,0.178485474473381,0.0119230880799435,0.018024330427119,Early_Burst_Up,0.960377207554715,0.178485474473381
LPIN3,-0.212493956434245,-0.204703459194062,-0.176495467921076,0.000785872369632484,0.00137309045981136,Early_Loss_Down,0.988006779702762,0.212493956434245
PEX7,-0.465255472530396,-0.48396482873496,-0.37606341961761,6.75155549984944e-18,3.89372452319799e-17,Early_Loss_Down,0.97803085472332,0.48396482873496
TCAF2,0.315418653162596,0.320704519734057,0.327138640841308,3.68181398674801e-09,1.06020955009401e-08,Early_Burst_Up,0.999554770300335,0.327138640841308
BAK1,0.15549356531124,0.0858118316773014,0.193824493888689,0.0217594820041575,0.0315914880039426,Early_Burst_Up,0.851227685077808,0.193824493888689
MRPL42,-0.204757454336278,-0.236080609048654,-0.196345240769784,2.43106229022809e-08,6.51571670830216e-08,Early_Loss_Down,0.987287056042948,0.236080609048654
CYSTM1,0.308213787865072,0.232874926191202,0.261970579039031,0.00583042878303612,0.00917044572527434,Early_Burst_Up,0.974176283595963,0.308213787865072
POMGNT2,-0.144553817622664,-0.188259424258527,-0.164675997975061,0.00873510907934874,0.0134717527350519,Early_Loss_Down,0.977575004231548,0.188259424258527
RAB6B,-0.276549208255887,-0.231380247824916,-0.234208781053808,0.0160863349585902,0.0238415813936577,Early_Loss_Down,0.986337604664198,0.276549208255887
CLN6,0.449214355784099,0.407974013366663,0.435055427243506,1.97713742328585e-07,4.90424370688072e-07,Early_Burst_Up,0.996859394700764,0.449214355784099
HUS1,-0.142904349022814,-0.192113515537025,-0.122481751593462,0.00308986490525959,0.00503896839928872,Mid_Trough,0.96045807730118,0.192113515537025
HERPUD1,-0.424451717165696,-0.444366843773621,-0.403163696409594,7.64250629365776e-05,0.000148704553134954,Early_Loss_Down,0.996865739467007,0.444366843773621
TMPRSS2,0.420578980834441,0.42246214551398,0.351798243632987,9.08572554048948e-08,2.32507404514002e-07,Early_Burst_Up,0.986644703959018,0.42246214551398
ANXA8,0.96230364409869,1.02367075737002,0.916030720807595,9.41308310989098e-09,2.61467548866865e-08,Early_Burst_Up,0.995871295140962,1.02367075737002
SYP,-0.910514373008957,-1.07022128329134,-1.0086349194948,1.59480956529904e-27,2.1406460003901e-26,Early_Loss_Down,0.991400190162505,1.07022128329134
RBFA,-0.529893602074136,-0.5600691519685,-0.504992245700176,1.18947376709302e-19,7.98934680367078e-19,Early_Loss_Down,0.996430897457961,0.5600691519685
FBXO21,-0.185248001897421,-0.19097869299222,-0.0902218970172883,0.00100524760624766,0.00173850178287469,Early_Trough,0.937168062426249,0.19097869299222
NSMCE4A,0.176431256254255,0.180530752697101,0.12949752033194,0.00119012767792333,0.00204253300385192,Early_Burst_Up,0.96156507794656,0.180530752697101
SNRPE,-0.54628457073051,-0.48168228140702,-0.450760972480431,1.71251640084245e-06,3.89706357336913e-06,Early_Loss_Down,0.987211865200848,0.54628457073051
VPS54,-0.27149638859303,-0.245764844419219,-0.258990203236949,1.99931644576733e-05,4.14507011999894e-05,Early_Loss_Down,0.99671889867839,0.27149638859303
RAB11FIP4,-0.455519164878427,-0.448984989163067,-0.461553812686604,2.09521196115944e-15,9.92393508296463e-15,Early_Loss_Down,0.999745999035999,0.461553812686604
KBTBD4,-0.174869279639233,-0.13865918768314,-0.121420368082385,0.00899079996305278,0.0138430041244265,Early_Loss_Down,0.955894511871812,0.174869279639233
PRR15,0.325043731970399,0.443061578651121,0.322986243548382,2.17318938069266e-08,5.86042839472595e-08,Early_Burst_Up,0.955524656741987,0.443061578651121
MTURN,-0.733897529538866,-0.834148961283554,-0.776980510405121,1.14443125242131e-31,2.37505159168332e-30,Early_Loss_Down,0.994526338752107,0.834148961283554
WDR83,-0.211105661654372,-0.155714878649394,-0.158778634288101,0.000543974771686605,0.000969577650455328,Early_Loss_Down,0.960381727933478,0.211105661654372
MED9,-0.244318464349336,-0.192614677234472,-0.140013189132368,0.0013101568060659,0.00223791562809532,Early_Trough,0.964343954859106,0.244318464349336
INIP,-0.33961820919335,-0.324682310902449,-0.314975532792821,5.16727346958194e-08,1.35311673423099e-07,Early_Loss_Down,0.99807733843808,0.33961820919335
FOXJ2,0.38514120557554,0.311844490495538,0.380124466463315,2.65164845663169e-07,6.48839119555687e-07,Early_Burst_Up,0.983096578310636,0.38514120557554
CLDN10,-0.380464651611724,-0.517321872206445,-0.393864255146716,0.0128408511862382,0.0193100042594641,Early_Loss_Down,0.961414168209286,0.517321872206445
MEST,0.378245808299287,0.307585140087907,0.246547633824715,0.00220296870953891,0.00366076389791988,Early_Burst_Up,0.944944138495843,0.378245808299287
PKNOX1,-0.201681354611985,-0.197983080889669,-0.200099150344871,0.00271138862636647,0.00445228416507928,Early_Loss_Down,0.999885160684089,0.201681354611985
ENTPD3,-0.713714362306144,-0.819914459503616,-0.832906945055137,5.45178962310622e-18,3.17493304713016e-17,Early_Loss_Down,0.990962616854227,0.832906945055137
ALKBH3,-0.606041176709442,-0.622929929448105,-0.590925188931427,2.96909225611833e-24,2.91033990052022e-23,Early_Loss_Down,0.999072538245509,0.622929929448105
TMEM65,-0.242574354336522,-0.193949158266084,-0.233065800882202,0.00117297357704192,0.00201683597275678,Early_Loss_Down,0.982684357781538,0.242574354336522
NCAPG2,0.264141521549384,0.2559830887488,0.287419596362366,0.00179831787557367,0.00301725833881535,Early_Burst_Up,0.995138836192917,0.287419596362366
MARCO,0.447086547923832,0.47690550714766,0.452515646829274,0.000332843002305264,0.000607438479207107,Early_Burst_Up,0.998406254359404,0.47690550714766
TRAPPC14,0.282000090907546,0.297835446962792,0.331912648473532,2.42595133952147e-09,7.11122474374697e-09,Early_Burst_Up,0.990739296079176,0.331912648473532
NARF,0.370475407180401,0.487383976823137,0.438067275693837,1.3712304419714e-13,5.64361015731258e-13,Early_Burst_Up,0.976259344254221,0.487383976823137
ANKS4B,0.179465204303328,0.325749314006597,0.174069733640629,0.0167707125144741,0.0247720748216993,Mid_Peak,0.998049631252701,0.325749314006597
EXTL2,0.190191077759771,0.173742436440026,0.222285989265159,0.000548568904388366,0.000977289428448721,Early_Burst_Up,0.979372496267482,0.222285989265159
ACVR1,0.292047757842584,0.216388752553073,0.218325392878058,0.000199389163931578,0.000373047801762274,Early_Burst_Up,0.960234704300997,0.292047757842584
ALG6,-0.42052958865515,-0.51425904396254,-0.434617521844545,1.633665651884e-10,5.29827184527617e-10,Early_Loss_Down,0.984044330020463,0.51425904396254
DDR2,0.274938733253837,0.318874505005919,0.266377629945184,7.12165376256848e-06,1.53659327487931e-05,Early_Burst_Up,0.987378115012662,0.318874505005919
AP4B1,0.233976200340286,0.314366248204145,0.276630061367582,6.49959370505913e-06,1.40675211478549e-05,Early_Burst_Up,0.972642503131384,0.314366248204145
MUC3A,0.488582021423604,0.736878673773499,0.613510797086519,1.53482365799995e-05,3.21733059996866e-05,Early_Burst_Up,0.949422024466599,0.736878673773499
IGF2,1.03495753465509,1.00374023341848,0.940486084307418,1.44167039450858e-21,1.16143088316557e-20,Early_Burst_Up,0.996882331428395,1.03495753465509
SNAP91,-0.373731060687781,-0.403965382606666,-0.387445200287943,1.33862817638725e-06,3.07396900769722e-06,Early_Loss_Down,0.997980275400417,0.403965382606666
B3GALT5,0.313123171709223,0.477886108175707,0.355259075541593,5.87534246222025e-06,1.27795608914263e-05,Mid_Peak,0.959048250080034,0.477886108175707
SLC22A18,0.29764753292875,0.235018787669573,0.193497867579119,0.0133032952883793,0.019954942932569,Early_Burst_Up,0.942761609957547,0.29764753292875
TRAF3,0.140759840585497,0.133640813421914,0.131068656147832,0.00489142523568115,0.00776840473498827,Early_Burst_Up,0.998165514574763,0.140759840585497
STK33,-0.443560477301115,-0.486574942678964,-0.435038277708251,5.01243614972124e-09,1.42464117616053e-08,Early_Loss_Down,0.995122148034787,0.486574942678964
HACE1,0.169829013637712,0.15830088141572,0.152968546554035,0.0347209981085119,0.0489327936086428,Early_Burst_Up,0.996171624484737,0.169829013637712
MSMO1,0.192070257954369,0.289776146611115,0.199146605612488,0.00132789415795931,0.00226588787831399,Mid_Peak,0.970430535171271,0.289776146611115
MILR1,0.950702265018173,1.01782291075119,0.933468298569247,2.08307215965583e-32,4.69792046413436e-31,Early_Burst_Up,0.997181633126618,1.01782291075119
CREG1,0.360014290783322,0.338568753695761,0.386557198719962,7.23176361029932e-05,0.000141240874829643,Early_Burst_Up,0.994162360374987,0.386557198719962
RAVER2,-0.307509033892366,-0.326415121002962,-0.275648008950918,5.04398400124714e-10,1.57095938841238e-09,Early_Loss_Down,0.990586061509339,0.326415121002962
PARL,-0.491805848045057,-0.448759490539248,-0.456195878613345,5.17702715139057e-09,1.46991538566606e-08,Early_Loss_Down,0.996759587793981,0.491805848045057
ZG16,-0.555803017492183,-0.611676981130549,-0.483690715907535,5.68832037581726e-06,1.23824750634453e-05,Early_Loss_Down,0.982356900136224,0.611676981130549
ZDHHC20,0.247088371580893,0.327265468997371,0.261372212166653,1.81814879324905e-07,4.52741898785715e-07,Early_Burst_Up,0.969982467316352,0.327265468997371
GLIPR1,0.410319126766839,0.443540059747475,0.463872345227151,1.11471537668014e-08,3.07581610236476e-08,Early_Burst_Up,0.994987335500444,0.463872345227151
CACNA2D2,-0.496912301609752,-0.523274724232875,-0.511956125515232,3.51878941364324e-12,1.29457849249951e-11,Early_Loss_Down,0.999107121580453,0.523274724232875
PLP2,-0.854905251520476,-0.817196682349829,-0.833291843722668,1.53466799015162e-13,6.29138276553783e-13,Early_Loss_Down,0.99931625694015,0.854905251520476
SLC16A10,-1.93315075629219,-2.06305296906602,-1.96463143243445,6.7764420868111e-32,1.4386109960827e-30,Early_Loss_Down,0.99845272822915,2.06305296906602
DHX33,-0.223756025031127,-0.253052107417352,-0.15323740305302,0.000268728523391143,0.000494988661279569,Early_Loss_Down,0.928816366012315,0.253052107417352
IFT57,-0.130958927110802,-0.145240841473542,-0.0748138232262004,0.0210803739459621,0.0306697328633385,Early_Trough,0.907232236776401,0.145240841473542
TPST1,0.310633353774235,0.251670491891432,0.195321007113195,1.37028425803344e-06,3.14492708090301e-06,Early_Peak,0.94672289330778,0.310633353774235
SFXN5,-0.558309125291326,-0.6174397997574,-0.596867488482281,1.6754102710415e-26,2.05342625561228e-25,Early_Loss_Down,0.996576468997443,0.6174397997574
SLC20A2,-0.149543537187567,-0.1966322253837,-0.212530981701487,0.0166129483579896,0.0245624200733835,Early_Loss_Down,0.961142230203783,0.212530981701487
ENSG00000285547,0.233101189698002,0.259067408165986,0.306540466408529,5.49096434796636e-11,1.84480441274833e-10,Early_Burst_Up,0.974890354665115,0.306540466408529
TCEAL1,-0.132176474012379,-0.179689736043213,-0.137442849967804,0.0102986067148563,0.0157199202276291,Early_Loss_Down,0.961963956386669,0.179689736043213
IFRD2,-0.738491123197527,-0.747895620358728,-0.713464398404788,5.92387548967377e-28,8.36986278863584e-27,Early_Loss_Down,0.999215573643529,0.747895620358728
PPTC7,0.298476299449976,0.271043108859263,0.258198902229042,4.93548886272653e-05,9.84259245521452e-05,Early_Burst_Up,0.992667184421158,0.298476299449976
BTBD1,0.499269878981957,0.561055668871923,0.526853422498998,1.55107228236118e-11,5.41443940176582e-11,Early_Burst_Up,0.995467433416199,0.561055668871923
PYURF,0.419904687477198,0.402092617592845,0.442991773752076,0.00242579463021182,0.00400783460643692,Early_Burst_Up,0.996861446393057,0.442991773752076
TAF3,-0.389935428121476,-0.387122617672196,-0.281309067541409,6.50478046287997e-10,2.00566072664272e-09,Early_Loss_Down,0.961295332451771,0.389935428121476
XPR1,-0.511404773870972,-0.531229657866848,-0.53986187129146,2.58812191573072e-16,1.32137120139331e-15,Early_Loss_Down,0.998981432704899,0.53986187129146
CHPF2,0.0781384909314917,0.164698872114731,0.194761281636565,0.0134622318930167,0.0201715329156797,Mid_Plateau_Up,0.98552484338642,0.194761281636565
DCBLD1,0.829888299337548,0.905585721996047,0.793569041158066,3.20181170239917e-35,9.9795793960172e-34,Early_Burst_Up,0.99392794331856,0.905585721996047
PGAP1,-1.01256095275553,-1.07337480670975,-0.969067713376374,1.69889625571006e-21,1.36206306743922e-20,Early_Loss_Down,0.996489190653375,1.07337480670975
LIN54,-0.133855203196641,-0.139985619656184,-0.122151745654222,0.0250471900743815,0.036103295591695,Early_Loss_Down,0.993775838485886,0.139985619656184
CHD6,-0.312510673944156,-0.321828754381002,-0.274034120066958,1.66487304651144e-07,4.15818532204929e-07,Early_Loss_Down,0.990793131783422,0.321828754381002
ATG101,0.167294148439034,0.148587866208978,0.209257498035256,0.0250493185227646,0.036103295591695,Early_Burst_Up,0.960470544620086,0.209257498035256
GNG7,-0.64748654488714,-0.717938378347157,-0.644997989690671,1.58846623059249e-24,1.59845416819718e-23,Early_Loss_Down,0.994946794355826,0.717938378347157
MAP1LC3A,0.568410774682004,0.493298028602412,0.426108739328313,3.44731907695378e-07,8.33623044878076e-07,Early_Burst_Up,0.973610465017033,0.568410774682004
MAST2,0.543384084731266,0.576617865267813,0.571083352375476,7.31130521767153e-12,2.6271451650027e-11,Early_Burst_Up,0.998672217198859,0.576617865267813
HAUS5,0.168903709759863,0.175006706268322,0.198817816295731,0.000949465051836139,0.00164544942969187,Early_Burst_Up,0.989974242221566,0.198817816295731
FAM174B,-1.16010984023353,-1.17587434853314,-1.10142180879671,8.46410950427611e-24,8.08706306482041e-23,Early_Loss_Down,0.998440323207602,1.17587434853314
TOP3A,0.333713756172335,0.304771475183009,0.341006311072762,3.90974466824339e-07,9.40916574005826e-07,Early_Burst_Up,0.995437313861116,0.341006311072762
MAP2K5,-0.155128578265016,-0.14656775516551,-0.0738190388711399,0.0136241469485605,0.0204067946194961,Early_Trough,0.959021022536424,0.155128578265016
BHLHE40,0.367752436876533,0.385521454982602,0.394883073596961,1.13191169580151e-12,4.3369102819798e-12,Early_Burst_Up,0.99827575839853,0.394883073596961
LCAT,0.32509880818442,0.239151357633885,0.27398490775094,0.00291093113837759,0.00476209336221316,Early_Burst_Up,0.969534253761387,0.32509880818442
LMO4,0.501699841155963,0.469315984066329,0.450329001137003,2.03657977537539e-10,6.53874108436496e-10,Early_Burst_Up,0.99601626903104,0.501699841155963
CADM4,-0.709004896265472,-0.741730858641496,-0.675796692180651,4.99341731871022e-26,5.89435729451156e-25,Early_Loss_Down,0.997128345703229,0.741730858641496
MRPS21,-0.190806370843681,-0.259237505930148,-0.233334724013715,0.000685087634038702,0.00120585856397421,Early_Loss_Down,0.970669018687888,0.259237505930148
PLCXD3,-0.26174365955902,-0.448662514735106,-0.265392022419181,1.17713879159688e-06,2.71511890899924e-06,Mid_Trough,0.992406405794308,0.448662514735106
POP4,0.383551197376919,0.30969042146653,0.445377905604752,0.00168261518587498,0.00283341229802743,Early_Burst_Up,0.959840508602914,0.445377905604752
SHKBP1,0.209010363455044,0.256145919869717,0.230723747878723,1.09372272964224e-05,2.32192871328642e-05,Early_Burst_Up,0.986486380048586,0.256145919869717
SHB,0.150533095325705,0.174264790585432,0.155266990152887,0.0132792125103908,0.019926001895325,Early_Burst_Up,0.991885746214308,0.174264790585432
SLC38A5,-1.27591948057697,-1.13092840068923,-1.09581418598298,1.3305528540687e-18,8.26332899370131e-18,Early_Loss_Down,0.991201540014895,1.27591948057697
RPS6KB2,-0.238256678074024,-0.239338173260567,-0.14773819588462,0.000636633543812277,0.00112509330040471,Early_Loss_Down,0.924637518556805,0.239338173260567
SFT2D3,-0.299944789192405,-0.254677406551654,-0.303333624308926,0.000141022733175172,0.000267515656595345,Early_Loss_Down,0.988181567393188,0.303333624308926
GLT8D2,0.557661450169058,0.520299867153448,0.478600949760015,3.71206502376773e-13,1.48020149150911e-12,Early_Burst_Up,0.992341715021839,0.557661450169058
SCD5,-0.490779878621735,-0.523731995457163,-0.514270260555015,6.05578111630413e-08,1.5757095680388e-07,Early_Loss_Down,0.998525275246911,0.523731995457163
ADCK1,-0.444953630708694,-0.434663034655847,-0.449026322454563,2.2370598808304e-15,1.05358304064916e-14,Early_Loss_Down,0.99962770624959,0.449026322454563
TCF7L2,0.413865290381979,0.434538013193035,0.371504692551092,2.82971805050355e-08,7.55257011426893e-08,Early_Burst_Up,0.991776945920859,0.434538013193035
FKBPL,-0.254878262035158,-0.236509280448194,-0.156376830412593,0.0019770844584975,0.00329989909017573,Early_Trough,0.93916828642455,0.254878262035158
MGST2,-0.707670347421313,-0.736225157514946,-0.70188338802738,2.12020753227523e-15,1.00252085702241e-14,Early_Loss_Down,0.999120162742054,0.736225157514946
LEFTY1,-0.706432174966593,-0.712781814360695,-0.746784842475157,1.4958645006376e-11,5.22830087119114e-11,Early_Loss_Down,0.998797937320574,0.746784842475157
BCLAF3,0.103320541230443,0.104653340137319,0.193298971511312,0.00159483309017703,0.0026910383163936,Monotonic_Up,0.949474049203604,0.193298971511312
MPDU1,-0.844970706425468,-0.846101604845265,-0.811117604931625,6.28693999922687e-18,3.63080601482068e-17,Early_Loss_Down,0.999243405776813,0.846101604845265
CILP2,0.393490322420053,0.378704573098118,0.340127454626688,8.97002462933339e-06,1.91849254601163e-05,Early_Burst_Up,0.992718234121026,0.393490322420053
SCOC,-0.208791030621834,-0.188211160695008,-0.162392969665417,0.0231839305196542,0.0335542034407935,Early_Loss_Down,0.979896452319676,0.208791030621834
MAN1C1,0.310393816413041,0.235717792684013,0.250250166788852,0.000729843283638743,0.0012789546865533,Early_Burst_Up,0.971597879395125,0.310393816413041
CMSS1,-0.126022193548879,-0.161210462132586,-0.0909629034627614,0.0190370173104963,0.0278624794333363,Mid_Trough,0.950381215160149,0.161210462132586
ELP5,-0.375714972257575,-0.417589303960285,-0.383178278384615,9.54326251393457e-17,5.05531703634395e-16,Early_Loss_Down,0.995702659711231,0.417589303960285
CTNNBIP1,0.379036820596736,0.42790817316646,0.264574804931347,2.0820082569514e-08,5.62365229287556e-08,Early_Burst_Up,0.933761698046071,0.42790817316646
MMGT1,-0.262191245884002,-0.305495739799316,-0.269195019004419,0.00406748159580382,0.00651454615863729,Early_Loss_Down,0.990868461627737,0.305495739799316
SCAI,0.272574997132924,0.195903053003026,0.224395335203987,0.00017319099910821,0.000325790120836014,Early_Burst_Up,0.96444715411319,0.272574997132924
USP33,0.09411430247208,0.0663298244978492,0.142504600275819,0.0323943233817004,0.0459181671235753,Monotonic_Up,0.867329532879134,0.142504600275819
PRKAA2,-0.51147295386688,-0.465844175741062,-0.440925656194822,3.70062131271705e-10,1.16830692581302e-09,Early_Loss_Down,0.992450105846283,0.51147295386688
PLA2G7,0.361167898993357,0.377745075154864,0.409312122229999,1.94147071246957e-05,4.0281523981979e-05,Early_Burst_Up,0.994599450410529,0.409312122229999
SPNS1,0.183571104077631,0.229881382095376,0.267008883372006,0.000207410619773833,0.000387271971675529,Early_Burst_Up,0.95757271098418,0.267008883372006
WDR54,0.300336321593723,0.267080482890675,0.274073871486912,5.01582567157827e-07,1.19740967409278e-06,Early_Burst_Up,0.994830485383548,0.300336321593723
RASSF6,0.269164300866645,0.352927217042574,0.29876801708919,6.32537760536604e-05,0.000124532274501671,Early_Burst_Up,0.97540493465525,0.352927217042574
ST7,-0.206065991518272,-0.185783017097082,-0.159463802276064,0.0110202535328162,0.0167507853698807,Early_Loss_Down,0.979117254745297,0.206065991518272
TARBP2,0.0858332299373316,0.0622373824177413,0.127384946429157,0.00402154346776833,0.00644469184262816,Monotonic_Up,0.869693738024511,0.127384946429157
PMS1,-0.132623575583776,-0.177332583708913,-0.111470352942189,0.0253797017310358,0.0365541498452197,Mid_Trough,0.959988299785031,0.177332583708913
MRPS18C,-0.256197815600508,-0.224344486885979,-0.256026492072428,0.000752951253511601,0.00131750637757013,Early_Loss_Down,0.992641334739732,0.256197815600508
SLC35B3,-0.244918140170696,-0.326660838939246,-0.279408268354902,4.11532893264684e-06,9.07947173316198e-06,Early_Loss_Down,0.973210901395858,0.326660838939246
GDPD1,-0.371632024485871,-0.450356869699863,-0.387493763100814,8.1432891380203e-09,2.27563640720634e-08,Early_Loss_Down,0.986076148057141,0.450356869699863
NGRN,-0.417467101857599,-0.40240651611076,-0.425469735782482,5.13737869128609e-15,2.36205886568414e-14,Early_Loss_Down,0.998940642385321,0.425469735782482
SPRR1B,0.942710995380414,1.08216337686212,0.862338293426853,1.41049020144533e-09,4.22081965351602e-09,Early_Burst_Up,0.982652609240271,1.08216337686212
MOCS1,-0.361553078369727,-0.371807921670071,-0.331252309300534,4.4667701984679e-06,9.81321583728876e-06,Early_Loss_Down,0.995324938709849,0.371807921670071
TMEM63B,0.280983665036255,0.320693869533744,0.286963459948109,1.71198272699507e-05,3.57070683058973e-05,Early_Burst_Up,0.993106117638803,0.320693869533744
CHN1,-0.0738976360944923,-0.181332677296556,-0.145494765441093,0.00429319267835355,0.00685757187509755,Mid_Plateau_Down,0.961300377091952,0.181332677296556
PCBP3,-0.0399137297799773,-0.131930208914893,-0.0105742101141459,0.0322527408467464,0.0457408502601608,Mid_Trough,0.898028802754519,0.131930208914893
TBC1D8,-0.247320606925019,-0.200297325929692,-0.209704995723615,3.45435012316158e-07,8.34943413446142e-07,Early_Loss_Down,0.983236708245308,0.247320606925019
STX10,-0.165754451642428,-0.145795566591127,-0.132627967390812,0.0233453771640033,0.0337761176562648,Early_Loss_Down,0.983497679445992,0.165754451642428
PNMA8B,-0.3438208688694,-0.252836412343098,-0.281105269017206,0.000735177543926416,0.00128748895634588,Early_Loss_Down,0.967846858496227,0.3438208688694
RAD17,-0.0955044634912825,-0.157461949302213,-0.168339812268888,0.0033284904675622,0.00541115406740626,Mid_Plateau_Down,0.955701182725008,0.168339812268888
RARRES1,0.16416017678674,0.265856840592796,0.330339417865217,0.00212379283790367,0.00353342742843549,Monotonic_Up,0.979573598809379,0.330339417865217
PGGHG,-0.226814294683972,-0.227443001010527,-0.189838894210035,0.0122575642713912,0.0184963644363587,Early_Loss_Down,0.986853811165435,0.227443001010527
SLC30A6,-0.28216103996196,-0.335401978616278,-0.294466201596836,1.00772154562635e-09,3.05621672839012e-09,Early_Loss_Down,0.988976138662905,0.335401978616278
ROR1,-0.15699596028071,-0.160093411841662,-0.107926233513426,0.025278898096427,0.0364215702836678,Early_Loss_Down,0.947540407918522,0.160093411841662
KRT3,0.447986558980195,0.623248630523241,0.64991128565437,2.20860285177908e-05,4.5607922909443e-05,Early_Burst_Up,0.954551371303727,0.64991128565437
ACAP3,0.300316349869322,0.306859214987838,0.383423195368924,3.10152970293558e-06,6.92910877525634e-06,Early_Burst_Up,0.974868317178448,0.383423195368924
GTF3C6,-0.221445665914388,-0.184629418976094,-0.171513021322981,0.000120665411391915,0.000229999439670983,Early_Loss_Down,0.976733343926101,0.221445665914388
ATRIP,-0.188287723204974,-0.153476521902542,0.0205946424566774,0.0311523373633784,0.0442934822378328,Early_Trough,0.900818356446284,0.188287723204974
URM1,0.371412872625096,0.315609824368516,0.349207409961819,1.00971372183185e-06,2.34127545084554e-06,Early_Burst_Up,0.991294051651082,0.371412872625096
CYTH4,0.268540038224289,0.287365229293693,0.302424292066171,2.27786032869363e-05,4.69332846134894e-05,Early_Burst_Up,0.995338254863819,0.302424292066171
WNT4,0.756138935090857,0.657238346063549,0.605666084253125,1.65924910665747e-09,4.93152538057265e-09,Early_Burst_Up,0.983219801819476,0.756138935090857
ENSG00000249319,0.264913167108089,0.263290089024212,0.273180659388427,0.00063786014337458,0.00112702168007712,Early_Burst_Up,0.99947470587515,0.273180659388427
SMURF2,0.0778442546778731,0.124870674814032,0.147299716681077,0.0202576622248204,0.0295554461842489,Monotonic_Up,0.969279634063344,0.147299716681077
PLEKHM1,0.310179016183568,0.270552203880095,0.315451139837161,7.20442997236459e-14,3.02193882207753e-13,Early_Burst_Up,0.991120066285735,0.315451139837161
RAB11FIP2,-0.292294352401044,-0.23340365244682,-0.149479496911945,0.0267603048507516,0.0384361851860467,Early_Trough,0.977658586658547,0.292294352401044
EDEM2,-0.681634342329279,-0.614014122941788,-0.542795397219051,7.35932887597104e-21,5.567666809621e-20,Early_Loss_Down,0.983313584846396,0.681634342329279
RTL8C,0.381079721928103,0.331934640202944,0.371576401633584,2.54086193735413e-08,6.80123931896463e-08,Early_Burst_Up,0.993139527746514,0.381079721928103
VSIG1,0.39395153549292,0.414506158961893,0.440934722871274,0.002439328008775,0.00402779517639396,Early_Burst_Up,0.995762613289868,0.440934722871274
DNAJC12,-0.784200123837942,-0.772351358071156,-0.69731616195712,4.77786593566505e-22,4.00014087692199e-21,Early_Loss_Down,0.994796912145181,0.784200123837942
RASGRF2,0.446339739058361,0.459612594479392,0.52142044843615,2.03805262539267e-10,6.54094637428378e-10,Early_Burst_Up,0.990675378265346,0.52142044843615
XPA,-0.264473951739286,-0.264181755766862,-0.235640427864961,4.56540751350673e-05,9.13300993447187e-05,Early_Loss_Down,0.994411425181312,0.264473951739286
CEP290,-0.307801598024992,-0.332965943759047,-0.15224330070457,0.00483960608855545,0.00769197896656961,Early_Trough,0.92286857463672,0.332965943759047
PLAAT3,0.150881804974528,0.250228821490267,0.250912737404721,0.0057042168400731,0.0089849794428891,Mid_Plateau_Up,0.949691530939306,0.250912737404721
CD58,0.649696208968465,0.620901099822987,0.582429868860562,4.16360154529211e-14,1.78697741412692e-13,Early_Burst_Up,0.996043102126282,0.649696208968465
C5AR1,0.438668526164031,0.45059788339212,0.510376317739536,4.50210092697769e-06,9.88561580852463e-06,Early_Burst_Up,0.991077684087287,0.510376317739536
JTB,-0.588690852313895,-0.597791980990897,-0.538644888044498,4.12287901950836e-11,1.3992903425917e-10,Early_Loss_Down,0.995935086014956,0.597791980990897
KDM2B,-0.124923238197841,-0.139110204622934,-0.0209964125257901,0.0264075493586069,0.0379585742190868,Early_Trough,0.897255638353648,0.139110204622934
ILRUN,-0.293608368038568,-0.286358191091618,-0.198874476244705,1.2387297227103e-06,2.8524373968996e-06,Early_Loss_Down,0.949160368723153,0.293608368038568
SLC26A2,-0.116857084064019,-0.148140741484172,-0.236207473054342,0.0241324622028482,0.0348421843254862,Monotonic_Down,0.97842520984704,0.236207473054342
HBQ1,-0.407254320580631,-0.486050746369971,-0.417786689131896,0.000146755528505431,0.000277883847149532,Early_Loss_Down,0.987464790185808,0.486050746369971
FGFR1,-0.382741884357934,-0.363689418651913,-0.309647096283129,2.16645466427373e-07,5.3451632718903e-07,Early_Loss_Down,0.984880724314556,0.382741884357934
JMJD7,-0.245420010888883,-0.188744396625196,-0.149373452537943,0.0217639931497432,0.0315925259013017,Early_Trough,0.954175698738505,0.245420010888883
ABHD2,-0.337422518618317,-0.297927461741159,-0.189774705393286,5.53698647296201e-05,0.000109685316419876,Early_Trough,0.957788772750719,0.337422518618317
RPS19BP1,0.430290388306583,0.352433138944936,0.412920290726148,1.15586902244839e-06,2.66753799357058e-06,Early_Burst_Up,0.986266877896699,0.430290388306583
SMPD2,-0.314486226821251,-0.293977835773358,-0.279647776157587,5.31821612463044e-05,0.000105527407222638,Early_Loss_Down,0.995367591255638,0.314486226821251
METTL15,-0.401020972625949,-0.369596507431098,-0.32523974615175,1.22399212509809e-09,3.68126579872293e-09,Early_Loss_Down,0.985821876768428,0.401020972625949
DVL1,-0.335256988145774,-0.285117462489304,-0.288638501900988,1.63705466149841e-05,3.42128801933446e-05,Early_Loss_Down,0.988815370768627,0.335256988145774
PTPN3,-0.181018702823537,-0.202251152586898,-0.216848645479988,0.0139245675430818,0.0207968864130522,Early_Loss_Down,0.989356162257604,0.216848645479988
BCL9,-0.168412401552639,-0.327616021720528,-0.0978116174205762,0.00253492607750762,0.00417405121033209,Mid_Trough,0.969459711518512,0.327616021720528
SH2D3A,0.0985459418792331,0.188949538608749,0.125378422215252,0.0126438965669418,0.0190379061389705,Mid_Peak,0.981857098547927,0.188949538608749
EPC2,-0.186247962222781,-0.207261205472213,-0.164793394229933,0.0150814309068983,0.0224521767454755,Early_Loss_Down,0.983080587587098,0.207261205472213
TENT5C,-0.560961397212898,-0.607970021646535,-0.580352976739428,2.22390493581512e-16,1.14031650498173e-15,Early_Loss_Down,0.997818564179315,0.607970021646535
AP4S1,-0.228617370211081,-0.207830784249721,-0.173556089803,8.47298074694243e-05,0.000163791279386887,Early_Loss_Down,0.975963688517836,0.228617370211081
GNG11,-0.126626573853922,-0.180725167460782,-0.195875695926264,0.0325252712932425,0.0460880823603549,Early_Loss_Down,0.942557933702724,0.195875695926264
NAB1,0.404918404768987,0.394761049503744,0.391876525622903,5.5887641223286e-14,2.35970040720541e-13,Early_Burst_Up,0.999603585841648,0.404918404768987
HEG1,0.356473229379783,0.337909856165193,0.345002473016481,1.15615134963017e-05,2.44821667471304e-05,Early_Burst_Up,0.999026746379586,0.356473229379783
LSM3,0.4089135345305,0.308947113045728,0.376017043743006,0.00559501933873503,0.00882854587352159,Early_Burst_Up,0.974943389642495,0.4089135345305
FABP6,0.65560276866484,0.711748147013024,0.421875347935834,4.86483214226158e-07,1.16336589333048e-06,Early_Burst_Up,0.92167459153118,0.711748147013024
CFI,0.679527126261881,0.643262555669018,0.658289332905017,5.49690000768057e-13,2.17420160950179e-12,Early_Burst_Up,0.998986443712282,0.679527126261881
FZD6,0.152772238898236,0.214355676237406,0.213681195229419,0.0232950977477661,0.0337092337779359,Early_Burst_Up,0.958281202417057,0.214355676237406
RNF121,0.446811541203867,0.399167389952148,0.393966562216774,0.000237552557867418,0.000440194252187185,Early_Burst_Up,0.993444258197423,0.446811541203867
ZNF217,-0.219576801220875,-0.230028204912768,-0.116209617190528,0.0301376231608155,0.0429461130041621,Early_Trough,0.928760838378773,0.230028204912768
SLX9,-0.29061014726895,-0.26173909637507,-0.301324843161178,9.83265543209258e-07,2.28306566767702e-06,Early_Loss_Down,0.993167502176441,0.301324843161178
CCL5,-0.218060340442088,-0.325137544701003,-0.0597216550894643,0.0118604030909052,0.0179360847760337,Mid_Trough,0.895227613734474,0.325137544701003
CXCL8,0.604186462904033,0.785461136641351,0.63255488544701,7.61570076701333e-08,1.96337861781552e-07,Early_Burst_Up,0.973215925823262,0.785461136641351
VAMP5,0.358266968162661,0.315981953653154,0.401018096830447,3.33192817040994e-06,7.40804334334798e-06,Early_Burst_Up,0.981749176557917,0.401018096830447
SFXN4,-0.404690562454778,-0.392396207373664,-0.354838160613949,1.01348435812359e-08,2.80579402139207e-08,Early_Loss_Down,0.993955430667882,0.404690562454778
CHKA,-0.351089618181621,-0.274602962620022,-0.275418966115348,2.17609557924545e-09,6.39232877178984e-09,Early_Loss_Down,0.972649891198714,0.351089618181621
USP20,-0.251157942090565,-0.276040138172392,-0.175568416077022,2.80280900623649e-06,6.2853615063056e-06,Early_Loss_Down,0.939454685994144,0.276040138172392
MAPK8IP3,-0.173111783636511,-0.177695073142008,-0.251926332629696,0.00551750587801773,0.00871449685269758,Early_Loss_Down,0.941013489231992,0.251926332629696
SLC44A4,1.02427038785793,1.24800056755687,1.19764252153248,1.76023019605465e-17,9.84451323357982e-17,Early_Burst_Up,0.986547667871126,1.24800056755687
CTSO,0.490470992265263,0.467294910833784,0.457645740112217,6.23588923018464e-07,1.47596900379967e-06,Early_Burst_Up,0.998299502780403,0.490470992265263
NOTCH1,0.31436351663613,0.369403328372318,0.364935670110269,2.63827100275218e-05,5.3984979800599e-05,Early_Burst_Up,0.989956944974922,0.369403328372318
CUEDC1,0.228484699772319,0.26493111899363,0.284059445313039,3.63286174994078e-06,8.0527220269541e-06,Early_Burst_Up,0.984541209279103,0.284059445313039
POLR2L,-0.345341411473246,-0.350799713741286,-0.309376184903842,4.87595616635479e-07,1.16569110072981e-06,Early_Loss_Down,0.99404179956562,0.350799713741286
PTRH1,-0.159458216527594,-0.163264911232279,-0.215830168986621,0.0126722806550674,0.0190771924043906,Early_Loss_Down,0.961302014036438,0.215830168986621
GAD2,-0.402023716798999,-0.481186937412178,-0.45086994127935,2.58899883777323e-05,5.30289154022861e-05,Early_Loss_Down,0.989414178204906,0.481186937412178
MTO1,-0.315035452278476,-0.307555055380317,-0.274969297446464,0.000304212579458375,0.000557388173987801,Early_Loss_Down,0.993307513698176,0.315035452278476
IER3IP1,-0.479976544011136,-0.510773952273095,-0.431835695752983,7.12592949772928e-07,1.67472423835366e-06,Early_Loss_Down,0.990744299768635,0.510773952273095
CTNNA2,-0.433487546664037,-0.437263695698459,-0.444993812077354,3.40511472724223e-08,9.03039029958886e-08,Early_Loss_Down,0.999761626471643,0.444993812077354
C2CD2,-0.216082876477678,-0.204401964348358,-0.190141023050974,0.0037032442187089,0.0059748736696579,Early_Loss_Down,0.994611338211212,0.216082876477678
NAA20,-0.336122033529897,-0.273223888568825,-0.21704006743407,8.54086544642338e-07,1.99486618706526e-06,Early_Loss_Down,0.942926241931363,0.336122033529897
C1orf109,-0.216069656118486,-0.241326816331319,-0.183596426386545,0.00190397927907412,0.00318494719793108,Early_Loss_Down,0.976401131126807,0.241326816331319
NEK4,-0.351676397221571,-0.35215038132592,-0.303412110791329,6.63812832965048e-08,1.71773955097485e-07,Early_Loss_Down,0.990851689502806,0.35215038132592
TSPAN13,0.472643486717301,0.460134618539284,0.339766475283412,0.000275600366227885,0.000507197312637871,Early_Burst_Up,0.962345242181566,0.472643486717301
RFLNA,0.190615773115984,0.308801688222469,0.269817506428251,0.000659731380902233,0.00116368896817897,Early_Burst_Up,0.933682806480627,0.308801688222469
CHSY1,0.433684744759922,0.418526454768672,0.500477044425059,3.99100438799472e-08,1.05371632350546e-07,Early_Burst_Up,0.987760301634699,0.500477044425059
DPAGT1,-0.885257889666558,-0.875093546771942,-0.865521720832199,1.42360032082292e-24,1.43951420047246e-23,Early_Loss_Down,0.999830519587593,0.885257889666558
WNT2,1.05961198247734,1.09305346282911,0.993094421263009,1.16767801691224e-28,1.75404629183099e-27,Early_Burst_Up,0.99687504989431,1.09305346282911
TMEM179B,0.489346545006679,0.410090404086669,0.430365748929434,7.32852741125383e-10,2.24550828852925e-09,Early_Burst_Up,0.988691147510313,0.489346545006679
DNAAF2,-0.0475201608409482,0.126874959572027,0.12443728967254,0.0212134419400655,0.0308297989364371,Mid_Plateau_Up,0.897758269355911,0.126874959572027
KAT6A,-0.210262462664202,-0.262323822401106,-0.148112587220587,0.000701670708282038,0.00123296107143647,Mid_Trough,0.943578432768909,0.262323822401106
LIME1,0.648399029387953,0.582337938775503,0.572042182834721,4.76814447595629e-13,1.89225075483587e-12,Early_Burst_Up,0.993720932519032,0.648399029387953
NAT14,0.239162686089384,0.149250025995713,0.125938328223973,0.00443786697978056,0.00707643782443645,Early_Peak,0.969454243826379,0.239162686089384
MARVELD2,-0.777391482072124,-0.666262022905072,-0.667452327776425,4.71900207872353e-10,1.47526428621853e-09,Early_Loss_Down,0.989210565947241,0.777391482072124
VSIG2,0.762270928833063,0.833507684444296,0.717469546358599,3.21443527554041e-09,9.30453230019035e-09,Early_Burst_Up,0.992407940913942,0.833507684444296
IDNK,-0.658093130609547,-0.698194350250534,-0.630706242168498,2.03920697993622e-24,2.03969717392178e-23,Early_Loss_Down,0.996516492829571,0.698194350250534
GEMIN8,0.344798833100232,0.298677068932679,0.437287226398157,8.69155048048006e-08,2.22694221362546e-07,Early_Burst_Up,0.952435918432817,0.437287226398157
ZFAND3,0.410696673141518,0.383076041304856,0.412803515613262,3.01308633427026e-11,1.03146460196615e-10,Early_Burst_Up,0.997739476679854,0.412803515613262
MT-ND5,-0.723479074138085,-0.730873603709495,-0.735945233765788,7.48551601295551e-19,4.75167538213698e-18,Early_Loss_Down,0.999901708998113,0.735945233765788
SVIP,-0.45999834821373,-0.448003291064479,-0.438910225227497,1.25596802840049e-13,5.18975468339072e-13,Early_Loss_Down,0.99926078662714,0.45999834821373
POLG2,-0.213905148656778,-0.20148696877448,-0.205223084548973,0.000115407885714915,0.000220381924029261,Early_Loss_Down,0.998737745768888,0.213905148656778
SDHAF2,-0.104010190861044,-0.205880069324372,-0.297012808525945,0.000827599262028522,0.00144357180016796,Monotonic_Down,0.999542316858488,0.297012808525945
LILRB5,-0.289004116325317,-0.32468232733994,-0.303858080456878,2.49527834483101e-06,5.61538842230493e-06,Early_Loss_Down,0.99545286471435,0.32468232733994
ZDHHC2,0.511239308519343,0.459822669683218,0.365528610284201,3.00143050020615e-07,7.30561702916512e-07,Early_Burst_Up,0.965219462197054,0.511239308519343
ROMO1,-0.375853423162928,-0.355520346504466,-0.309530111420837,1.72263204190359e-05,3.59201800368872e-05,Early_Loss_Down,0.987453002120117,0.375853423162928
GRK5,-0.143734726886506,-0.157999889225721,-0.135646247107166,0.0279378936232415,0.0400239543351034,Early_Loss_Down,0.992060074869377,0.157999889225721
SIK2,0.126813111979877,0.142067624301895,0.117583808047598,0.0212163252233808,0.0308297989364371,Early_Burst_Up,0.987937808364433,0.142067624301895
CHCHD1,-0.00275554653678213,-0.121598730231824,-0.112922008319283,0.0233987543312319,0.0338415769107598,Mid_Plateau_Down,0.972233311712871,0.121598730231824
ENTPD4,-0.398778698227817,-0.385098004098278,-0.398679048724246,8.50411597158839e-12,3.04261621305067e-11,Early_Loss_Down,0.999468950252248,0.398778698227817
LRRC25,0.387024017287608,0.338694895174635,0.341311223452272,3.5626127549647e-06,7.90404248115603e-06,Early_Burst_Up,0.992304076294189,0.387024017287608
FMC1,-0.293929718953951,-0.320704896585168,-0.281431596455497,6.07194259999242e-05,0.000119826194728805,Early_Loss_Down,0.99403706991696,0.320704896585168
NDEL1,0.234191553614531,0.244841960222228,0.207747728809146,0.0240987949927966,0.0348056528861599,Early_Burst_Up,0.9908466039278,0.244841960222228
DERL1,0.506037627625299,0.585740166564775,0.578304195071251,9.79918245081818e-08,2.50226438648999e-07,Early_Burst_Up,0.991763330566302,0.585740166564775
CD84,0.315205171776123,0.274833756006447,0.378644922008006,3.26445872202859e-06,7.26579980869802e-06,Early_Burst_Up,0.966717012470225,0.378644922008006
VAMP4,-0.284630441059668,-0.357995635068489,-0.337329229352944,2.44958086650465e-08,6.56323630748605e-08,Early_Loss_Down,0.982582678517652,0.357995635068489
PLSCR4,-0.197880321719552,-0.303690740574315,-0.256448555307684,6.47621026693048e-05,0.000127351185825604,Early_Loss_Down,0.946028785466573,0.303690740574315
TMEM128,-0.333216170137416,-0.27130317135079,-0.287876337900927,0.000929255646159184,0.00161210454186715,Early_Loss_Down,0.984871170895198,0.333216170137416
GHITM,-0.284878693206082,-0.314330409715941,-0.370129295542444,7.1968791031582e-05,0.00014062556444349,Early_Loss_Down,0.976884043571989,0.370129295542444
CCDC82,-0.233586703571218,-0.192650047351832,-0.0739520801920333,0.00123619118041089,0.00211765809044451,Early_Trough,0.985106577039983,0.233586703571218
SPRY4,0.238351503753544,0.277690426918593,0.285105601873897,1.11985917422558e-05,2.37559725921624e-05,Early_Burst_Up,0.988399898160445,0.285105601873897
TMEM62,0.229769633057166,0.286092143213942,0.251918595981316,0.0157100824728202,0.0233088440611178,Early_Burst_Up,0.984002927966021,0.286092143213942
STX1A,-0.459098682642322,-0.613634402699237,-0.522749246066265,8.16344371844843e-08,2.09873891334346e-07,Early_Loss_Down,0.972722170170796,0.613634402699237
MTG2,-0.251848646198006,-0.314264151607445,-0.154991766282628,0.0256593568330643,0.0369185974351247,Mid_Trough,0.937253000839182,0.314264151607445
PLCL1,-0.15632798015012,-0.178576217557497,-0.0919487304730077,0.0345532305232659,0.048754151308006,Mid_Trough,0.910543564190997,0.178576217557497
PGAM2,-0.813725535310008,-0.97161612499934,-0.955696294441196,3.30312323688508e-19,2.1492252992461e-18,Early_Loss_Down,0.988145281335813,0.97161612499934
ERN1,-0.296351070482424,-0.285501215304442,-0.274519699279844,0.000696854143222821,0.00122553258239652,Early_Loss_Down,0.998056002037245,0.296351070482424
RPF1,-0.21610914064206,-0.269322749940593,-0.270610199521579,0.000285401551553454,0.000524284566830965,Early_Loss_Down,0.980291428981841,0.270610199521579
C2orf76,-0.0286173007832416,-0.188170908492102,-0.218862958073439,0.0134580879793622,0.0201715329156797,Mid_Plateau_Down,0.989972782210024,0.218862958073439
ABHD17B,-0.257617407546745,-0.27097301798395,-0.246200593757741,2.97389098448003e-05,6.04955286552013e-05,Early_Loss_Down,0.996941006035447,0.27097301798395
SLC25A40,-0.166014971371749,-0.137982186472364,-0.222105362167023,0.000451733628987856,0.00081089889137984,Early_Loss_Down,0.928839404223404,0.222105362167023
BOLA1,0.169963045948168,0.206946495120373,0.200768975413679,0.0293083784219545,0.0418504332922968,Early_Burst_Up,0.986178329168382,0.206946495120373
BRWD1,-0.346760768922819,-0.374759461097737,-0.308018812291992,8.03190282770398e-10,2.45199909508997e-09,Early_Loss_Down,0.987521491031064,0.374759461097737
MTRES1,-0.485655291629497,-0.511659836501515,-0.518610818314908,7.09131903268448e-16,3.4960874994076e-15,Early_Loss_Down,0.998427914753344,0.518610818314908
ITGAE,0.288840548299493,0.176740127124766,0.411635935915083,0.0123759549838105,0.0186580973505925,Early_Burst_Up,0.836091525352913,0.411635935915083
POLD4,0.234566290978268,0.219797886504291,0.184484638688868,0.000878511590400295,0.00152789413904101,Early_Burst_Up,0.981079949109765,0.234566290978268
FAM151B,0.284894212591687,0.257748654700026,0.346871214997564,0.000349618119011369,0.000635961089926255,Early_Burst_Up,0.969778485367058,0.346871214997564
KDELR1,-0.503757408132694,-0.58153380888052,-0.684229497985406,1.45531430370801e-08,3.97346641583269e-08,Early_Loss_Down,0.970002156138943,0.684229497985406
ITGB1BP1,-0.15810163574368,-0.186064834439478,-0.102069003103066,0.01958219838705,0.0286201361041499,Mid_Trough,0.924499525924677,0.186064834439478
PTPRH,0.678672381055282,0.73036473601146,0.612197548963713,6.869739362289e-10,2.11349245741106e-09,Early_Burst_Up,0.989849457451617,0.73036473601146
TMCC1,0.107758242773475,0.165117253138544,0.216433418298515,0.000878058024211553,0.0015274245145252,Monotonic_Up,0.982548970078425,0.216433418298515
IFRD1,-0.93830024630176,-0.921160411900138,-0.864467830365346,1.4655096825813e-17,8.27406484290476e-17,Early_Loss_Down,0.997593805256959,0.93830024630176
CSGALNACT2,0.447491772617045,0.40571334150409,0.375267309939153,8.00657986533098e-09,2.23968933241292e-08,Early_Burst_Up,0.989706516750057,0.447491772617045
C14orf119,0.503372320002176,0.508763634210638,0.517904879655969,1.21101603716906e-14,5.38646470407317e-14,Early_Burst_Up,0.999723463340934,0.517904879655969
ZBTB40,-0.350526831756119,-0.354607348282447,-0.302392075764953,3.11569965960247e-08,8.2923575840142e-08,Early_Loss_Down,0.990177200112227,0.354607348282447
MANBAL,-0.333329813280526,-0.36682244287897,-0.359060020203588,8.79038945290895e-05,0.000169651254701086,Early_Loss_Down,0.996728832358657,0.36682244287897
GTF2H5,0.430197081267142,0.41633799631896,0.395350039924484,2.50730572969368e-08,6.71573810187024e-08,Early_Burst_Up,0.997613561902607,0.430197081267142
TYROBP,0.990101852962237,0.939034649736362,1.00347680078718,1.33397250772513e-24,1.35547243092656e-23,Early_Burst_Up,0.998390091152534,1.00347680078718
ANOS1,0.702725798859593,0.707934540867328,0.690664740435284,6.49253601038117e-14,2.73435651206438e-13,Early_Burst_Up,0.999786801762618,0.707934540867328
LDB1,0.16600550145467,0.0457132994133021,0.139211397956041,0.0287682290838705,0.0411356017931221,Early_Burst_Up,0.750110952479674,0.16600550145467
RHBDD3,-0.649262745709631,-0.611895636981755,-0.730652469361144,2.45437419363163e-09,7.18694653040199e-09,Early_Loss_Down,0.989030149837562,0.730652469361144
ESAM,-0.429498038292908,-0.381813140620619,-0.317023073707521,6.75994245776892e-06,1.46158069975456e-05,Early_Loss_Down,0.971249666449977,0.429498038292908
CHD9,0.348540722265419,0.369201495101649,0.291687480616244,0.0161887021859022,0.0239804876452613,Early_Burst_Up,0.981547971070456,0.369201495101649
FASTKD1,-0.441745935416765,-0.469651163922044,-0.483498009346085,1.30170631395889e-12,4.96007323478293e-12,Early_Loss_Down,0.997222258258489,0.483498009346085
SNX13,-0.435038671786922,-0.434148971324666,-0.426354887313766,2.12116117666712e-09,6.24418228235718e-09,Early_Loss_Down,0.999836854827254,0.435038671786922
SEPTIN3,-0.302271566696521,-0.419828468298855,-0.304531656631857,1.46361594362756e-05,3.07503455765428e-05,Mid_Trough,0.953808758623739,0.419828468298855
TSEN15,-0.345303176401782,-0.393659115457549,-0.400961381489998,4.42509751200651e-09,1.2654866493099e-08,Early_Loss_Down,0.991656546489384,0.400961381489998
FHIP1A,-0.349873987137597,-0.398428064509467,-0.285505572217195,3.38061051629146e-05,6.83470787921036e-05,Early_Loss_Down,0.965809591477078,0.398428064509467
JAK3,0.168233267526802,0.190760764466096,0.233024845227001,0.0337480884169633,0.0476585087062563,Early_Burst_Up,0.964895123648475,0.233024845227001
C17orf80,-0.506390141377316,-0.499201641424866,-0.485560496720934,1.98599430396227e-12,7.46497045960887e-12,Early_Loss_Down,0.999396437271371,0.506390141377316
LLPH,-0.395111148398541,-0.374208750499764,-0.30718417584297,2.36377859703728e-07,5.81476957864151e-07,Early_Loss_Down,0.978841338285358,0.395111148398541
TMEM223,-0.276968570770634,-0.311630280134268,-0.311821339309742,1.53655115869091e-05,3.2201407057733e-05,Early_Loss_Down,0.994092439557823,0.311821339309742
ITGB8,0.701516373792885,0.856558448423845,0.873312590808086,7.42264950855364e-15,3.35896080533895e-14,Early_Burst_Up,0.982270479628341,0.873312590808086
RAB17,-0.549609415894709,-0.508095906048321,-0.519562995082343,2.81511245966476e-12,1.04586454863081e-11,Early_Loss_Down,0.997790382180724,0.549609415894709
HEXD,-0.41925230759016,-0.421440584482707,-0.452515374133399,1.1487234889426e-10,3.76661815405056e-10,Early_Loss_Down,0.997525505350954,0.452515374133399
PIGN,-0.413437389672364,-0.382705765491621,-0.328055039617111,8.34761455774825e-07,1.95137214465115e-06,Early_Loss_Down,0.982701729306989,0.413437389672364
AKNA,0.202144048445737,0.17338926701692,0.216723880698054,0.0192886346415161,0.0282059422749423,Early_Burst_Up,0.983770096250447,0.216723880698054
KPTN,-0.211480885978056,-0.150934719308974,-0.116735175855713,0.00425910223014416,0.00680442479540405,Early_Trough,0.970450298517446,0.211480885978056
RSL24D1,-0.637908920876193,-0.603271982787819,-0.585612906873143,1.18083403244655e-16,6.18044076605045e-16,Early_Loss_Down,0.997464747345608,0.637908920876193
INO80E,-0.216605574362989,-0.284720609706465,-0.227248926576796,1.77205209216217e-05,3.68859867708193e-05,Early_Loss_Down,0.970962850341904,0.284720609706465
LYRM1,-0.221869445468014,-0.296883196070003,-0.34226571060462,1.90210138071256e-05,3.95139483032698e-05,Early_Loss_Down,0.945044772931735,0.34226571060462
METRNL,0.432751336998119,0.468297639299927,0.37660255179292,2.68809094779185e-07,6.56983637812739e-07,Early_Burst_Up,0.984648708393098,0.468297639299927
NUDT8,-0.478509155935997,-0.47381869841933,-0.485804686516043,5.90420939121923e-13,2.32535875786684e-12,Early_Loss_Down,0.999788398676412,0.485804686516043
YIPF4,0.440576092226674,0.414953378752953,0.402240074428212,1.20396767957762e-05,2.54558410300938e-05,Early_Burst_Up,0.997120168714203,0.440576092226674
SDHC,-0.371498381900019,-0.409952786583222,-0.470214898642683,6.10649780234906e-08,1.58757496754604e-07,Early_Loss_Down,0.981558864058623,0.470214898642683
G6PC3,-0.516920120343919,-0.44364108599478,-0.475173349742698,7.68515034753289e-09,2.15194553136503e-08,Early_Loss_Down,0.992225925474427,0.516920120343919
RHCE,-0.313172505109211,-0.493899832832163,-0.356250896837767,0.00178760559333411,0.0030004949067621,Mid_Trough,0.966395150022415,0.493899832832163
PDZK1IP1,0.589422577970658,0.570205696608407,0.577603966806862,1.08331111870031e-10,3.55914533352703e-10,Early_Burst_Up,0.999626645900571,0.589422577970658
FAM221A,-0.290553685711285,-0.220506634890263,-0.201953824876429,0.00118930019081819,0.00204153386715945,Early_Loss_Down,0.952132091876698,0.290553685711285
LIN52,-0.224540561388173,-0.269309719706696,-0.185365670337404,1.61919001183206e-06,3.69681736034743e-06,Early_Loss_Down,0.957044261504843,0.269309719706696
ELOF1,-0.692518204169622,-0.698766078682482,-0.719202266603412,1.64763825333607e-25,1.84793066634269e-24,Early_Loss_Down,0.999475638302535,0.719202266603412
RAD54L2,-0.231512842842182,-0.196177607583924,-0.175031357797375,0.00851285512688353,0.0131557995108495,Early_Loss_Down,0.974139592525114,0.231512842842182
YIPF1,-0.259143746616255,-0.265435844209933,-0.318046602983818,0.000304201691308665,0.000557388173987801,Early_Loss_Down,0.982774236954314,0.318046602983818
RNF167,-0.454077629986863,-0.431218599808865,-0.385643716871989,3.22410025218294e-10,1.02135372282704e-09,Early_Loss_Down,0.991102819745563,0.454077629986863
TENM4,0.389165666132646,0.411458743320165,0.379218738710468,3.66043723050292e-10,1.15649804981949e-09,Early_Burst_Up,0.997658671632917,0.411458743320165
SAYSD1,-0.682117460789802,-0.607826612369261,-0.528022479268392,1.07790589414681e-08,2.97819815773231e-08,Early_Loss_Down,0.97911017074042,0.682117460789802
CST6,0.468723111751664,0.742962400681388,0.704791053673289,1.11987056298335e-11,3.94562355002009e-11,Early_Burst_Up,0.93487199233056,0.742962400681388
LYSMD1,-0.261884316957905,-0.33726258893907,-0.227546167976851,1.52675323707809e-05,3.20121956134136e-05,Early_Loss_Down,0.948896363231982,0.33726258893907
RAD9A,-0.182944855245601,-0.180989033710461,-0.0762750341352754,0.000929940476315437,0.00161295636596437,Early_Trough,0.951321919330945,0.182944855245601
TEAD1,0.574587514654308,0.568241253784277,0.574982037435723,1.00230913148123e-10,3.30738167810737e-10,Early_Burst_Up,0.99994180615978,0.574982037435723
MAB21L4,0.482505045089278,0.63816787427147,0.494022708249687,4.02226865369394e-09,1.15345691716199e-08,Early_Burst_Up,0.967073031003702,0.63816787427147
ABTB2,-0.279338960428165,-0.200812957556791,-0.136745207600786,0.00292488978559831,0.00478210860427292,Early_Trough,0.985254455240835,0.279338960428165
GRAMD2B,0.241218922764002,0.198087529481276,0.221477047488673,0.000190252111206275,0.000356594159787977,Early_Burst_Up,0.987428877797005,0.241218922764002
DUOXA2,0.456681690564501,0.579309701003565,0.289430732250478,0.000465230801095918,0.000833740727159658,Mid_Peak,0.942890846254269,0.579309701003565
GAL3ST4,0.542741080455737,0.554114239412274,0.451127958380647,3.2136327922226e-10,1.01842544161753e-09,Early_Burst_Up,0.984407103877967,0.554114239412274
GZMH,-0.18692484480151,-0.224104156277842,-0.0104897828249588,0.0244375259490865,0.0352520525131388,Early_Trough,0.856695297959338,0.224104156277842
NFKBIA,0.334929836615926,0.36891258322498,0.30751121354408,0.000122479826194464,0.000233350987543573,Early_Burst_Up,0.989081469733796,0.36891258322498
FRMD4A,-0.164626584497256,-0.18210799322401,-0.142250727346071,0.0152460767743362,0.0226729540593328,Early_Loss_Down,0.980550597746588,0.18210799322401
MRPL34,-0.30484247218551,-0.321376154337477,-0.315177536137163,1.26662003370295e-08,3.47422937392087e-08,Early_Loss_Down,0.999056659397928,0.321376154337477
WDR73,-0.281234690126033,-0.303440510585462,-0.285709579856981,2.87288208230651e-05,5.85696342208593e-05,Early_Loss_Down,0.997822491680957,0.303440510585462
SLC6A14,0.670046391520633,0.880953037647611,0.762386086486234,7.31219489283006e-11,2.43700784533968e-10,Early_Burst_Up,0.975841222936727,0.880953037647611
OGFOD3,-0.419942014812661,-0.358734817904529,-0.371264108272377,0.000855195812768298,0.00148889948825477,Early_Loss_Down,0.990645598774231,0.419942014812661
ST3GAL4,0.581779822244602,0.546433422229605,0.355910181237001,2.26744514208031e-08,6.09288940019126e-08,Early_Peak,0.937766283195408,0.581779822244602
OSTC,-0.651043216176035,-0.682719955939317,-0.588195893801609,7.85475369972172e-07,1.84029449012061e-06,Early_Loss_Down,0.992564392585762,0.682719955939317
PTP4A1,-0.349109709161947,-0.326999025297775,-0.264247013589772,2.54329912695079e-05,5.21313678189273e-05,Early_Loss_Down,0.974693556656744,0.349109709161947
LFNG,0.286849825073227,0.2603884936897,0.202713969828386,0.00374472827102951,0.00603712295069888,Early_Burst_Up,0.962704388059737,0.286849825073227
RPP25L,-0.160673531411755,-0.160457199481857,-0.115930741881995,0.0292770514857594,0.041812874972454,Early_Loss_Down,0.960723156273002,0.160673531411755
JAM3,0.525490926072723,0.484602064086672,0.425946570928791,1.10778437510131e-09,3.34870380297606e-09,Early_Burst_Up,0.9857425149918,0.525490926072723
ARL6IP6,0.149950996226899,0.143382653610077,0.0747173523565913,0.0221752969810958,0.0321615234361588,Early_Peak,0.954307815744544,0.149950996226899
LPL,-0.536791376177629,-0.533251605540497,-0.509219433981563,1.4941643551562e-09,4.46478842499457e-09,Early_Loss_Down,0.998918957222559,0.536791376177629
TSPAN3,0.538946053188307,0.590079469642627,0.550177001023146,1.54650462219543e-09,4.60960296056962e-09,Early_Burst_Up,0.996940765345921,0.590079469642627
STC1,0.520796573698147,0.510845748512796,0.457767361685849,2.97171540963204e-05,6.04660529069874e-05,Early_Burst_Up,0.993846310261803,0.520796573698147
THAP4,-0.458679633700444,-0.516249467998537,-0.540787694219515,1.64941786053718e-08,4.48723616717568e-08,Early_Loss_Down,0.990848718982221,0.540787694219515
FGF1,0.309328165465153,0.296566035816544,0.179100273144485,0.0136682340260341,0.020461781537085,Early_Peak,0.941441019638054,0.309328165465153
TIMM22,-0.296425456963093,-0.302270775089915,-0.317497470868975,1.90083958210303e-07,4.7234359517054e-07,Early_Loss_Down,0.998312499945644,0.317497470868975
PXDC1,0.312775992611254,0.322810823128642,0.322636553553525,3.70863814128514e-05,7.47114176029409e-05,Early_Burst_Up,0.999569085976943,0.322810823128642
CMTM3,0.547071183275864,0.593829171966842,0.58294606986104,2.12408154491168e-09,6.25056811059229e-09,Early_Burst_Up,0.997591377482383,0.593829171966842
B3GNT3,0.650309952623656,0.698307396220629,0.583152007311354,4.329579703293e-18,2.53559199794542e-17,Early_Burst_Up,0.989411655446382,0.698307396220629
PTDSS2,-0.527079484337536,-0.557139302620637,-0.489502807353839,1.94553985021514e-12,7.31952198620723e-12,Early_Loss_Down,0.994481697270726,0.557139302620637
EFCAB14,-0.48823492083849,-0.495428830058289,-0.439268711092393,4.05119520042526e-12,1.48389288987407e-11,Early_Loss_Down,0.994510590906414,0.495428830058289
NPRL2,-0.15554823059423,-0.177272310935923,-0.164748027486276,0.00359471577572051,0.00581216722081719,Early_Loss_Down,0.994285997208856,0.177272310935923
PHETA1,0.51713557911148,0.517377055498781,0.59508521291498,4.65217534997234e-07,1.11443302425072e-06,Early_Burst_Up,0.990999028575075,0.59508521291498
TNFSF10,0.614203055509379,0.596053159548233,0.566496241944691,1.0987339154618e-11,3.87279273378785e-11,Early_Burst_Up,0.997803182825866,0.614203055509379
OSGEPL1,-0.461123823761176,-0.559841326316202,-0.551879522475106,6.84065223766757e-15,3.1074185546872e-14,Early_Loss_Down,0.98572291797667,0.559841326316202
MRPS14,-0.670738954598443,-0.708556336577854,-0.627174497498787,3.07808239228643e-16,1.56289210912799e-15,Early_Loss_Down,0.995092882440188,0.708556336577854
RAD1,-0.435532319862781,-0.488049676886814,-0.453408378717404,6.62456653479832e-09,1.86311736068238e-08,Early_Loss_Down,0.995518269224337,0.488049676886814
RILP,-0.398152478769673,-0.418758577066045,-0.351983142709255,7.87732924014842e-11,2.62010927004457e-10,Early_Loss_Down,0.989886746128423,0.418758577066045
CNTN4,1.28018501274257,1.33256329174765,1.26711378555237,7.77024025775043e-13,3.02450605355468e-12,Early_Burst_Up,0.999045039205179,1.33256329174765
NDUFAF8,-0.62520974488133,-0.596179962170297,-0.589650773790915,1.04755343884655e-20,7.81860064401885e-20,Early_Loss_Down,0.998691666131137,0.62520974488133
MOB3C,-0.738052319115872,-0.741964578556999,-0.636717365817716,3.24163217816302e-29,5.16798141507139e-28,Early_Loss_Down,0.99059925754508,0.741964578556999
RUNX2,0.343689816746127,0.357629431459122,0.371695153135025,1.36935260173693e-08,3.74490711523325e-08,Early_Burst_Up,0.997962648889094,0.371695153135025
OGFOD2,-0.29572281393392,-0.246130961565471,-0.263908846926114,1.5047469145998e-05,3.15746440325254e-05,Early_Loss_Down,0.988532948859057,0.29572281393392
UCK1,-0.241262039519002,-0.243002646634105,-0.224762707564191,9.5873275818112e-09,2.66218685805248e-08,Early_Loss_Down,0.997590084172726,0.243002646634105
TMBIM1,0.154569347648974,0.215722814501359,0.112008276632024,0.01503774679942,0.0223958992137144,Mid_Peak,0.968225078853723,0.215722814501359
ALG14,-0.85165908493197,-0.915094684780828,-0.873549702229552,1.06538538348181e-23,1.00866179309847e-22,Early_Loss_Down,0.998217635814317,0.915094684780828
AP5S1,0.201308491786088,0.222892444571011,0.197330613679491,0.000252631396514965,0.000466784742850252,Early_Burst_Up,0.994174556344617,0.222892444571011
SLC25A10,-0.401555293410183,-0.426701584586785,-0.409032212320969,1.22874920537158e-07,3.1175764899702e-07,Early_Loss_Down,0.998695538446539,0.426701584586785
NECTIN3,0.348414529742096,0.326028082623341,0.343664555681464,5.26389629414394e-05,0.000104524325840768,Early_Burst_Up,0.998393217243333,0.348414529742096
C2orf88,-1.00102166261297,-0.983863574758576,-0.969972646866868,2.20893768703044e-20,1.59296182248417e-19,Early_Loss_Down,0.999667702422654,1.00102166261297
NAA38,0.201772354211067,0.196420088440304,0.209032677859233,4.02345579372185e-05,8.09163825890605e-05,Early_Burst_Up,0.998698385759389,0.209032677859233
ALDH2,-0.548113483681006,-0.684977195555099,-0.502743745311252,0.000254758154476474,0.000470505406469866,Early_Loss_Down,0.965976062156973,0.684977195555099
RBM23,-0.266789413486762,-0.296510480695969,-0.226164712189376,5.60444570629588e-06,1.22158714425863e-05,Early_Loss_Down,0.976821311217472,0.296510480695969
TLNRD1,-0.265911956595028,-0.248030223400391,-0.270013695767287,0.0014576410471166,0.00247409520581365,Early_Loss_Down,0.997342646567846,0.270013695767287
SLIT1,-0.474339835788271,-0.362529285294603,-0.440480879145561,5.86065787173021e-07,1.39071556340287e-06,Early_Loss_Down,0.976665203238009,0.474339835788271
CEBPZOS,0.278754077433568,0.258505135015053,0.220193355729994,2.4560564256802e-05,5.04300556982744e-05,Early_Burst_Up,0.981997622362578,0.278754077433568
TM4SF1,0.956526825063461,0.98909946495951,1.00070070503008,3.55281305524886e-11,1.21074980531454e-10,Early_Burst_Up,0.999275766379351,1.00070070503008
ARHGAP22,0.181000962507789,0.216637090626402,0.260479486872306,0.00167563503308519,0.00282222925426734,Early_Burst_Up,0.958786347578944,0.260479486872306
KIF7,0.292210836293163,0.219514359294913,0.282691936504688,0.000294097469356789,0.000539686690184609,Early_Burst_Up,0.971575462611098,0.292210836293163
SLC12A6,0.218048571485206,0.200995509404867,0.186386027524838,0.00295332204235003,0.00482575025258923,Early_Burst_Up,0.99187860952835,0.218048571485206
DMAC1,-0.253488360751698,-0.252483631163585,-0.278333523240325,0.000233128257179605,0.000432380957488004,Early_Loss_Down,0.995843214362443,0.278333523240325
ADAM22,0.681322919502424,0.667181325820415,0.702004373024223,9.65421953012784e-13,3.72472948213834e-12,Early_Burst_Up,0.999125745586375,0.702004373024223
DSTYK,0.31483643970563,0.283680148543117,0.257619094100892,7.20885909934867e-05,0.000140826585504178,Early_Burst_Up,0.986829817426584,0.31483643970563
CASP9,0.0306966467458729,0.114641878384002,0.15281381134303,0.0183942935235277,0.0269692231682167,Mid_Plateau_Up,0.983542035895163,0.15281381134303
CHRDL1,-0.273601228408837,-0.270739848303371,-0.196228113447967,0.034692597276447,0.0489010492097885,Early_Loss_Down,0.960378173135239,0.273601228408837
SELENOI,-0.86715794147453,-0.845405382551909,-0.788246328544255,3.88857842691411e-19,2.51834627772601e-18,Early_Loss_Down,0.996827664956877,0.86715794147453
ADAM8,0.515548545249642,0.493194108862292,0.457942851842048,3.8383303803926e-09,1.10298982823298e-08,Early_Burst_Up,0.995327792374648,0.515548545249642
PI3,1.15154528705972,1.20879267287027,0.983399559191738,5.44857498666899e-15,2.49274552166352e-14,Early_Burst_Up,0.985586414891224,1.20879267287027
MAL2,0.563295279622795,0.671591486082588,0.63300037562902,4.5047974555336e-09,1.28695243477345e-08,Early_Burst_Up,0.989796535162608,0.671591486082588
DERL3,-0.375749114099163,-0.429695310010978,-0.35839294627923,0.000264689637299452,0.000487873125494139,Early_Loss_Down,0.98797196645887,0.429695310010978
TTC8,0.384651783886074,0.340148684340157,0.305197864284388,2.70865471345807e-09,7.8843737409577e-09,Early_Burst_Up,0.982530971165669,0.384651783886074
IL32,0.147338959147488,0.251495645678984,0.341118883086386,0.00344181319824515,0.00558338585493103,Monotonic_Up,0.993196602027542,0.341118883086386
FAM241A,-0.354271154286406,-0.3263186471385,-0.32236189221142,0.00167063335449604,0.00281437465103564,Early_Loss_Down,0.996410359198803,0.354271154286406
RPL26,0.267836566697272,0.210462950268758,0.318361114221792,0.0072380508861691,0.011277861725276,Early_Burst_Up,0.949068813136065,0.318361114221792
NAP1L5,-0.258941457962745,-0.290550876731836,-0.313529022305613,1.47039308795075e-07,3.69909651690634e-07,Early_Loss_Down,0.988113005259798,0.313529022305613
GTPBP8,1.04615293516682,0.989961870040737,1.05740175014106,6.75639999573269e-21,5.13955765671732e-20,Early_Burst_Up,0.998367176922735,1.05740175014106
CCNYL1,-0.338473937925005,-0.291495883743926,-0.283850390394997,2.99633509219692e-05,6.09223079336985e-05,Early_Loss_Down,0.987660476864118,0.338473937925005
TMUB2,0.262139167117575,0.25453350966459,0.255843415378954,0.000423840085530348,0.000762967162401807,Early_Burst_Up,0.999667720956458,0.262139167117575
ALG8,-0.779956489396774,-0.862006399670588,-0.717635191635639,5.55063123780045e-12,2.01011110361076e-11,Early_Loss_Down,0.988887422729894,0.862006399670588
FAM210B,-0.216637371433679,-0.29417387603098,-0.400690981906963,0.000575629224798618,0.00102293111440831,Monotonic_Down,0.973915560864157,0.400690981906963
TERF1,-0.227222207583031,-0.238183525056652,-0.266721927117378,0.00108269849606864,0.00186856426467923,Early_Loss_Down,0.990819161730117,0.266721927117378
C2CD2L,-0.511910622242794,-0.435617406369373,-0.431205415040801,2.02969505216112e-05,4.2049096898394e-05,Early_Loss_Down,0.987250597291794,0.511910622242794
ARHGAP23,0.273236945272109,0.29799405056056,0.325011697002496,0.000456161035810911,0.00081831174370169,Early_Burst_Up,0.990130050145352,0.325011697002496
RNF170,0.358612629042066,0.268401777343939,0.213276327654381,0.00244227630700771,0.0040302644114452,Early_Peak,0.958531664597795,0.358612629042066
COMMD3,0.583618288063397,0.54353373069645,0.588249309532949,1.5926593190793e-16,8.2528710170473e-16,Early_Burst_Up,0.997543439841268,0.588249309532949
EAF1,-0.266356994255724,-0.29630520106794,-0.221095077092563,8.89385851058303e-06,1.90318052262978e-05,Early_Loss_Down,0.973116951953718,0.29630520106794
PLEKHA4,-0.317099033488342,-0.356941858200988,-0.320042352298206,0.000128933557352521,0.000245253728980041,Early_Loss_Down,0.994067217095526,0.356941858200988
EFS,0.246634086206459,0.283731631912288,0.262128936347863,0.00010089284906127,0.00019368634138129,Early_Burst_Up,0.993432041913831,0.283731631912288
CHFR,0.221216999279265,0.155070733274902,0.184218896808042,0.0245561802537668,0.0354170766155715,Early_Burst_Up,0.960494409169804,0.221216999279265
ENSG00000283761,-0.468005421470414,-0.405980492787256,-0.393877633972554,1.46435904457853e-07,3.68614518118044e-07,Early_Loss_Down,0.988399573623017,0.468005421470414
RRAD,-0.292995834860513,-0.30950866701574,-0.243378912803535,0.00981755655552638,0.0150214571897574,Early_Loss_Down,0.980705965268221,0.30950866701574
TMEM177,-0.549554949054996,-0.517169052655867,-0.523165210837822,5.81937068649925e-13,2.29520392668468e-12,Early_Loss_Down,0.998593639859475,0.549554949054996
CSNK1G3,0.276782450808778,0.257225268584879,0.213672130540527,0.00176161635004058,0.00295870087091959,Early_Burst_Up,0.978321613848162,0.276782450808778
SYS1,-0.53472429671023,-0.508975700565699,-0.557505300204853,7.79395840836413e-10,2.38110579568305e-09,Early_Loss_Down,0.997252177331551,0.557505300204853
LITAF,0.991219480615498,1.05796752039511,0.915806382181711,1.39255138125229e-15,6.67558329192486e-15,Early_Burst_Up,0.993165558966074,1.05796752039511
ERG28,-0.365179612669111,-0.318396363440658,-0.276626451279792,9.96597888348776e-06,2.12386366884469e-05,Early_Loss_Down,0.975396022566368,0.365179612669111
FITM2,-0.891504528997655,-0.925870149986531,-0.851281406422775,9.16246005411531e-13,3.54321526813883e-12,Early_Loss_Down,0.997659827313077,0.925870149986531
KLHL42,-0.355203466097055,-0.331766104369272,-0.170234398523214,0.00121916106581147,0.00209020568390668,Early_Trough,0.961063750340471,0.355203466097055
CRACR2B,-0.303546789885938,-0.183058314242546,-0.260057098333248,0.0119276917926688,0.01802801509237,Early_Loss_Down,0.928369143809145,0.303546789885938
FAM89B,-0.223023385153411,-0.181404454796266,-0.215105658040587,0.0112536668416862,0.0170868482861726,Early_Loss_Down,0.985070502905784,0.223023385153411
GBP7,0.58938059709768,0.752066412895154,0.713324714803608,1.26927776625152e-11,4.4569323083313e-11,Early_Burst_Up,0.980085790468805,0.752066412895154
SDK1,-0.411345711213712,-0.452548466785997,-0.431864081328892,3.0982839268252e-06,6.92371612219101e-06,Early_Loss_Down,0.996980343419093,0.452548466785997
TFAP4,-0.480562279478608,-0.481298119141847,-0.432202496081404,1.12857019100078e-06,2.60598255535751e-06,Early_Loss_Down,0.99514765788196,0.481298119141847
TNFRSF12A,0.594214642990368,0.615015241497426,0.490510615555267,5.05410148877281e-16,2.5291781472981e-15,Early_Burst_Up,0.98202147635871,0.615015241497426
CHRAC1,0.504333389264171,0.385408428608982,0.427954346127939,3.80321293596633e-07,9.16604055983546e-07,Early_Burst_Up,0.975811206456705,0.504333389264171
MVB12B,-0.272484759109385,-0.28229273722881,-0.216161566945051,4.42533149589151e-05,8.86557744554866e-05,Early_Loss_Down,0.975236168795612,0.28229273722881
SPI1,0.282578349702862,0.267370731069296,0.324438476052512,0.00271472015334618,0.00445599627537414,Early_Burst_Up,0.986567527309994,0.324438476052512
TNFAIP8L3,0.218625427479194,0.201902688878161,0.280257336181292,0.00335846810057534,0.00545562590923052,Early_Burst_Up,0.960818271359386,0.280257336181292
RPUSD3,-0.543437744528406,-0.592932661093434,-0.524917924164561,5.52208928186169e-21,4.23546792660396e-20,Early_Loss_Down,0.994666838578342,0.592932661093434
DNAL4,0.552382003644735,0.551779981926768,0.549186224922375,2.11849574652985e-15,1.00228093249695e-14,Early_Burst_Up,0.99998734055467,0.552382003644735
CCNL2,-0.27406276743043,-0.238555478675522,-0.218981265184484,3.59750743803733e-05,7.25429050141669e-05,Early_Loss_Down,0.982965686630869,0.27406276743043
TMEM208,-0.755790151473027,-0.734848295768924,-0.719473600991315,2.53203311709977e-14,1.09919559731373e-13,Early_Loss_Down,0.999184621845456,0.755790151473027
APLF,0.468884722528439,0.379490345033188,0.428683384412359,2.05915787239102e-09,6.06801106464555e-09,Early_Burst_Up,0.985568839784745,0.468884722528439
HFE,0.220981591789546,0.183186668589458,0.177485575383476,0.0120175171012358,0.0181604825343171,Early_Burst_Up,0.980749882517941,0.220981591789546
C1QTNF6,1.38835522455855,1.40330989105998,1.41237685999592,7.92139942327465e-23,7.06558263670864e-22,Early_Burst_Up,0.999900106347623,1.41237685999592
TMEM120B,-0.517501158021112,-0.509196642056344,-0.432033502758939,1.56229042661514e-09,4.65498780175123e-09,Early_Loss_Down,0.987703803852986,0.517501158021112
VDR,0.160137848436465,0.260734367261231,0.189418382812976,0.000824518284068431,0.00143849919497222,Mid_Peak,0.966449267271986,0.260734367261231
TENT5A,-0.215951649585903,-0.316373751525792,-0.173603397775411,1.09003563096875e-05,2.31469163585658e-05,Mid_Trough,0.978386469623155,0.316373751525792
SLC39A4,0.430566425958255,0.663377486299427,0.653194311996839,4.14279546669567e-07,9.94988279187342e-07,Early_Burst_Up,0.938188296840714,0.663377486299427
HPS1,0.186077993820197,0.162539897260701,0.322807458320703,0.0105797355724371,0.0161194726169575,Monotonic_Up,0.921709865220525,0.322807458320703
AIG1,0.278277016975133,0.248814353146834,0.271241868311653,0.0189366371740972,0.0277350747206683,Early_Burst_Up,0.995571858845978,0.278277016975133
ACTG2,0.38507060292057,0.416503494678099,0.423205939824712,0.00084252619119507,0.00146776281413552,Early_Burst_Up,0.996700257209301,0.423205939824712
NAF1,-0.238407350843001,-0.258950057674052,-0.200672065954831,6.06655322093664e-05,0.000119748235067919,Early_Loss_Down,0.979152499085716,0.258950057674052
AMOTL2,-0.266684578767398,-0.219570868748147,-0.199850320614959,0.000884564886753426,0.00153745801745238,Early_Loss_Down,0.97123018544703,0.266684578767398
EEF1AKMT1,-0.181844119389162,-0.270135602946672,-0.238617576689107,0.00482618292472452,0.00767210970383141,Early_Loss_Down,0.953139677959455,0.270135602946672
RIC8B,-0.198550100206442,-0.141829774711408,-0.0943192328853338,0.0318949767961639,0.0452874930724579,Early_Trough,0.987886807702369,0.198550100206442
CCDC71L,0.345779623814131,0.3377887633668,0.398214390776053,2.03438600835671e-07,5.03677912836668e-07,Early_Burst_Up,0.989131727013472,0.398214390776053
ADAT3,-0.273948719424012,-0.284707940985194,-0.275555898411829,3.43360785110421e-05,6.93387152072052e-05,Early_Loss_Down,0.999419673027709,0.284707940985194
SLC35A2,-0.327231264116491,-0.333589749185789,-0.352447586845173,0.00338097263625306,0.00549003985929716,Early_Loss_Down,0.997995915062404,0.352447586845173
NDUFA4L2,0.494846064008428,0.532682645302761,0.487707550159496,9.22658743896048e-09,2.5662988190852e-08,Early_Burst_Up,0.996960417892035,0.532682645302761
CERS5,0.713643447477183,0.719649758805964,0.59959195431472,6.96902777515253e-10,2.14166355778506e-09,Early_Burst_Up,0.986970866078712,0.719649758805964
XYLT2,-0.164817723559936,-0.165121090424226,-0.243539147606061,0.0103462007451755,0.0157867771546297,Early_Loss_Down,0.932437456471227,0.243539147606061
SLC25A51,-0.566440569900592,-0.540532483264786,-0.495621843341605,7.64568421166151e-10,2.33752329204434e-09,Early_Loss_Down,0.994054570637463,0.566440569900592
SESN1,-0.601590052064819,-0.601406484675985,-0.571542278966336,3.1128088295292e-22,2.65417982370308e-21,Early_Loss_Down,0.998862040658087,0.601590052064819
TMEM161A,-0.366114839330506,-0.387899271584071,-0.38576866906284,2.79382492303791e-07,6.82224501453096e-07,Early_Loss_Down,0.998670394471398,0.387899271584071
C1orf167,-0.359443710427412,-0.3040372077494,-0.174030919592549,0.0166856631724459,0.024659578924009,Early_Trough,0.976444903992975,0.359443710427412
TMEM135,0.458935171636177,0.496963945628216,0.344072927532608,2.68105937644889e-07,6.55457583161212e-07,Early_Burst_Up,0.957834790706858,0.496963945628216
MEA1,0.221859982512191,0.171799310541569,0.250236766227921,0.000144448656419044,0.000273827270778881,Early_Burst_Up,0.957253696098413,0.250236766227921
DAZAP2,0.211985108699464,0.203880559736461,0.17350999085686,0.0256234388737462,0.0368732938452907,Early_Burst_Up,0.98608383857168,0.211985108699464
CLDN1,-0.386850083284697,-0.327391530193159,-0.370759804786675,0.000590005482771149,0.00104579885572343,Early_Loss_Down,0.990495896773006,0.386850083284697
PIGH,-0.273152033847796,-0.245721382420738,-0.247177557473203,3.10228635065232e-05,6.29688463661672e-05,Early_Loss_Down,0.995164303238098,0.273152033847796
SLC35C1,-0.235281821831446,-0.273688864847082,-0.277932128034744,0.0124189362125471,0.01871950501011,Early_Loss_Down,0.989470765456378,0.277932128034744
TUSC2,-0.232910576148136,-0.248650361501625,-0.235723797386991,5.14825065175151e-06,1.12450766204399e-05,Early_Loss_Down,0.998360684138962,0.248650361501625
CSNK1G1,-0.231880460299774,-0.218791347408486,-0.23610924288576,0.000364577366612149,0.000662014585412678,Early_Loss_Down,0.997932442435825,0.23610924288576
MPZL2,0.678048086901433,0.719858126490518,0.703140999012844,6.34558885543767e-10,1.95802708398043e-09,Early_Burst_Up,0.998798293054276,0.719858126490518
CTDSPL,0.335450209635522,0.217282061848449,0.173204911810225,0.000120773176303551,0.000230152134920575,Early_Peak,0.975364300128408,0.335450209635522
PIGBOS1,-0.544393500005631,-0.533544072486014,-0.582281007354057,1.0842093113419e-13,4.50239016416531e-13,Early_Loss_Down,0.9971616240351,0.582281007354057
GNAZ,-0.201534405933005,-0.294553383400185,-0.314641809274412,5.21698744312723e-05,0.00010369183067042,Early_Loss_Down,0.939487934128694,0.314641809274412
TMEM160,-0.248846773482742,-0.284264332044693,-0.308261100304142,0.000581491538829227,0.00103246694818366,Early_Loss_Down,0.985191451397008,0.308261100304142
ALG3,0.364418982238851,0.428597032554748,0.337914921559065,0.0107972584952093,0.0164358487647945,Early_Burst_Up,0.980205684996617,0.428597032554748
NCBP2AS2,0.41576013643557,0.396405939407891,0.380347809014818,1.13976915340337e-05,2.41598545456516e-05,Early_Burst_Up,0.997357399687577,0.41576013643557
TMEM123,0.884853299521169,0.935614584648265,0.868998147114816,5.36385346630105e-28,7.59149465077506e-27,Early_Burst_Up,0.997997015611793,0.935614584648265
