"feature","mean_abs_z","vote_count","signed_stouffer","intersection","rank_product","svd_loading","observed_rank_product","StageBridge","frozen_direction","direction_z","direction_coherence","direction_cohorts","target_relation","relation_status"
"A2ML1",2.57313001652853,0.642857142857143,3.20709493975062,1.65181159149206,0.88818380494888,8.85659092267247,0.361589423760218,0.631629519302348,1,6.98388114215155,1,2,"concordant","prospectively locked direct relation"
"AADAC",1.66508811732535,0.285714285714286,3.32195999298243,0.391777260504946,0.752870554940758,4.75532607103385,0.18821763873519,0.526802250998179,-1,-1.39064947029225,0,2,"concordant","prospectively locked direct relation"
"AARS1",1.25892584398868,0.214285714285714,1.04136450241422,0.281018820135104,0.65667198870967,3.5818509195521,0.19537696315261,0.50765189367602,-1,-0.658695085025219,0,2,"concordant","prospectively locked direct relation"
"AARS2",0.965249397563804,0.0714285714285714,2.97612075580711,0.052192617165869,0.468922753481252,3.98629775581733,0.139516691900243,0.477966483107292,-1,-3.22699346063496,1,2,"concordant","prospectively locked direct relation"
"AASS",1.43359175545839,0.142857142857143,2.62709690001449,0.170696917079675,0.695974687372066,4.09010955033917,0.207070536261233,0.323502217326735,-1,-5.72075514047959,1,2,"concordant","prospectively locked direct relation"
"ABCA8",1.12645503339112,0.142857142857143,3.21067090495361,0.119076385243483,0.5499959275468,5.57404406615631,0.1374989818867,0.502491137527283,-1,-3.27377580864708,0,2,"concordant","prospectively locked direct relation"
"ABHD12",1.31730480501275,0.214285714285714,1.23618577899481,0.217374538291915,0.623768922411153,5.85276482674856,0.185587446799941,0.400544626547887,-1,-2.91654247397439,0,2,"concordant","prospectively locked direct relation"
"ABHD17B",0.902275916580779,0.214285714285714,1.55717423929376,0.119250043705183,0.487675448192035,3.71299449715293,0.145096105376856,0.453678799215425,-1,-2.1370518590956,0,2,"concordant","prospectively locked direct relation"
"ABHD17C",1.85503467762925,0.357142857142857,3.50297983286143,0.44984061421577,0.79170063899893,8.03798441144094,0.197925159749733,0.53981991817948,1,7.12827886975875,1,2,"concordant","prospectively locked direct relation"
"ABHD6",1.82810439322517,0.285714285714286,4.99889119340681,0.333414517997002,0.807995445465203,6.5849794956204,0.201998861366301,0.441332250679102,-1,-4.2358261285305,0,2,"concordant","prospectively locked direct relation"
"ABL2",1.22542491478825,0.142857142857143,2.47749178832419,0.130826896068769,0.676261905303308,3.46663045497941,0.169065476325827,0.428371327949656,-1,-2.64125964273389,1,2,"concordant","prospectively locked direct relation"
"ABLIM3",1.55285909319835,0.357142857142857,1.65493363983985,0.413077844107837,0.767261272731252,4.91666412089499,0.228280145930079,0.58039369154833,1,4.25209468888666,1,2,"concordant","prospectively locked direct relation"
"ACAA2",1.26077697674618,0.0714285714285714,1.43950506089487,0.0698126265646573,0.60453979761466,6.09819809248203,0.179866283005207,0.390286817598052,-1,-4.29502823197143,0,2,"concordant","prospectively locked direct relation"
"ACAD10",1.64592731253629,0.285714285714286,4.79484952529586,0.17461592923821,0.737929300112595,8.06028408229823,0.184482325028149,0.454188391860496,-1,-3.78416402338103,0,2,"concordant","prospectively locked direct relation"
"ACADL",1.30855186457975,0.214285714285714,0.471320932754464,0.215560935701413,0.623129435991862,4.50716691781421,0.155782358997965,0.420457817209272,-1,-5.13999329868719,1,2,"concordant","prospectively locked direct relation"
"ACADM",1.1511741652263,0.142857142857143,3.39824481864871,0.0576366858889521,0.507799731650797,7.25806184133182,0.151083602110988,0.556737287384207,-1,-4.62441146249926,1,2,"concordant","prospectively locked direct relation"
"ACADS",1.11959724566326,0.0714285714285714,1.57230738178654,0.0409109453926728,0.541598726187171,7.35044142588881,0.161139680371771,0.470404309639528,-1,-6.10255689454027,1,2,"concordant","prospectively locked direct relation"
"ACADSB",1.65207203973111,0.357142857142857,4.85868820881063,0.279355759383493,0.719405835907129,9.341300888787,0.21404191119829,0.588263184075513,-1,-5.54739785043623,0,2,"concordant","prospectively locked direct relation"
"ACADVL",1.29542892905912,0.0714285714285714,3.74345611086613,0.0441777094218268,0.596268242036236,7.70268381254705,0.177405280499777,0.602575900488359,-1,-5.4894380404808,1,2,"concordant","prospectively locked direct relation"
"ACAT1",1.8213982844489,0.142857142857143,2.97759140741444,0.182022609525101,0.776038269718961,9.2778893510111,0.230891530375497,0.466931331104097,-1,-4.42688370692222,0,2,"concordant","prospectively locked direct relation"
"ACO1",1.01050153208603,0.0714285714285714,1.35577961787787,0.036660018246482,0.500465264308583,6.53845492831473,0.148901407681651,0.362385453680701,-1,-5.01425864483972,1,2,"concordant","prospectively locked direct relation"
"ACO2",1.39446593653854,0.142857142857143,1.54230907713705,0.104096745835434,0.562898453378886,6.41953778701571,0.167476902129735,0.592607147786482,-1,-0.605598513420086,0,2,"concordant","prospectively locked direct relation"
"ACOX2",1.38843201177996,0.142857142857143,3.90322325124939,0.097097584544298,0.611774591038636,8.09247826708182,0.152943647759659,0.521889837995078,-1,-4.90096439549296,0,2,"concordant","prospectively locked direct relation"
"ACSF3",0.824015410101628,0.0714285714285714,2.37393243410476,0.0418116000691841,0.449270343129733,3.34263311156503,0.133669589664843,0.279757987811961,-1,-2.02334788058887,0,2,"concordant","prospectively locked direct relation"
"ACSM3",1.36669110562643,0.214285714285714,0.343047943734828,0.234908852963902,0.688064164663355,3.93580041577327,0.172016041165839,0.475619768995163,-1,-4.70420674763988,1,2,"concordant","prospectively locked direct relation"
"ACSS1",1.390292410222,0.214285714285714,2.11993174616702,0.169841586344477,0.606774403141673,6.51185587651645,0.180531136157494,0.365814963030691,-1,-6.18024722472594,1,2,"concordant","prospectively locked direct relation"
"ACTA2",0.828919823029494,0.0714285714285714,2.60697445864162,0.0368961481220094,0.389378829806518,3.32441335731666,0.140014814226652,0.397859097203433,1,3.31884273502942,1,2,"concordant","prospectively locked direct relation"
"ACTB",0.991756078168414,0.214285714285714,1.19261609354908,0.0984731067956677,0.451768131816093,4.09656725682467,0.134412746638992,0.304539761175514,1,0.625666282260695,0,2,"concordant","prospectively locked direct relation"
"ACTBL2",1.41616366731748,0.214285714285714,3.17283007012435,0.150072492443516,0.67710015807506,7.66247008734376,0.275654942841933,0.626103903185558,1,4.89671664135564,1,2,"concordant","prospectively locked direct relation"
"ACTN1",1.02085738572456,0.142857142857143,0.562433535346302,0.11918689376243,0.513360293874906,4.09338854827516,0.184596697806993,0.541730258809227,1,1.52618721687044,0,2,"concordant","prospectively locked direct relation"
"ACTR1B",0.914743585353888,0.214285714285714,2.83804246823352,0.0717919898739953,0.493052927989488,4.07849281586498,0.146696045210296,0.531808363471472,-1,-2.29976224288089,0,2,"concordant","prospectively locked direct relation"
"ACTR2",1.12484853841662,0.214285714285714,1.24026627277152,0.17977153967051,0.533429536883172,4.63994825916602,0.217165048251885,0.311032460704686,1,0.723980381075713,0,2,"concordant","prospectively locked direct relation"
"ACTR3",1.16448555567802,0.214285714285714,1.55857445382704,0.122501320402617,0.517122112804127,5.40526284105006,0.210526116036616,0.522458589095939,1,0.992352396046245,0,2,"concordant","prospectively locked direct relation"
"ACVR1",0.973824480892896,0.0714285714285714,1.18027216953325,0.0635882973066153,0.502730886349747,3.42473558126553,0.149575489052054,0.316502258860234,1,2.29785768515975,0,2,"concordant","prospectively locked direct relation"
"ACY3",1.06508745737636,0.0714285714285714,1.45563832361613,0.0489217529217682,0.538339178844152,5.41211911879943,0.134584794711038,0.471531283663462,-1,-4.24974318521854,0,2,"concordant","prospectively locked direct relation"
"ADA",1.13451507291167,0.0714285714285714,1.66505934290037,0.0428651792278086,0.523745724265052,6.80235742639206,0.130936431066263,0.421551477875667,-1,-6.67663576111417,1,2,"concordant","prospectively locked direct relation"
"ADAM10",1.34574022513463,0.214285714285714,1.95068445436945,0.214869805261365,0.641885880152185,6.49919957153258,0.261318821882153,0.390219096670264,1,4.15374819006702,1,2,"concordant","prospectively locked direct relation"
"ADAM28",1.14581827803864,0.0714285714285714,3.31402817222961,0.0645541460480549,0.550690937072629,4.86291233498146,0.137672734268157,0.438650548476963,1,2.56530295506054,0,2,"concordant","prospectively locked direct relation"
"ADAM8",1.96190324853229,0.285714285714286,2.34273525000478,0.348966113263347,0.805570846636348,7.83781331760875,0.201392711659087,0.3687652344477,1,4.49814744324708,0,2,"concordant","prospectively locked direct relation"
"ADAM9",1.8011947521495,0.285714285714286,4.93610416673895,0.330068927330383,0.765881439748202,9.02428968231905,0.227869609798614,0.577377001860509,1,4.96947006772924,0,2,"concordant","prospectively locked direct relation"
"ADAMTS12",1.19540378247874,0.0714285714285714,2.3303648490741,0.0600728250544331,0.546696888279756,6.56074676177836,0.136674222069939,0.300206681013332,1,3.60556324191501,0,2,"concordant","prospectively locked direct relation"
"ADAMTS7",1.12546331479553,0.0714285714285714,0.589278887159515,0.0717247938056626,0.60588696944817,4.91940890558435,0.151471742362043,0.279617836833458,1,2.41239921696527,0,2,"concordant","prospectively locked direct relation"
"ADAR",0.522719567161278,0.0714285714285714,1.05648932500171,0.021494850710814,0.364910618250305,1.86257943136888,0.0912276545625763,0.384585481122971,1,1.31675302647431,0,2,"concordant","prospectively locked direct relation"
"ADAT3",1.05451195068324,0.142857142857143,0.143564160554065,0.0957147530239129,0.553958172554984,3.21688600938949,0.138489543138746,0.44462507746968,1,0.655587538212899,0,2,"concordant","prospectively locked direct relation"
"ADCY9",1.0501563427655,0.0714285714285714,2.48169469464096,0.0398963760599004,0.468064350310496,7.18402898982179,0.117016087577624,0.383153032896744,-1,-4.53928529223192,0,2,"concordant","prospectively locked direct relation"
"ADD2",1.65902487226923,0.285714285714286,1.24459525363192,0.465386699971114,0.789812568745561,6.21867126656155,0.23498974190217,0.464598094444112,-1,-2.7635753640728,0,2,"concordant","prospectively locked direct relation"
"ADH1B",1.68433119086652,0.285714285714286,5.73260848430512,0.263604842739508,0.742720101901645,5.58016709880975,0.220978510545388,0.628048495078033,-1,-3.28703460010437,1,2,"concordant","prospectively locked direct relation"
"ADH1C",1.85657667086213,0.357142857142857,3.93271214274918,0.360248727755034,0.753855313434159,4.99773005150832,0.18846382835854,0.469346772937745,-1,-3.67186328430088,0,2,"concordant","prospectively locked direct relation"
"ADH4",1.37763712984598,0.0714285714285714,1.64875640448166,0.0667236979798497,0.65151858404319,6.95512708597946,0.193843691487388,0.496079186216824,-1,-8.02516648789954,1,2,"concordant","prospectively locked direct relation"
"ADHFE1",1.61531233139935,0.142857142857143,0.878346978812222,0.167861136294249,0.700802158668035,6.58560061651624,0.175200539667009,0.385327640928376,-1,-1.17091901726805,0,2,"concordant","prospectively locked direct relation"
"ADSS2",1.11388093552519,0.142857142857143,2.33498094440967,0.115091290586399,0.563110559270298,5.065506721032,0.140777639817574,0.422868824954619,1,5.03555327065735,1,2,"concordant","prospectively locked direct relation"
"AEBP1",1.23730356796129,0.285714285714286,2.06227523573966,0.207084417780451,0.60645177564235,3.35821283622319,0.180435146101376,0.407515569557396,1,1.71890715194133,0,2,"concordant","prospectively locked direct relation"
"AFAP1",1.32904518596645,0.214285714285714,4.69185649968255,0.057082955471423,0.493295451064367,5.06591383827339,0.146768202120715,0.58182346217835,1,8.57185015014306,1,2,"concordant","prospectively locked direct relation"
"AFDN",0.642430133089719,0.0714285714285714,0.463712963770743,0.0192220487509364,0.359478109881377,3.19308482188162,0.0898695274703443,0.424488875490159,-1,-2.96753847563676,1,2,"concordant","prospectively locked direct relation"
"AFG1L",1.49010136528636,0.214285714285714,2.45184391311694,0.24657970038248,0.700202273468149,7.66901954899794,0.175050568367037,0.481130315633208,-1,-4.98343808992382,1,2,"concordant","prospectively locked direct relation"
"AFG3L2",1.70732735825228,0.214285714285714,0.76600428207961,0.275641623265626,0.74595045241845,4.47200555074043,0.221939623680626,0.58322203256623,1,1.60732823446735,0,2,"concordant","prospectively locked direct relation"
"AFMID",1.45250883667297,0.214285714285714,1.5033439906971,0.182810791830148,0.683741043689893,4.72799069091726,0.170935260922473,0.502739766788202,-1,-4.24994690993256,1,2,"concordant","prospectively locked direct relation"
"AGL",0.683433320033993,0.0714285714285714,1.77332479572443,0.0334008880965013,0.316452739569241,3.67494446001255,0.0941529048008433,0.528730310214355,-1,-3.27212546977041,1,2,"concordant","prospectively locked direct relation"
"AGO1",1.16878430051064,0.214285714285714,3.82534028108513,0.130097676843457,0.56566912912049,6.33336571402725,0.141417282280123,0.488289532986228,-1,-4.85934014590163,1,2,"concordant","prospectively locked direct relation"
"AGR2",1.7303497813929,0.428571428571429,4.08130831581985,0.636952448587886,0.80192193024201,3.61688952546462,0.238592591293602,0.534167523042055,1,4.38399441813987,1,2,"concordant","prospectively locked direct relation"
"AHCYL1",1.2596181673854,0.142857142857143,3.22087931809579,0.0875385907724538,0.5880124606843,8.21109111494493,0.147003115171075,0.495325033775873,-1,-6.61919733605039,1,2,"concordant","prospectively locked direct relation"
"AHNAK2",1.59102450196042,0.285714285714286,4.21032430368592,0.275647905853445,0.690539168219123,8.69134991851096,0.281126112105348,0.668292885436335,1,8.09715203380082,1,2,"concordant","prospectively locked direct relation"
"AHR",1.62567902620289,0.214285714285714,2.82038896973772,0.261446565252268,0.719171054749333,7.86342002654178,0.179792763687333,0.479096922229762,1,6.34578302976295,1,2,"concordant","prospectively locked direct relation"
"AIF1L",1.46607918509158,0.285714285714286,3.99587567327266,0.340890696462049,0.692741364910326,4.65256622950895,0.173185341227582,0.420863362877739,-1,-4.71347627153618,1,2,"concordant","prospectively locked direct relation"
"AIFM1",1.18331179938208,0.142857142857143,1.85429878144482,0.10244832670366,0.538910895151243,6.66344298147696,0.160339980865327,0.450000787148097,-1,-3.79689911818963,0,2,"concordant","prospectively locked direct relation"
"AK3",1.10105683060351,0.142857142857143,3.0139545652812,0.0792595496053358,0.495353801237455,6.71644222307106,0.147380614729806,0.454914637352605,-1,-4.22235580452211,0,2,"concordant","prospectively locked direct relation"
"AK4",1.23309863574811,0.214285714285714,3.92701329596007,0.180874877232094,0.571578747934638,5.23032362904844,0.142894686983659,0.514454607010453,1,4.99917710243159,1,2,"concordant","prospectively locked direct relation"
"AKAP7",1.16292734750375,0.142857142857143,1.61231650049291,0.108895946800073,0.54456641976029,5.24466594827449,0.136141604940073,0.283543901787253,-1,-5.52751409068287,1,2,"concordant","prospectively locked direct relation"
"AKR1A1",0.952165378938071,0.142857142857143,0.713395293370036,0.0714125589338179,0.43245751844241,3.44575743677949,0.108114379610602,0.374773231282439,-1,-4.16294461800653,1,2,"concordant","prospectively locked direct relation"
"AKR7A3",1.50059401956692,0.285714285714286,1.75944426071666,0.314180482853351,0.688110729275234,3.89211200973344,0.172027682318808,0.473133989478622,-1,-1.56815787162341,0,2,"concordant","prospectively locked direct relation"
"ALAD",1.19653837757076,0.0714285714285714,0.656450855816807,0.0710593850596011,0.619894144419231,5.67471107783109,0.252365743693992,0.461634897419154,-1,-3.74007027967396,0,2,"concordant","prospectively locked direct relation"
"ALDH1L2",1.28866466586077,0.142857142857143,0.948997425086758,0.166075702789854,0.63402512291553,5.4676353115464,0.158506280728883,0.453383965191202,-1,-3.80252699040118,0,2,"concordant","prospectively locked direct relation"
"ALDH2",0.994296046626282,0.142857142857143,1.04948582936953,0.103758730680851,0.529070401245511,2.11961088957759,0.132267600311378,0.365705371679928,-1,-1.16807371700594,0,2,"concordant","prospectively locked direct relation"
"ALDH3A2",0.941048093306205,0.0714285714285714,2.55147427641064,0.029520133735707,0.421288838122818,6.20844939860676,0.12534436555496,0.547364840572084,-1,-5.07408369334962,1,2,"concordant","prospectively locked direct relation"
"ALDH3B1",2.2118821152356,0.642857142857143,2.61137697198866,1.37763625307721,0.881873139614,7.0222373474533,0.2204682849035,0.399980162955553,1,5.47421556457096,1,2,"concordant","prospectively locked direct relation"
"ALDH4A1",0.982078568788603,0.0714285714285714,2.32382967696221,0.067780109091035,0.518999996939017,3.20224652770703,0.154415971781295,0.492605427349873,-1,-2.36084765213051,1,2,"concordant","prospectively locked direct relation"
"ALDH6A1",1.98672045520972,0.214285714285714,2.3078636036519,0.255079498064323,0.807590435734032,9.46973372066857,0.240279118825896,0.506535054670738,-1,-3.7397604763609,0,2,"concordant","prospectively locked direct relation"
"ALDH7A1",0.709886928931317,0.0714285714285714,0.877900530415627,0.0399359672259338,0.400729372229611,3.28669328676078,0.119227390749704,0.328223229935268,-1,-2.93114541084763,1,2,"concordant","prospectively locked direct relation"
"ALDH9A1",1.62075451224638,0.357142857142857,3.17083320162612,0.492101242000873,0.699257930996617,5.89493667026755,0.284675616600983,0.633633202138862,-1,-1.28859515288052,0,2,"concordant","prospectively locked direct relation"
"ALDOA",1.59293346555371,0.142857142857143,5.24037877525812,0.0972723204733232,0.629077604493644,6.06998414038915,0.256104431584865,0.668486229644272,1,18.1825887739048,1,2,"concordant","prospectively locked direct relation"
"ALDOB",1.64071909266676,0.142857142857143,0.414089097269532,0.161835908531997,0.750495458611378,7.74113245026208,0.444478080170416,0.716009522686375,-1,-7.22580491684455,0,2,"concordant","prospectively locked direct relation"
"ALG12",1.49592453542371,0.142857142857143,0.702391102070748,0.146830804748231,0.642936293279323,4.58168954253699,0.160734073319831,0.463083491431526,1,1.65411724482592,0,2,"concordant","prospectively locked direct relation"
"AMOTL2",1.05267803346057,0.0714285714285714,0.206482672331632,0.0594563380483625,0.574468251195107,2.81771572921651,0.143617062798777,0.284389285168646,-1,-2.40659091175349,1,2,"concordant","prospectively locked direct relation"
"AMY2A",2.15915761279014,0.428571428571429,0.349529501996521,0.801076275370595,0.860013053488303,4.42072366753397,0.215003263372076,0.249063313427824,-1,-2.00670769114511,0,2,"concordant","prospectively locked direct relation"
"AMY2B",1.89449371011205,0.428571428571429,1.30417835295812,0.486805740318604,0.834367057795115,4.73224908124695,0.208591764448779,0.344343205848923,-1,-3.53386749338339,0,2,"concordant","prospectively locked direct relation"
"ANAPC2",1.29407578865139,0.214285714285714,3.15652971902813,0.112248607334549,0.6324176472688,6.01777214467236,0.1581044118172,0.284851420259151,-1,-3.11087256418424,0,2,"concordant","prospectively locked direct relation"
"ANK3",1.63561151154347,0.285714285714286,1.54761507391111,0.313029532163441,0.721517400449406,6.69605808467624,0.259446885788369,0.517729114760988,-1,-2.34417759060555,0,2,"concordant","prospectively locked direct relation"
"ANKRD22",2.00834547667836,0.428571428571429,2.92573675528424,0.592033982298099,0.818189976833695,7.56966983422083,0.204547494208424,0.303407809264785,1,5.35742092833967,1,2,"concordant","prospectively locked direct relation"
"ANKRD28",0.966164924560988,0.214285714285714,2.40440981717553,0.0843813509524042,0.63830008641479,2.66737295976746,0.189910845304698,0.482898804930222,-1,-2.13254665339132,0,2,"concordant","prospectively locked direct relation"
"ANLN",1.94190343674404,0.357142857142857,2.73978090094965,0.567492179004633,0.828084010185152,8.85403719116926,0.207021002546288,0.375764044434167,1,8.25619820427976,1,2,"concordant","prospectively locked direct relation"
"ANO1",1.56935052566301,0.214285714285714,2.27718841085707,0.199679564929544,0.706119049569322,7.12408067303054,0.17652976239233,0.529997762604806,1,5.70382823421539,1,2,"concordant","prospectively locked direct relation"
"ANOS1",1.45187173764821,0.214285714285714,0.717153035531901,0.180948334494591,0.725896854904013,4.60734192951685,0.215973157849863,0.457460994962267,1,2.93843826003498,0,2,"concordant","prospectively locked direct relation"
"ANP32B",0.817641260996674,0.0714285714285714,0.305551313621201,0.0358686834483902,0.407969501000411,3.10010326303445,0.146699742050938,0.489690307752272,-1,-1.98569140360995,0,2,"concordant","prospectively locked direct relation"
"ANPEP",1.35804623340064,0.142857142857143,1.91120296492822,0.0883416448196942,0.616977489674126,6.82305556879195,0.251178341376235,0.52011685120432,-1,-6.94209176735347,1,2,"concordant","prospectively locked direct relation"
"ANTXR1",1.17092631983753,0.285714285714286,3.06530880956735,0.186533967760371,0.548036497365996,4.83215501750509,0.163055084415214,0.515976879027951,1,2.76897977088736,0,2,"concordant","prospectively locked direct relation"
"ANTXR2",1.26681433102256,0.214285714285714,1.94568526076659,0.163251954383582,0.630068927073858,6.00651595664812,0.187461861728565,0.550639601995484,1,3.94132282450802,1,2,"concordant","prospectively locked direct relation"
"ANXA1",0.935114405944105,0.142857142857143,1.03496117551426,0.0686608567258067,0.542248695832478,2.81168517153557,0.220755425136445,0.516688731574961,1,2.31379549539533,1,2,"concordant","prospectively locked direct relation"
"ANXA10",1.51672796999948,0.285714285714286,5.0207375335113,0.372666123179975,0.699461235091888,5.95863554677175,0.174865308772972,0.526402998649375,1,5.27952864822168,1,2,"concordant","prospectively locked direct relation"
"ANXA2",1.55985194631288,0.285714285714286,4.00323201961319,0.288310034127555,0.675867254053028,8.75624762176076,0.275153014015496,0.636356267104661,1,4.77130977891019,0,2,"concordant","prospectively locked direct relation"
"ANXA3",1.73620672750149,0.285714285714286,5.07939841937984,0.293030936127533,0.711799248675258,8.03587519614126,0.255952383491056,0.669275718978161,1,4.61417900203119,1,2,"concordant","prospectively locked direct relation"
"ANXA5",1.23382955142132,0.0714285714285714,0.322427972703384,0.0838073125861455,0.631302021881103,3.54014193099594,0.257010016438869,0.617339846016983,1,2.0657691338186,0,2,"concordant","prospectively locked direct relation"
"AOX1",1.18481300381985,0.0714285714285714,2.14366788853571,0.0680322763216564,0.554526760223421,5.39578065708245,0.138631690055855,0.498956693910637,-1,-3.00477158570116,0,2,"concordant","prospectively locked direct relation"
"AP1S3",1.44668732722476,0.214285714285714,4.47181496658398,0.133959042813731,0.650428494728746,8.15063653536497,0.162607123682187,0.487016268774341,1,5.59497990407327,1,2,"concordant","prospectively locked direct relation"
"AP2B1",1.04343972061302,0.214285714285714,0.00262968395662612,0.152560737173002,0.500316452921487,2.63426877013244,0.148857132431004,0.581979169280118,1,4.09522462532304,1,2,"concordant","prospectively locked direct relation"
"AP3M2",1.41503321227411,0.214285714285714,0.0315255684899942,0.14307017615151,0.714245723291084,6.27671326895739,0.178561430822771,0.470597787294889,1,5.98109101734477,1,2,"concordant","prospectively locked direct relation"
"APLP2",0.999905155523782,0.0714285714285714,1.96340654724363,0.0599984649411449,0.523361394671065,3.85847887612316,0.155713600823859,0.537960733506875,1,2.94523035934748,1,2,"concordant","prospectively locked direct relation"
"APOBEC2",1.45980569294186,0.142857142857143,0.244111641600259,0.156501475627689,0.730816620046172,5.17536939020176,0.182704155011543,0.456148624493834,-1,-3.52364982489235,1,2,"concordant","prospectively locked direct relation"
"APOL1",1.45310437284111,0.0714285714285714,1.84817180824303,0.0677240671111971,0.672171800183333,7.64193001283462,0.672171800183333,0.78962883056322,1,6.1305787524072,1,2,"concordant","prospectively locked direct relation"
"APOL2",1.13959232571574,0.142857142857143,1.29734098215229,0.135969411736609,0.598864061823071,3.64945005214859,0.178177604271101,0.329353468902192,1,2.94131985424418,1,2,"concordant","prospectively locked direct relation"
"AQP8",1.48493453774046,0.285714285714286,0.0489480724890115,0.38832014744424,0.728507352989835,4.60403765046864,0.182126838247459,0.302118305710969,-1,-3.31216838662324,1,2,"concordant","prospectively locked direct relation"
"ARFGEF2",1.11459707528478,0.142857142857143,1.24428605462543,0.125980279065679,0.565175231002186,3.90169194363507,0.16815430257541,0.391399222657257,-1,-1.67795569578349,0,2,"concordant","prospectively locked direct relation"
"ARFIP1",1.0831141305408,0.0714285714285714,1.08128793827161,0.070416299290664,0.549981094342942,3.21613400108303,0.16363365249554,0.355033526394778,1,3.6898704538426,1,2,"concordant","prospectively locked direct relation"
"ARHGAP21",0.900440695682695,0.142857142857143,1.34435949261053,0.0928224472493239,0.48192020865938,3.69831061280081,0.143383772215949,0.527139931001283,1,2.52684900265391,1,2,"concordant","prospectively locked direct relation"
"ARHGAP24",1.06114134074532,0.0714285714285714,2.13332257283901,0.042160623224425,0.511356517625427,6.43080563398669,0.127839129406357,0.327526403916176,-1,-4.46917852461037,1,2,"concordant","prospectively locked direct relation"
"ARHGEF10L",1.04008723806185,0.142857142857143,1.78766547451161,0.0568475357478233,0.494191297920628,6.58501400565833,0.123547824480157,0.450483121166935,-1,-4.17874551017726,0,2,"concordant","prospectively locked direct relation"
"ARPC2",1.4708346683576,0.142857142857143,0.500228691715286,0.155722004133847,0.692041451982606,7.40578500791426,0.281737708395817,0.482253805189981,1,3.44008916928338,0,2,"concordant","prospectively locked direct relation"
"ARPC3",1.1033315049339,0.0714285714285714,1.50774598690157,0.0579002172562099,0.58846930220797,4.30635853022363,0.239572343810304,0.489364049388981,1,1.54723519348228,0,2,"concordant","prospectively locked direct relation"
"ARPC5",0.918528266063199,0.0714285714285714,2.11621704535399,0.0537772691117863,0.4537109778404,4.65010447125911,0.184710743561056,0.583105859270466,1,2.38170242530024,0,2,"concordant","prospectively locked direct relation"
"ARRB1",1.10398707246425,0.142857142857143,2.45488031023038,0.0844367671278596,0.502094068854073,5.5546030571492,0.204408033583563,0.638941211432444,-1,-5.9570951807304,1,2,"concordant","prospectively locked direct relation"
"ARSL",0.949762154820671,0.0714285714285714,0.210588236123061,0.0481973822240429,0.464207487956394,4.68767409806202,0.116051871989098,0.453819273444496,-1,-2.42780573703345,0,2,"concordant","prospectively locked direct relation"
"ASAP2",1.42364443544482,0.142857142857143,4.71536008876489,0.131225247380327,0.616152861295509,5.51681935160861,0.183321470913131,0.622525279635044,1,7.6497261838067,1,2,"concordant","prospectively locked direct relation"
"ASPA",1.51059174179329,0.214285714285714,5.12329220231319,0.241750688019915,0.69868855852811,6.70418533230917,0.174672139632028,0.554971764517133,-1,-4.23063314400745,0,2,"concordant","prospectively locked direct relation"
"ASPH",1.03536450466991,0.142857142857143,2.51728770234405,0.0624646807589695,0.45058129550105,6.27149835080461,0.13405963202625,0.590045537697988,1,5.79243164194641,1,2,"concordant","prospectively locked direct relation"
"ATG2B",1.39864050539176,0.214285714285714,3.02846805757382,0.1745521163408,0.628865526882553,8.088098480246,0.187103818932653,0.35250929645838,-1,-4.8816300312366,0,2,"concordant","prospectively locked direct relation"
"ATP2C1",1.00341557063925,0.0714285714285714,1.37613989899634,0.0548317797733404,0.531784825505393,4.73844813630237,0.216495468108643,0.512986413600653,1,2.99122548780727,0,2,"concordant","prospectively locked direct relation"
"ATP5F1A",1.63151087871502,0.214285714285714,4.56336325462714,0.207370668061904,0.726571197066465,8.24451822575174,0.216173792148403,0.58663664919255,-1,-5.07576063457169,0,2,"concordant","prospectively locked direct relation"
"ATP5F1B",1.61580676425902,0.285714285714286,1.58518188462273,0.320778405347291,0.74996512695738,5.21941574730672,0.305319075382584,0.53526674161171,-1,-1.2963441164714,0,2,"concordant","prospectively locked direct relation"
"ATP5PB",1.02285674628884,0.142857142857143,1.77717752037126,0.134685305122527,0.518104307551133,3.8728610993563,0.154149480937248,0.500163253768403,-1,-2.24698293980809,0,2,"concordant","prospectively locked direct relation"
"ATP6V1F",1.17747379590349,0.214285714285714,0.247493787295174,0.187242891808317,0.570891113338469,2.79735159743771,0.169854925948724,0.532413666808944,1,4.35567539886518,1,2,"concordant","prospectively locked direct relation"
"ATP8B1",1.51585709044415,0.142857142857143,0.471225031394247,0.181052913742813,0.733669559401992,2.31608442220922,0.183417389850498,0.349607503119786,-1,-1.66885790533612,0,2,"concordant","prospectively locked direct relation"
"AUH",1.8521450843343,0.285714285714286,4.42803122580195,0.360484278429358,0.779222123408976,7.8261276819252,0.194805530852244,0.489497040679142,-1,-3.72469946909964,0,2,"concordant","prospectively locked direct relation"
"B3GNT3",1.53313395584749,0.214285714285714,3.32029661179829,0.249588625147118,0.685992914514791,6.13596507342212,0.171498228628698,0.531444255405705,1,6.09859357248186,1,2,"concordant","prospectively locked direct relation"
"BAIAP2L1",1.80534365095327,0.428571428571429,5.22779278983426,0.77725434901373,0.746984900939284,7.29678161173226,0.186746225234821,0.533036010673573,1,5.50504645019044,1,2,"concordant","prospectively locked direct relation"
"BCAR3",1.53637454214306,0.214285714285714,0.718556977931918,0.2453478693872,0.730334759828097,3.46115305692865,0.182583689957024,0.281936778449625,1,4.87488265155867,1,2,"concordant","prospectively locked direct relation"
"BCAS1",1.5593368204888,0.357142857142857,4.47170711182267,0.534305228512081,0.703805410275714,6.03953701599558,0.175951352568928,0.539585924050558,1,4.86975260538932,1,2,"concordant","prospectively locked direct relation"
"BCAT2",1.41337859624315,0.214285714285714,3.10653274203102,0.227527653645813,0.63004327634891,6.53013417961192,0.187454229972027,0.557601241217745,-1,-2.41233427658563,0,2,"concordant","prospectively locked direct relation"
"BCKDK",0.871597601530654,0.0714285714285714,0.495561267172477,0.0375868152224966,0.416647153421366,3.60733682749967,0.123963343863044,0.439865221539861,-1,-3.42791668810396,1,2,"concordant","prospectively locked direct relation"
"BCL2L1",1.19083856664878,0.142857142857143,1.47033490112998,0.104984171824137,0.576984218726378,5.50036947663437,0.144246054681595,0.489868030293219,1,6.41376436779143,1,2,"concordant","prospectively locked direct relation"
"BDH2",1.23481814353352,0.214285714285714,2.48649102504807,0.25086185654778,0.641924888492315,2.62679348366427,0.160481222123079,0.471213932338003,-1,-2.15742422127401,0,2,"concordant","prospectively locked direct relation"
"BET1L",1.30554067577032,0.214285714285714,1.50434900109031,0.188220626769721,0.627945253412911,4.13138646094775,0.156986313353228,0.441248772042208,1,0.819667011105683,0,2,"concordant","prospectively locked direct relation"
"BHLHA15",1.2186578079985,0.142857142857143,0.774390390455718,0.125431143949707,0.59059772572566,4.83593257105887,0.147649431431415,0.215660136425045,-1,-4.74150734161665,1,2,"concordant","prospectively locked direct relation"
"BHLHE40",1.07755390560522,0.142857142857143,2.80425078030132,0.0836189317271365,0.503659177392037,5.60634999514001,0.125914794348009,0.380611832593537,1,4.46744622648333,1,2,"concordant","prospectively locked direct relation"
"BICD1",1.073706539073,0.214285714285714,0.337599685858613,0.143929808330035,0.569235820228233,3.85629862807987,0.142308955057058,0.408874601238143,1,3.3227673044064,1,2,"concordant","prospectively locked direct relation"
"BPHL",1.40487859878912,0.142857142857143,2.54350503395199,0.13349546086692,0.599650349967551,6.88992206413382,0.149912587491888,0.488472328224727,-1,-2.05467117421218,0,2,"concordant","prospectively locked direct relation"
"BROX",0.829217896890379,0.0714285714285714,1.68335374627218,0.0460626636073127,0.381203890661686,4.54528366679742,0.155192308609417,0.452692858148746,1,3.6936011560318,1,2,"concordant","prospectively locked direct relation"
"BRPF1",0.848181535448161,0.142857142857143,2.94697890019515,0.0618693610031524,0.490640288559084,3.53851056829393,0.122660072139771,0.42792535744601,-1,-2.12083875879879,1,2,"concordant","prospectively locked direct relation"
"BSDC1",1.32225516340481,0.142857142857143,2.67499570430454,0.132105540944674,0.628248412236834,5.13212312773454,0.186920211305907,0.442879872481165,-1,-2.28474184540976,0,2,"concordant","prospectively locked direct relation"
"BSPRY",0.723350604066758,0.0714285714285714,0.209245572565778,0.0273623275162082,0.395751541906672,2.64695147247171,0.0989378854766679,0.41362085679555,-1,-1.58361822150636,0,2,"concordant","prospectively locked direct relation"
"BUB3",1.02284587148666,0.0714285714285714,0.284746476214443,0.0581103141370708,0.534341823970064,3.88056133176257,0.133585455992516,0.457033151305303,1,3.72423772096035,1,2,"concordant","prospectively locked direct relation"
"BZW1",1.45382651603441,0.142857142857143,2.8578893088021,0.17586853652817,0.694968155177771,6.48131185854924,0.206771066804917,0.388523603812345,1,6.43643239457989,1,2,"concordant","prospectively locked direct relation"
"BZW2",1.63381704543333,0.357142857142857,2.63326924695247,0.460500180445248,0.763964430799697,5.53234810133934,0.227299249872906,0.533189180254539,1,4.59645358093577,1,2,"concordant","prospectively locked direct relation"
"C11orf54",1.17794686489035,0.142857142857143,1.47868072517339,0.112355238792363,0.553956923792374,5.32042606416172,0.138489230948094,0.478458035802041,-1,-1.08727596822716,0,2,"concordant","prospectively locked direct relation"
"C14orf119",1.49921632346645,0.285714285714286,1.86051280315552,0.415064519276922,0.739053165741137,5.24139950379938,0.184763291435284,0.406808523474752,1,4.78004024861654,1,2,"concordant","prospectively locked direct relation"
"C15orf48",1.61928752579657,0.357142857142857,5.50725376474544,0.337879566806251,0.741606389690735,4.74149948682489,0.185401597422684,0.515672604054464,1,5.50572666618808,1,2,"concordant","prospectively locked direct relation"
"C1GALT1",1.34250361444523,0.214285714285714,1.65166091277964,0.193156656331603,0.66413242240156,5.64950592344955,0.16603310560039,0.460298275346652,1,5.55051241684991,1,2,"concordant","prospectively locked direct relation"
"C1GALT1C1",1.36916319577872,0.214285714285714,0.410915724413727,0.192092236018647,0.632386144787146,3.22728141385216,0.158096536196787,0.49364595479159,1,5.40950247793282,1,2,"concordant","prospectively locked direct relation"
"C2CD2",1.39705286838278,0.285714285714286,2.36527221048936,0.259822292704591,0.665441118811639,3.61158590174515,0.16636027970291,0.253726728356127,-1,-5.5029574143846,1,2,"concordant","prospectively locked direct relation"
"C2orf88",1.20587436365282,0.142857142857143,0.531496127040206,0.175356263715856,0.716268486688808,1.3020974606664,0.179067121672202,0.279941356611737,-1,-1.06730594349533,0,2,"concordant","prospectively locked direct relation"
"C4BPB",1.58618652619564,0.285714285714286,1.7653769606032,0.338531478870814,0.785964500132378,4.54174277829475,0.785964500132378,0.594197601081103,1,3.4991771666449,1,2,"concordant","prospectively locked direct relation"
"C8B",1.66000615746063,0.357142857142857,1.51153153413785,0.431712396740849,0.770873888602489,0.833081232367809,0.770873888602489,0.699254813490601,1,3.15790256617326,1,2,"concordant","prospectively locked direct relation"
"CAB39L",1.39360038109327,0.357142857142857,3.54428163888251,0.290737182824928,0.631464378270652,6.36113917384544,0.157866094567663,0.521831840048012,-1,-2.35510468456214,0,2,"concordant","prospectively locked direct relation"
"CACYBP",0.979663221667715,0.142857142857143,2.60563583919258,0.101408024305285,0.647283881141953,2.3378371994123,0.192583757445854,0.436249524594834,1,2.65360024783279,1,2,"concordant","prospectively locked direct relation"
"CALB2",1.40562975578731,0.214285714285714,3.69484041693418,0.123448597067469,0.704594978133082,5.96102233208328,0.176148744533271,0.420710858854221,1,3.76584626239537,0,2,"concordant","prospectively locked direct relation"
"CALD1",0.999987304400498,0.142857142857143,1.42350133766006,0.0860776470574826,0.485455528283998,3.75200328419317,0.144435621577438,0.32874579026129,1,2.0343191666453,0,2,"concordant","prospectively locked direct relation"
"CALHM5",1.14541564322699,0.214285714285714,3.02980511096561,0.178743817680149,0.571733511427557,4.07172235470678,0.170105561247993,0.58359786543146,1,2.33047456682235,0,2,"concordant","prospectively locked direct relation"
"CALU",1.33631151538912,0.214285714285714,1.16567694799208,0.159709832550737,0.619950494563791,6.87029010010176,0.184451365392995,0.526848629485671,1,4.3969822994289,0,2,"concordant","prospectively locked direct relation"
"CAMK1D",1.24203655747976,0.142857142857143,2.3592387205052,0.11183710491308,0.569791606505405,7.34145369992325,0.142447901626351,0.384378610747146,-1,-6.32461329455534,1,2,"concordant","prospectively locked direct relation"
"CAMSAP2",0.761342938396722,0.0714285714285714,1.17655905112732,0.0476935151207365,0.404745119766355,2.71673580867852,0.101186279941589,0.266081166853016,1,3.06529551733232,1,2,"concordant","prospectively locked direct relation"
"CAMSAP3",1.1831592085694,0.214285714285714,0.255305382729495,0.140197568878754,0.545041131871653,5.27061327516316,0.136260282967913,0.455676627380975,-1,-1.55551813669514,0,2,"concordant","prospectively locked direct relation"
"CAP1",1.44654214554183,0.142857142857143,1.49033271065154,0.12989272885847,0.646864538184327,7.60536523003693,0.263345688482186,0.558581173013605,1,3.47446591235709,0,2,"concordant","prospectively locked direct relation"
"CAPN15",0.731765082083656,0.0714285714285714,0.897267567360605,0.0358779947924802,0.354569508365926,3.64454085129276,0.0886423770914816,0.278575999017063,-1,-2.04488177271377,0,2,"concordant","prospectively locked direct relation"
"CAPN2",1.39780613677329,0.285714285714286,2.64845518667133,0.24539856596943,0.633887748706217,7.46660530508485,0.188598060296769,0.583940090137197,1,6.35900385438142,1,2,"concordant","prospectively locked direct relation"
"CAPN5",1.17821667601404,0.214285714285714,0.987575824888347,0.193327556091479,0.625112962710371,3.32962299435598,0.156278240677593,0.494402158416063,1,3.48584292681281,1,2,"concordant","prospectively locked direct relation"
"CAPN8",1.83838067426763,0.214285714285714,3.87646596582968,0.325280807007757,0.783608029755825,8.75725529815085,0.195902007438956,0.527942230965057,1,8.20550152887986,1,2,"concordant","prospectively locked direct relation"
"CAPN9",1.33571426815455,0.214285714285714,2.54003077293072,0.315106061606584,0.659043713722767,4.31128258231208,0.164760928430692,0.480183819155571,1,4.15011858212131,1,2,"concordant","prospectively locked direct relation"
"CAPZA1",1.29702294540341,0.214285714285714,1.77939743975376,0.167200317549919,0.580847236877236,5.832682046883,0.23646931694194,0.35374456978459,1,1.6110060232316,0,2,"concordant","prospectively locked direct relation"
"CARD11",1.53936101130389,0.214285714285714,0.65765839661784,0.253953645870969,0.769077445385008,7.31585008186115,0.192269361346252,0.44704659214162,1,4.8354398537403,0,2,"concordant","prospectively locked direct relation"
"CARNMT1",1.00023800185859,0.214285714285714,0.605972456368869,0.139476825058128,0.530421174453505,3.30068126682855,0.132605293613376,0.420200653928637,-1,-0.839538385600278,0,2,"concordant","prospectively locked direct relation"
"CASKIN2",1.21183691300168,0.142857142857143,2.42977380887148,0.0718299049520466,0.539324420207853,6.77234841636474,0.134831105051963,0.30600564232941,-1,-3.52341253496044,0,2,"concordant","prospectively locked direct relation"
"CAT",1.50095926904912,0.0714285714285714,0.770707259814007,0.0789680646754702,0.657801318756796,6.23990194868642,0.267798172487137,0.426915824687585,-1,-6.23781724585216,1,2,"concordant","prospectively locked direct relation"
"CBFB",0.941845313386944,0.0714285714285714,2.59281726080714,0.0409553609575032,0.450206107038883,4.62917146304855,0.112551526759721,0.430081524585497,1,3.8707506664361,1,2,"concordant","prospectively locked direct relation"
"CBS",2.26253786563453,0.428571428571429,2.49402694803521,0.801381182569441,0.883208210408844,6.22801618724373,0.220802052602211,0.385113928214523,-1,-2.16570028247912,0,2,"concordant","prospectively locked direct relation"
"CBX3",1.21960609484843,0.142857142857143,1.59139739347582,0.123350849672959,0.627053508346004,5.32654011191209,0.186564696379942,0.438057215545958,1,2.38234956408285,0,2,"concordant","prospectively locked direct relation"
"CC2D1A",1.08362798984234,0.214285714285714,2.11552370909107,0.0805279065162966,0.472019031181046,6.19060464988959,0.140437914892032,0.527131337651694,-1,-2.8142841146856,0,2,"concordant","prospectively locked direct relation"
"CCDC25",1.182481544663,0.142857142857143,2.51255839122426,0.065045526442817,0.498010278651259,6.96284186232759,0.124502569662815,0.407562505724533,-1,-3.45319254762978,0,2,"concordant","prospectively locked direct relation"
"CCDC28A",1.34651903068615,0.214285714285714,1.71285440578613,0.169919895363891,0.611629336245064,6.88899688690503,0.152907334061266,0.471983942294968,-1,-3.60061460545639,0,2,"concordant","prospectively locked direct relation"
"CCDC88C",1.27118010963228,0.285714285714286,0.576611563193215,0.173076492284761,0.711112465155857,0.252564032039326,0.211574418112639,0.270920912734592,-1,-3.69946428134947,1,2,"concordant","prospectively locked direct relation"
"CCDC9",0.866710012862415,0.0714285714285714,1.16399986977153,0.0467779918274126,0.405970688346991,3.64716002105109,0.120786818353657,0.522220291279615,-1,-3.50720551567505,1,2,"concordant","prospectively locked direct relation"
"CCT3",1.18390707584582,0.142857142857143,1.6256768645166,0.126709477261423,0.588510343355189,3.4190063524074,0.239589052114026,0.619849033003206,1,4.11247005052763,1,2,"concordant","prospectively locked direct relation"
"CCT6A",1.06895723815787,0.214285714285714,0.31736657540388,0.132432871379412,0.560349530098142,4.01964318944499,0.166718531286357,0.554059572728699,1,3.95626986615878,1,2,"concordant","prospectively locked direct relation"
"CD109",1.31183424514435,0.214285714285714,0.458329106519953,0.225168051324401,0.700235495343717,4.17839759411342,0.28507359382933,0.398937359582557,1,3.78143108384154,1,2,"concordant","prospectively locked direct relation"
"CD276",0.725594126694281,0.0714285714285714,0.346624607919981,0.0260632440417491,0.407364937235253,3.01641181725774,0.101841234308813,0.256023138639337,1,1.48293456447565,0,2,"concordant","prospectively locked direct relation"
"CD36",1.52594820403687,0.214285714285714,3.81860728384831,0.176790409657905,0.692181689107232,6.02972945196962,0.281794800476084,0.49395006862952,-1,-7.06015204157696,1,2,"concordant","prospectively locked direct relation"
"CD47",1.20794728092722,0.214285714285714,1.66302218677492,0.247934620774926,0.63691664691749,3.37580058856746,0.259295792221117,0.622869913284824,1,0.43415163838195,0,2,"concordant","prospectively locked direct relation"
"CD55",1.30355989387179,0.142857142857143,3.2548323683154,0.0956769562459792,0.584046391275203,7.90356667266772,0.173768962632028,0.561428761007474,1,6.00813033577492,1,2,"concordant","prospectively locked direct relation"
"CD58",1.0904223199741,0.0714285714285714,0.10020635307453,0.0447923764319006,0.579386608577996,4.92296291242711,0.235874679050427,0.586144218392316,1,2.8941807918131,0,2,"concordant","prospectively locked direct relation"
"CD81",1.29633439849012,0.142857142857143,3.27192074457763,0.1618989239263,0.631417933170319,5.42374049975387,0.227048462434767,0.563536235289492,-1,-3.78292052970828,1,2,"concordant","prospectively locked direct relation"
"CD82",1.16776423950837,0.142857142857143,1.29639193885458,0.147275799243952,0.677160590718046,2.19952431249407,0.275679545637471,0.492946626206614,1,2.87487329433572,1,2,"concordant","prospectively locked direct relation"
"CDA",1.60072801011162,0.214285714285714,2.04000591979147,0.255849122839689,0.725450898411513,6.96568397169753,0.181362724602878,0.434053585330847,1,5.27845877279793,1,2,"concordant","prospectively locked direct relation"
"CDC40",1.06908163286382,0.142857142857143,2.25773196983824,0.118914137820648,0.521708383298444,5.33981254061852,0.130427095824611,0.416354146229463,-1,-3.07716721913394,0,2,"concordant","prospectively locked direct relation"
"CDC42BPA",1.19891805578799,0.214285714285714,1.72257286732014,0.164611376081386,0.585220711849405,2.09174109902857,0.174118353486975,0.323540854782471,1,5.09862397204648,1,2,"concordant","prospectively locked direct relation"
"CDC42BPG",1.1693942858748,0.142857142857143,1.35836945764091,0.120240237693378,0.610613933839876,3.23340430304474,0.152653483459969,0.462945054426617,-1,-1.3554535677567,0,2,"concordant","prospectively locked direct relation"
"CDC42EP1",1.18814289843946,0.214285714285714,0.542370620853077,0.250828376710754,0.706280353724765,0.28536580121629,0.176570088431191,0.415355593290879,-1,-1.63036083024036,1,2,"concordant","prospectively locked direct relation"
"CDC42EP4",0.94381333465448,0.142857142857143,0.910631819376303,0.0556045379601088,0.536722438383888,4.45212627331113,0.134180609595972,0.45087572529932,-1,-3.18231359403588,0,2,"concordant","prospectively locked direct relation"
"CDCP1",1.26170299480341,0.214285714285714,1.78992065095164,0.211637819831207,0.599236455815205,5.40711675710392,0.149809113953801,0.280346280620378,1,5.00535386313393,1,2,"concordant","prospectively locked direct relation"
"CDH11",1.24962371303903,0.285714285714286,2.69098836717526,0.27461877537794,0.582767244590432,4.67972426111516,0.173388383288011,0.520189873491147,1,2.60515129144754,0,2,"concordant","prospectively locked direct relation"
"CDK1",1.40242453994621,0.142857142857143,1.61606176820885,0.135876404455875,0.660423620568531,5.82267181541915,0.165105905142133,0.461765995294269,1,5.19961909633911,1,2,"concordant","prospectively locked direct relation"
"CDK7",0.904374733523748,0.0714285714285714,1.46343679389936,0.0438124984608214,0.445253809212697,4.69734481007851,0.111313452303174,0.452266480841617,1,3.78675367468585,1,2,"concordant","prospectively locked direct relation"
"CEACAM1",1.58534907369095,0.285714285714286,1.95819891002566,0.279563917771672,0.724706922524728,4.77404224738547,0.295036181757265,0.62241875739217,1,4.70461295038682,1,2,"concordant","prospectively locked direct relation"
"CEACAM5",2.35521328712856,0.357142857142857,2.66851692633122,0.61820962315505,0.882378375074521,8.9140587812946,0.22059459376863,0.505555169284612,1,5.12332952711398,1,2,"concordant","prospectively locked direct relation"
"CEACAM6",2.28325643069544,0.357142857142857,4.08258472877167,0.55081916550855,0.875859772920984,9.77394625817485,0.218964943230246,0.497089265328057,1,7.59179238620432,1,2,"concordant","prospectively locked direct relation"
"CEL",2.42533840573883,0.357142857142857,1.89290678033044,0.634934876027865,0.878898558263867,6.18226141242673,0.219724639565967,0.218055969853874,-1,-4.24351862117357,1,2,"concordant","prospectively locked direct relation"
"CELA2A",1.85992333733074,0.357142857142857,0.699529452925261,0.541695774114921,0.795603551932536,4.06355137335146,0.198900887983134,0.302968183364951,-1,-1.8667648167157,0,2,"concordant","prospectively locked direct relation"
"CELA2B",2.12612807053611,0.5,1.09171228493177,1.07953725204113,0.871211195794528,4.9946370818097,0.217802798948632,0.291736758263522,-1,-2.93607374704393,0,2,"concordant","prospectively locked direct relation"
"CELA3A",2.48280686868463,0.5,1.8946900132713,0.954443948512207,0.889522113513105,5.56091609942446,0.222380528378276,0.214557179260105,-1,-0.755779100858562,0,2,"concordant","prospectively locked direct relation"
"CELA3B",1.63018045159636,0.428571428571429,0.26612352744766,0.582266224936423,0.75478899334184,4.68271439073129,0.18869724833546,0.215436529623918,-1,-2.48338010785494,0,2,"concordant","prospectively locked direct relation"
"CELSR1",1.43881670251212,0.214285714285714,0.298233261008833,0.175280231814096,0.660883142179642,6.32002593801355,0.16522078554491,0.51163042121853,1,4.87741478390535,1,2,"concordant","prospectively locked direct relation"
"CEMIP",1.89561595671135,0.285714285714286,0.304110140087132,0.43921395771886,0.835639250849205,6.38938003885962,0.248624369440285,0.617908897005288,1,5.23377792788951,1,2,"concordant","prospectively locked direct relation"
"CEP170",0.491097898861301,0.0714285714285714,0.86989160924504,0.0212988267847728,0.245216891385879,2.52543251172189,0.0729583907588884,0.306821710434477,1,1.59687758654653,0,2,"concordant","prospectively locked direct relation"
"CEP57",1.29176696572989,0.214285714285714,0.957174942206364,0.239590186370671,0.668864538513921,4.0698458015645,0.16721613462848,0.41630718636947,-1,-0.451845375743603,0,2,"concordant","prospectively locked direct relation"
"CEP68",1.37483956378289,0.142857142857143,2.79774190478681,0.122191833273965,0.640013310760995,8.7761649472836,0.160003327690249,0.402879975791023,-1,-6.1247104649903,1,2,"concordant","prospectively locked direct relation"
"CFL1",1.15756269839501,0.0714285714285714,1.858118877748,0.0834025300359776,0.629576606914685,4.22281437211298,0.256307580974522,0.454562476556393,1,2.84543116777065,1,2,"concordant","prospectively locked direct relation"
"CFL2",1.04617923261357,0.142857142857143,3.11976520933839,0.0709237871978776,0.495988058643767,5.27479370341141,0.123997014660942,0.466138910143412,-1,-3.03286997930698,0,2,"concordant","prospectively locked direct relation"
"CFTR",0.998234351140742,0.142857142857143,0.318432499542308,0.1115775990481,0.482290560699802,3.39297533864538,0.120572640174951,0.409545927190473,-1,-3.95979769421358,1,2,"concordant","prospectively locked direct relation"
"CGNL1",1.11926066193275,0.142857142857143,0.233672381391212,0.122955617122333,0.61110137827907,4.79984971361571,0.152775344569768,0.476314234488549,-1,-3.55309435516549,1,2,"concordant","prospectively locked direct relation"
"CHDH",1.42537497382328,0.214285714285714,2.01296624828298,0.327417674123788,0.672904619709845,4.94723032640562,0.168226154927461,0.476700301924246,-1,-1.12231299397451,0,2,"concordant","prospectively locked direct relation"
"CHKA",1.39756603088234,0.142857142857143,0.719316557201636,0.181863928747062,0.70655553413455,3.96013346896439,0.176638883533638,0.351632243430129,-1,-0.927114892227242,0,2,"concordant","prospectively locked direct relation"
"CHMP1B",0.724753888462859,0.0714285714285714,1.15341556795391,0.0311609880052463,0.429702226936591,1.09312803751391,0.17493651624894,0.542670694104469,1,2.74723347462583,1,2,"concordant","prospectively locked direct relation"
"CHMP5",1.2379696711587,0.285714285714286,0.299782563294882,0.169575971625731,0.685331629902606,1.20278388399508,0.171332907475651,0.356564734538526,1,3.26822443605621,1,2,"concordant","prospectively locked direct relation"
"CHRAC1",1.27596876214291,0.214285714285714,0.904373298251488,0.142740769653864,0.641309065449554,2.97544105262421,0.160327266362388,0.499159130537951,1,3.49125324216881,1,2,"concordant","prospectively locked direct relation"
"CHRDL1",1.08165714992232,0.142857142857143,0.131560512053788,0.111845172577039,0.542745609660412,4.76432323033555,0.161480907976944,0.515260569208783,-1,-3.06881965667437,0,2,"concordant","prospectively locked direct relation"
"CIP2A",1.32256416544764,0.0714285714285714,0.864194775299934,0.0796931218701684,0.660160767291718,5.65202966695982,0.16504019182293,0.426598825937447,1,3.74793433662315,1,2,"concordant","prospectively locked direct relation"
"CKAP5",0.765933737055919,0.0714285714285714,0.752948401604873,0.0314858554084265,0.36209255055311,2.743354672695,0.107731933329849,0.516441115948011,1,3.31607877397538,1,2,"concordant","prospectively locked direct relation"
"CLDN18",1.896776415671,0.357142857142857,5.33339178635096,0.556263148051625,0.811268382205006,7.76513079027318,0.202817095551252,0.56481810651218,1,5.67945544298445,1,2,"concordant","prospectively locked direct relation"
"CLDN3",1.60451041726788,0.357142857142857,0.243009155466957,0.421223862663596,0.751188601415016,5.22679803034729,0.305817165329347,0.547958104999891,-1,-3.15366066504838,0,2,"concordant","prospectively locked direct relation"
"CLEC16A",0.860793219687789,0.214285714285714,2.09949076099217,0.0874348885824452,0.470054488450284,2.67702000392514,0.117513622112571,0.323332755674299,-1,-3.40039268704863,1,2,"concordant","prospectively locked direct relation"
"CLIC1",1.40767533180435,0.142857142857143,3.57711457867837,0.16337428046815,0.663329150840711,6.50946167871993,0.270048613901097,0.439797277489313,1,4.91324778240028,1,2,"concordant","prospectively locked direct relation"
"CLIC3",1.72666233071059,0.285714285714286,2.67022367374958,0.300068313794742,0.749238628887818,8.78284809433156,0.187309657221955,0.469070717136247,1,6.53853550481653,1,2,"concordant","prospectively locked direct relation"
"CLIC4",0.95467069443254,0.0714285714285714,0.863647867223275,0.0587117295493043,0.452227927054931,3.69513710421496,0.184106977228077,0.308685411358007,1,1.59457927367046,0,2,"concordant","prospectively locked direct relation"
"CLIC5",0.93181057820307,0.0714285714285714,0.240711298270315,0.0583201657890244,0.51704547200729,2.48575322166957,0.129261368001823,0.432992271126452,-1,-2.43879091958626,1,2,"concordant","prospectively locked direct relation"
"CLMN",1.17492683034536,0.142857142857143,1.00424025591693,0.118272380923431,0.568281025938437,2.52560604640604,0.142070256484609,0.413828969679748,-1,-3.53397847570402,1,2,"concordant","prospectively locked direct relation"
"CLPS",2.59735550460193,0.5,0.296268127137277,1.03815741278858,0.91637977383171,5.47436730109653,0.229094943457928,0.261717960909155,-1,-3.87706557709631,1,2,"concordant","prospectively locked direct relation"
"CLTB",1.10950816340169,0.0714285714285714,3.14157463651615,0.0658849519845578,0.54412825459888,4.96134081368078,0.161892280738141,0.570158674822409,1,4.2446691772016,1,2,"concordant","prospectively locked direct relation"
"CLUH",1.03304360745183,0.142857142857143,2.64422103771295,0.065121524327795,0.488222081805575,6.42307053385765,0.122055520451394,0.465879348135209,-1,-4.21425385662986,0,2,"concordant","prospectively locked direct relation"
"CLYBL",1.24317719147449,0.0714285714285714,1.6726616799943,0.0553877895834916,0.570199589077406,7.45742399294112,0.142549897269352,0.383222726760335,-1,-3.88764973066737,0,2,"concordant","prospectively locked direct relation"
"CMBL",1.46350807971026,0.142857142857143,0.246704075094842,0.209711494203082,0.691940095699684,4.75065410857255,0.172985023924921,0.294761685922197,-1,-1.30443390261,0,2,"concordant","prospectively locked direct relation"
"CMTM3",1.2566915711391,0.142857142857143,1.89196948231917,0.16707790790347,0.622484113315356,3.34716294763563,0.185205182741653,0.526933618824502,1,1.54474136888373,0,2,"concordant","prospectively locked direct relation"
"CNDP2",1.03871602411467,0.142857142857143,2.79543814883931,0.0577642095200275,0.449584490122365,4.37772033112666,0.183030804895428,0.598199751816053,-1,-5.91705846348353,1,2,"concordant","prospectively locked direct relation"
"COASY",1.11125178052708,0.214285714285714,1.93048911177676,0.194680551829804,0.580210241197414,3.89520667587282,0.17262760840148,0.525009551459273,-1,-0.918377180100643,0,2,"concordant","prospectively locked direct relation"
"COBL",1.09342278721513,0.214285714285714,0.0224838590354647,0.0855771674531103,0.53080858350188,4.57102511700027,0.13270214587547,0.470043705843073,-1,-1.73208310079172,0,2,"concordant","prospectively locked direct relation"
"COBLL1",1.32189627378244,0.0714285714285714,0.0898784081283024,0.0777014106512937,0.671834576120895,6.18678292639331,0.167958644030224,0.433664540768698,-1,-5.14076181539587,1,2,"concordant","prospectively locked direct relation"
"COL10A1",1.83862140050954,0.357142857142857,1.944932035171,0.422061624648053,0.745645132142419,6.35626268591198,0.186411283035605,0.30954518709701,1,4.17150589756461,0,2,"concordant","prospectively locked direct relation"
"COL11A1",1.62719973913193,0.428571428571429,3.62141318394267,0.600238316462969,0.718126914450155,5.96074234601227,0.179531728612539,0.441508217922094,1,3.94915615270927,0,2,"concordant","prospectively locked direct relation"
"COL12A1",1.55695109440304,0.285714285714286,3.74042468675223,0.280543429361624,0.704924623762799,6.13123765534501,0.209733374668375,0.550542467988962,1,3.7913658485792,0,2,"concordant","prospectively locked direct relation"
"COL17A1",1.8518515802104,0.428571428571429,3.39599292036874,0.417140921786957,0.775197163938774,8.2018057868803,0.193799290984693,0.536862372032372,1,6.70158208629763,1,2,"concordant","prospectively locked direct relation"
"COL5A1",1.22915611712141,0.142857142857143,0.23293163217744,0.141756806734162,0.625331132008967,3.425824544299,0.156332783002242,0.472183419893658,1,1.61874129515359,0,2,"concordant","prospectively locked direct relation"
"COL5A2",1.24598576000829,0.214285714285714,1.61435382167336,0.200743713708028,0.587712560941932,4.62738433099527,0.146928140235483,0.271409094586021,1,2.63437736180719,0,2,"concordant","prospectively locked direct relation"
"COL6A6",0.932201838082002,0.0714285714285714,1.54192403690617,0.0563820162699785,0.617934656648375,1.87820248638286,0.154483664162094,0.343903887531626,-1,-2.19070848013339,1,2,"concordant","prospectively locked direct relation"
"COL7A1",1.58459855869947,0.285714285714286,0.334409540707079,0.380329020965652,0.737270865798222,6.80402672415877,0.184317716449555,0.511889574137516,1,4.30877563766521,0,2,"concordant","prospectively locked direct relation"
"COL8A1",1.70408711804677,0.357142857142857,0.818521600522482,0.329749142895594,0.72930822673543,3.18559931140688,0.182327056683857,0.276652122827761,1,2.45090790227341,0,2,"concordant","prospectively locked direct relation"
"COLGALT1",1.01728703916284,0.0714285714285714,0.341026150516155,0.0603840754293473,0.490895879271691,4.17024463647573,0.146054267222044,0.483789956892368,1,1.6355461956997,0,2,"concordant","prospectively locked direct relation"
"COMTD1",1.08471054340633,0.0714285714285714,1.30769810663218,0.0538930243933987,0.548636478966254,6.03579523496934,0.16323359451618,0.486070791375237,-1,-3.92444109450673,0,2,"concordant","prospectively locked direct relation"
"COQ8A",1.81272839094336,0.142857142857143,1.0726393774188,0.114148973005781,0.71443158644929,8.19034242399228,0.178607896612323,0.361161087783953,1,3.85587898596132,0,2,"concordant","prospectively locked direct relation"
"COQ9",1.03953326675345,0.214285714285714,0.164663459482967,0.0922007090594628,0.525110405797468,4.43866992819425,0.131277601449367,0.354678811607524,-1,-1.40231048189925,0,2,"concordant","prospectively locked direct relation"
"COX4I1",1.26040254264446,0.214285714285714,1.04979537184674,0.237627720153087,0.647831039875417,4.29810981939611,0.192746551372723,0.543417531474158,-1,-2.24944782570402,0,2,"concordant","prospectively locked direct relation"
"COX5A",1.29858922150003,0.214285714285714,1.09550725020785,0.203680625503902,0.707182968576715,2.80470804988029,0.210405290874762,0.399010694072119,-1,-1.2334810007858,0,2,"concordant","prospectively locked direct relation"
"CP",1.53110336807781,0.214285714285714,2.63739195369474,0.31708204025238,0.727680222614383,4.05904588949167,0.727680222614383,0.560014346293531,1,3.80686342296704,1,2,"concordant","prospectively locked direct relation"
"CPA1",2.33004652287358,0.5,1.25485405618674,0.924481440921023,0.874514068402776,4.76075570095237,0.218628517100694,0.230401573384277,-1,-3.63332706668506,1,2,"concordant","prospectively locked direct relation"
"CPA2",1.72747436117539,0.357142857142857,2.05439834125011,0.52674554299161,0.766797526012515,4.57721463529602,0.191699381503129,0.241565361494546,-1,-3.09846245256416,1,2,"concordant","prospectively locked direct relation"
"CPB1",1.75344803913998,0.5,0.273471383284585,0.940673749036213,0.805530347145771,3.98388744763572,0.201382586786443,0.242582628499075,-1,-2.56706698233145,1,2,"concordant","prospectively locked direct relation"
"CPNE8",0.885423679675478,0.0714285714285714,0.948557504498342,0.0496353832967159,0.496312412049248,3.97443085299885,0.124078103012312,0.264511782666187,1,2.59930091241973,1,2,"concordant","prospectively locked direct relation"
"CPSF3",0.835831458863113,0.0714285714285714,0.470075273796667,0.0333266818571478,0.444724831294435,4.08247958682538,0.111181207823609,0.448225723698466,1,3.04881785381009,1,2,"concordant","prospectively locked direct relation"
"CPT2",1.7342918711659,0.214285714285714,1.8377621468683,0.139100825102687,0.658156915409054,7.18200960332183,0.195818767392806,0.601899079252873,1,0.734879172681682,0,2,"concordant","prospectively locked direct relation"
"CPZ",1.84611456855257,0.142857142857143,2.38846668620276,0.162441270604579,0.751128251118282,5.09597970068663,0.187782062779571,0.512982652695425,1,11.6250667758359,1,2,"concordant","prospectively locked direct relation"
"CRABP1",1.31578581961334,0.214285714285714,0.919314525690977,0.270096225943509,0.657492935191271,3.12067624729321,0.164373233797818,0.510749409720309,-1,-2.98383208235736,1,2,"concordant","prospectively locked direct relation"
"CRABP2",1.17588966001208,0.0714285714285714,2.09660796014452,0.0794364159212683,0.55814136264767,5.27383627310968,0.139535340661918,0.411767149537187,1,4.16282868062872,1,2,"concordant","prospectively locked direct relation"
"CRACR2A",1.1455835837085,0.142857142857143,1.23746680194261,0.129904717194286,0.582871920499071,3.62599387911123,0.173419527088107,0.402779361001362,-1,-4.19109088504866,1,2,"concordant","prospectively locked direct relation"
"CRACR2B",1.30228627515632,0.214285714285714,1.81263183438251,0.142201893886731,0.590959823119975,4.42161342621728,0.147739955779994,0.51860289381488,-1,-1.99319294099927,0,2,"concordant","prospectively locked direct relation"
"CRAT",1.55225842343196,0.0714285714285714,2.08878141958962,0.102222428200063,0.685761985289948,8.32068034468729,0.20403199228084,0.361725955720124,-1,-4.02379863280155,0,2,"concordant","prospectively locked direct relation"
"CRELD2",1.24125180027273,0.285714285714286,2.04676048288608,0.241724739418916,0.594980639161605,5.51937089470714,0.148745159790401,0.341778912519538,-1,-2.1983763505701,0,2,"concordant","prospectively locked direct relation"
"CROCC",1.25513669832896,0.142857142857143,3.38455427031265,0.155466550968547,0.626331074773653,4.89541080357697,0.156582768693413,0.465951704750093,-1,-3.32129421309626,1,2,"concordant","prospectively locked direct relation"
"CRYAB",1.22429728127356,0.285714285714286,4.4296605661852,0.0928727278726343,0.568968507385067,6.04536971917384,0.142242126846267,0.524732158941764,-1,-3.63922060915593,1,2,"concordant","prospectively locked direct relation"
"CSDE1",0.700781561756749,0.0714285714285714,0.353109733938056,0.0263382899933529,0.365588441616866,2.94866104800278,0.108772051670957,0.525745581026555,-1,-2.91988048214881,1,2,"concordant","prospectively locked direct relation"
"CSNK1A1",1.74606715175041,0.285714285714286,2.05270228504642,0.267733497270066,0.771909667619516,1.23919530798735,0.229663164076761,0.497239054089994,1,12.6412612958048,1,2,"concordant","prospectively locked direct relation"
"CST1",1.46502866052233,0.214285714285714,0.122710974503167,0.282507178462665,0.691305333109402,5.94380485413343,0.17282633327735,0.552141261424217,1,5.06722801588075,1,2,"concordant","prospectively locked direct relation"
"CST6",2.4765662490819,0.5,7.57989752871111,0.950524948576485,0.931773455505472,3.9878542066559,0.37933525130047,0.706671483030249,1,4.29081939401561,1,2,"concordant","prospectively locked direct relation"
"CSTA",1.40606652758272,0.214285714285714,0.961900010583935,0.256331862662973,0.690249413649958,2.51605708539753,0.281008149824216,0.432675630439315,1,1.09895317273398,0,2,"concordant","prospectively locked direct relation"
"CSTB",1.36778924561847,0.142857142857143,2.42885227996963,0.118046697785251,0.630118960193992,8.47480942221609,0.226581371144631,0.597739330177166,1,5.66028090352611,1,2,"concordant","prospectively locked direct relation"
"CTH",1.58546575028338,0.214285714285714,1.41126617096371,0.291716673067681,0.757051588761584,6.39052295834268,0.189262897190396,0.45371129559376,-1,-4.05329382424317,0,2,"concordant","prospectively locked direct relation"
"CTHRC1",1.60529373458722,0.357142857142857,2.17322655461452,0.464356547628554,0.699217296396338,4.67907305628825,0.20803529662066,0.462299872985425,1,2.53448456557167,0,2,"concordant","prospectively locked direct relation"
"CTRB2",1.69077594046494,0.5,1.36933380602734,0.93112410944693,0.781241594613777,4.71057772452377,0.195310398653444,0.275512156411206,-1,-2.87722545142192,1,2,"concordant","prospectively locked direct relation"
"CTRC",1.78016071879381,0.428571428571429,2.03223253800101,0.628039284342411,0.791364881533317,4.84653907043041,0.197841220383329,0.265794295853285,-1,-3.62985686142701,1,2,"concordant","prospectively locked direct relation"
"CTRL",1.84258720862955,0.357142857142857,1.64163194162653,0.514868463844448,0.726122168542153,3.70583283599132,0.181530542135538,0.194520140576369,1,2.78511789283232,0,2,"concordant","prospectively locked direct relation"
"CTSB",1.05169419714875,0.0714285714285714,1.45925122665816,0.0605229163493348,0.599168400506656,2.79580377484049,0.178268152929778,0.508163723369896,1,0.395245913728996,0,2,"concordant","prospectively locked direct relation"
"CTSE",1.84912528832467,0.357142857142857,4.03813383130878,0.604290961630346,0.80083794501947,6.63396329904877,0.200209486254867,0.524416957676996,1,4.74551756777723,1,2,"concordant","prospectively locked direct relation"
"CTTN",1.12755906556643,0.142857142857143,2.60406245040292,0.108760101237402,0.51299086823188,5.38099370446894,0.20884424080317,0.61197097399149,1,4.30566663846094,1,2,"concordant","prospectively locked direct relation"
"CTTNBP2NL",1.00613841326273,0.142857142857143,2.27062011571482,0.0807747675957456,0.452071377733136,5.33932018024396,0.113017844433284,0.251388975614695,1,2.69937875189878,0,2,"concordant","prospectively locked direct relation"
"CXCL12",1.65413888235418,0.285714285714286,4.61959086855869,0.284304259281926,0.752585306107662,7.65197028812481,0.30638577921553,0.66687378043341,-1,-5.50163409270965,1,2,"concordant","prospectively locked direct relation"
"CXCL5",2.32201399074356,0.357142857142857,5.39516961871215,0.636009556894007,0.886028867332213,6.24450036363198,0.26361658840522,0.538516203338884,1,4.92739418806873,1,2,"concordant","prospectively locked direct relation"
"CYB5A",1.30802344985196,0.0714285714285714,1.38149790294288,0.0495898713163675,0.656572995856204,8.16279356056426,0.195347510208954,0.427885524660041,-1,-6.53331328984829,1,2,"concordant","prospectively locked direct relation"
"CYC1",1.19485403858927,0.142857142857143,0.176663023159449,0.135087923121816,0.637795335900514,3.68021641541936,0.18976066892391,0.411335879154406,-1,-1.21204810735406,0,2,"concordant","prospectively locked direct relation"
"CYP20A1",1.4060127831386,0.214285714285714,4.63155145012583,0.152291857854684,0.616607743307007,4.23138177895561,0.183456810119809,0.56481903893198,-1,-8.25105748705747,1,2,"concordant","prospectively locked direct relation"
"CYP7B1",1.04550875338664,0.142857142857143,1.33712764156537,0.113417628215712,0.541128558471517,2.79001899723556,0.135282139617879,0.477199222909955,-1,-4.5067195782606,1,2,"concordant","prospectively locked direct relation"
"CYRIB",0.760813293307769,0.0714285714285714,0.210216410207714,0.0351449898143214,0.401419029780968,2.67601861587963,0.163422114720095,0.44736857657485,1,0.654723099847666,0,2,"concordant","prospectively locked direct relation"
"CYSTM1",1.26725513326362,0.214285714285714,1.69803069009257,0.25626939143196,0.684514113951022,2.9444626826423,0.27867324605579,0.630106101214046,1,3.6308454008135,1,2,"concordant","prospectively locked direct relation"
"DAP",1.5791717144043,0.285714285714286,0.223844097768229,0.46084764131008,0.712325969514074,5.54956387649971,0.2119354671605,0.495128079238119,-1,-1.15698846315639,0,2,"concordant","prospectively locked direct relation"
"DBT",0.796067712134194,0.0714285714285714,1.15666967603917,0.0423091972943293,0.443917209774679,3.78638732409077,0.132076893530025,0.516264808417539,-1,-2.42623201747702,0,2,"concordant","prospectively locked direct relation"
"DCAF11",1.44147404037086,0.285714285714286,2.38621329220426,0.13896463840187,0.633639576341653,7.80528573563864,0.158409894085413,0.453775790014965,-1,-3.2316184052481,0,2,"concordant","prospectively locked direct relation"
"DCAF5",0.88353629276874,0.142857142857143,1.94948958597785,0.0640557429419766,0.414928173546659,4.65197508202272,0.103732043386665,0.401687516765343,-1,-3.23043781103577,1,2,"concordant","prospectively locked direct relation"
"DCBLD1",1.09555372121297,0.142857142857143,2.27940594332571,0.0666360014889004,0.551790143845901,5.8874559765119,0.137947535961475,0.448806107744358,1,4.80808838756593,1,2,"concordant","prospectively locked direct relation"
"DCBLD2",1.30379904188859,0.142857142857143,2.73831451917166,0.159622846794383,0.654806815188674,5.06750774591012,0.163701703797169,0.480157137745507,1,4.72737749292343,1,2,"concordant","prospectively locked direct relation"
"DCDC2",0.96395826367114,0.214285714285714,1.15088450942353,0.108294178908767,0.544906346941825,3.64036105129222,0.136226586735456,0.301252667486054,-1,-3.54808574826212,1,2,"concordant","prospectively locked direct relation"
"DCTPP1",1.05780212227306,0.142857142857143,1.62580756028814,0.122110111183928,0.554489468536487,3.55645296438356,0.164975010850753,0.507787089273738,1,4.15697348777452,1,2,"concordant","prospectively locked direct relation"
"DCXR",1.05824476231692,0.0714285714285714,1.6096421914547,0.0581155741803564,0.527150171470573,4.9147375497153,0.156840860274358,0.32385901513328,-1,-1.85835785787085,0,2,"concordant","prospectively locked direct relation"
"DDX17",1.06899563661231,0.142857142857143,3.35952383995178,0.118262380397806,0.55800890413808,4.28340634333891,0.166022134303059,0.455606600526533,-1,-4.25573990855835,1,2,"concordant","prospectively locked direct relation"
"DECR1",1.23224260530277,0.214285714285714,4.18788057631059,0.175150739606536,0.572150817051376,5.62151124500163,0.170229720503893,0.596570896400405,-1,-3.85478908400458,1,2,"concordant","prospectively locked direct relation"
"DENND4A",1.02215940273095,0.142857142857143,2.88837105503607,0.0733011346117089,0.461198500098999,5.74667731804301,0.137218526005561,0.542075345863699,-1,-3.88316003927394,1,2,"concordant","prospectively locked direct relation"
"DES",2.18859293813514,0.5,0.667971139124154,0.856982187464295,0.92112881656011,3.47807951166894,0.331224171056155,0.480046470297797,-1,-2.4374925538271,0,2,"concordant","prospectively locked direct relation"
"DFFB",0.970824681610976,0.0714285714285714,3.12554968358,0.0476341157951463,0.482489774393806,4.9922392380275,0.120622443598452,0.477869095975116,-1,-3.84223735180893,1,2,"concordant","prospectively locked direct relation"
"DGKH",0.874221887998514,0.0714285714285714,1.30103854402932,0.0494601322325069,0.386388483077586,5.08294229594468,0.0965971207693965,0.428185879158702,1,4.0249332905939,1,2,"concordant","prospectively locked direct relation"
"DGKZ",1.30624090585519,0.214285714285714,3.7039439743097,0.129933256022404,0.61778816273186,6.45473701174326,0.183808015541144,0.486536404833546,-1,-4.53396093294825,1,2,"concordant","prospectively locked direct relation"
"DGLUCY",1.53325640153297,0.285714285714286,1.61161541463723,0.369295137193063,0.740367683619291,4.03846645662123,0.220278605040092,0.419438829783175,-1,-4.61269557966339,1,2,"concordant","prospectively locked direct relation"
"DHODH",1.00636622605728,0.0714285714285714,1.83020634451583,0.0613007840868556,0.609317037035997,3.30182961407884,0.181287635745146,0.410691846567903,-1,-2.47611847716004,1,2,"concordant","prospectively locked direct relation"
"DHRS1",0.989723348997394,0.142857142857143,2.14669786429706,0.0919165013502426,0.543508759314205,2.41490401403478,0.135877189828551,0.471676386601966,-1,-2.7089924003452,1,2,"concordant","prospectively locked direct relation"
"DHRS4",2.06428931834419,0.285714285714286,2.07348159137858,0.267713326982639,0.795331998528876,6.68011929743082,0.236631915541275,0.527603232965794,1,1.49807578906602,0,2,"concordant","prospectively locked direct relation"
"DHRS7B",1.13570758397364,0.142857142857143,1.12906811608508,0.120429825186303,0.579372412675559,4.86567214632988,0.172378332667084,0.468870580670336,-1,-2.86401883886354,0,2,"concordant","prospectively locked direct relation"
"DHRS9",1.95802679848656,0.428571428571429,2.95715509161504,0.61891064409518,0.816204231871149,7.91539888336082,0.204051057967787,0.362661552386042,1,4.36809186452548,1,2,"concordant","prospectively locked direct relation"
"DHTKD1",1.03274108951385,0.214285714285714,3.3463185785295,0.133977662086682,0.538231163071255,4.46304044339997,0.134557790767814,0.472824167445442,-1,-3.59559089880194,1,2,"concordant","prospectively locked direct relation"
"DLD",0.995713549258759,0.0714285714285714,1.36770472286753,0.0589918234483733,0.530147434168098,3.1581525058066,0.157732623732647,0.470388573878126,-1,-1.307001145297,0,2,"concordant","prospectively locked direct relation"
"DLG3",0.797531761197367,0.142857142857143,0.161710521328942,0.0827109045088606,0.408875662831522,3.01543214079391,0.121651123672876,0.324409616446165,-1,-0.369047070644507,0,2,"concordant","prospectively locked direct relation"
"DMD",0.951403706737691,0.0714285714285714,0.880021429985745,0.0544872858159542,0.507723539434627,4.45387014946346,0.126930884858657,0.40870241648062,-1,-2.56887802601079,0,2,"concordant","prospectively locked direct relation"
"DMXL1",1.08982341468488,0.142857142857143,3.4284529597727,0.0640368719014512,0.457532929503055,6.55240085834928,0.136127923598925,0.555517792933121,-1,-5.1471792795745,1,2,"concordant","prospectively locked direct relation"
"DNAJA1",0.949270158319993,0.0714285714285714,0.395465389940771,0.0529306349013014,0.548083714646418,0.628708199237609,0.16306913278185,0.479354695378024,1,2.25524212701604,1,2,"concordant","prospectively locked direct relation"
"DNAJA4",1.21459548763644,0.0714285714285714,2.80231081114343,0.08054774154039,0.682013258090248,2.01480045410428,0.202916648625929,0.492232728332997,1,3.91993274089195,1,2,"concordant","prospectively locked direct relation"
"DNAJB4",0.98519333608506,0.0714285714285714,0.603376135691772,0.061440509756702,0.567664138093618,2.40361134788797,0.231102332016093,0.401038434840639,-1,-2.79218456835565,1,2,"concordant","prospectively locked direct relation"
"DNTTIP1",1.36404959780764,0.214285714285714,3.40519370987308,0.221094976971424,0.684359704320212,6.00480852729649,0.171089926080053,0.453574187078092,1,5.02059170275002,1,2,"concordant","prospectively locked direct relation"
"DPEP1",1.31984174993557,0.142857142857143,0.899002434726373,0.137162558749012,0.623866177267666,5.72902147397243,0.155966544316917,0.362164346677809,-1,-4.45270911818137,1,2,"concordant","prospectively locked direct relation"
"DPH6",0.900256562344541,0.142857142857143,0.265316838133852,0.0674479947549242,0.446872204182399,3.4759462773608,0.1117180510456,0.265327871390226,-1,-0.510609356239597,0,2,"concordant","prospectively locked direct relation"
"DPY30",1.03387965517567,0.142857142857143,3.2085744208108,0.0595149632602828,0.493909278117671,3.87388659888714,0.123477319529418,0.478183533999326,1,5.79301673971139,1,2,"concordant","prospectively locked direct relation"
"DSG3",1.35886177881141,0.214285714285714,3.36846568014156,0.203821210472183,0.64089204238434,4.065467678397,0.160223010596085,0.515622825738775,1,3.54926882169308,1,2,"concordant","prospectively locked direct relation"
"DTWD2",0.80912313302624,0.142857142857143,1.56329138529607,0.0704349105116238,0.402928448073415,3.2135994814613,0.100732112018354,0.253619129394962,-1,-3.71673890044441,1,2,"concordant","prospectively locked direct relation"
"DTX3L",0.987477781484219,0.0714285714285714,1.56102563202368,0.0709170151067732,0.593112351131789,2.89750443759021,0.176466321032108,0.495643889570459,1,1.45634633985581,0,2,"concordant","prospectively locked direct relation"
"DTYMK",0.820670849261554,0.0714285714285714,0.48312993248581,0.0534036465126501,0.444184401304436,3.20905505156019,0.132156389946138,0.556153371521845,1,2.8709428681329,1,2,"concordant","prospectively locked direct relation"
"DUOX2",1.28748332149802,0.214285714285714,0.73395841046629,0.222585207772396,0.660220682966391,4.93189490652701,0.165055170741598,0.473630347191593,1,2.60108381607681,0,2,"concordant","prospectively locked direct relation"
"DUS1L",0.802259776967966,0.0714285714285714,1.21012454484685,0.0357152795260927,0.375361664096865,4.16661842515384,0.0938404160242164,0.277990678727449,-1,-2.59908322927766,0,2,"concordant","prospectively locked direct relation"
"DYM",1.0387902144901,0.142857142857143,2.6967456441879,0.0261970101600022,0.527010136929064,7.22470320627402,0.131752534232266,0.378916428049204,-1,-5.79412351628211,1,2,"concordant","prospectively locked direct relation"
"DYNLL1",1.23963213221546,0.214285714285714,1.15342108096117,0.172190621902413,0.584859642077856,3.08626698711985,0.238102811356385,0.585305106499674,1,4.76511219484026,1,2,"concordant","prospectively locked direct relation"
"DYNLT3",1.33965939206048,0.0714285714285714,1.33591100092486,0.0852897412314905,0.603736309633494,5.43865811597323,0.179627224473111,0.555654123670701,1,5.74049932260953,1,2,"concordant","prospectively locked direct relation"
"ECHDC1",0.980109005099385,0.0714285714285714,1.67055249420318,0.0557364959043885,0.543855222635401,2.98248338313776,0.161811046641385,0.487787233542748,-1,-3.4875859458239,1,2,"concordant","prospectively locked direct relation"
"ECHDC2",1.66884685762021,0.285714285714286,4.59611835647522,0.293520585272684,0.72664836038555,8.16762553498767,0.181662090096387,0.506957871646203,-1,-4.80923387272092,0,2,"concordant","prospectively locked direct relation"
"ECHDC3",1.3901413267308,0.142857142857143,1.05868518679158,0.121907158204744,0.648699888698359,6.97475429829634,0.16217497217459,0.387693591786059,-1,-4.40235614250641,1,2,"concordant","prospectively locked direct relation"
"ECHS1",0.973252357796388,0.0714285714285714,0.832700271511659,0.0489970803395262,0.473989102718328,4.43060908631998,0.14102406231535,0.427131023606336,-1,-2.123113327178,0,2,"concordant","prospectively locked direct relation"
"ECI1",1.42771356716742,0.285714285714286,1.00584704334491,0.370502290528822,0.673925893615188,4.97126626723808,0.200510447755155,0.388339852292857,-1,-1.83539173313761,0,2,"concordant","prospectively locked direct relation"
"ECI2",1.56432767708037,0.214285714285714,2.22722520364524,0.138198528202816,0.647209821870003,7.68488591492764,0.192561722889949,0.546011895580918,-1,-1.69760035099594,0,2,"concordant","prospectively locked direct relation"
"ECM1",1.80201257389202,0.285714285714286,1.13201126201264,0.23754499385996,0.819255721572117,8.49696531760054,0.780319807783916,0.742853834337802,1,7.20874244692204,1,2,"concordant","prospectively locked direct relation"
"ECSIT",1.48262564554381,0.285714285714286,3.15379318591018,0.157582776130849,0.659663345505426,7.40287180391275,0.164915836376356,0.490802710825657,-1,-3.05875278146007,0,2,"concordant","prospectively locked direct relation"
"EDF1",1.33798890995731,0.0714285714285714,0.404355000331998,0.0810859486680776,0.637294027763235,6.11717728429917,0.18961151673964,0.523225805874395,-1,-2.99709282223923,0,2,"concordant","prospectively locked direct relation"
"EDIL3",1.22311053062003,0.285714285714286,0.193076226723098,0.186686182100395,0.567926966428267,3.50389259383907,0.204218058640405,0.59839261517879,1,5.0837243253667,1,2,"concordant","prospectively locked direct relation"
"EEF1A1",1.18616516318194,0.142857142857143,1.88283839945006,0.0673288745592257,0.492481949941709,4.85971702804807,0.200494833951606,0.634307847552026,-1,-7.6430406501996,1,2,"concordant","prospectively locked direct relation"
"EEF2",1.15281951360134,0.142857142857143,1.93797782927469,0.100677828645945,0.512987847519251,6.60668371591687,0.20884301103774,0.571367838803234,-1,-3.96083552762157,0,2,"concordant","prospectively locked direct relation"
"EEF2K",0.880877067549314,0.0714285714285714,1.84876894939529,0.043644569488498,0.516666239747344,3.18273827115969,0.129166559936836,0.383483816312768,-1,-2.03376337409398,0,2,"concordant","prospectively locked direct relation"
"EFNB1",1.20449446809143,0.0714285714285714,3.95728796013554,0.0701079363753307,0.573230558658695,5.53870129830953,0.233368483226369,0.645066203213855,1,4.04007972877745,1,2,"concordant","prospectively locked direct relation"
"EFNB2",1.71792878964156,0.285714285714286,2.65830246869293,0.366907657384078,0.767339200158753,6.30169758584224,0.191834800039688,0.475543404312397,1,7.08146043997777,1,2,"concordant","prospectively locked direct relation"
"EIF2AK3",1.1354568514056,0.214285714285714,0.0575850579100282,0.150429573741989,0.559246670659757,5.49399055955057,0.139811667664939,0.46442117672162,-1,-2.20934916802285,0,2,"concordant","prospectively locked direct relation"
"EIF2B4",1.10969518795097,0.142857142857143,0.806546276733636,0.131690987139292,0.511437612360916,5.29435151036675,0.152165966057791,0.510009973360597,-1,-2.09832661796733,0,2,"concordant","prospectively locked direct relation"
"EIF2D",0.764695951456652,0.0714285714285714,1.09856874563141,0.0274721154144607,0.346856109266557,5.1037295477772,0.103198696525171,0.538637596365285,-1,-3.98861626155699,1,2,"concordant","prospectively locked direct relation"
"EIF3A",0.724827841038334,0.0714285714285714,0.695533776498644,0.0383549975890521,0.428501128222203,2.59813289755932,0.127490209082963,0.429892476079007,-1,-1.57062745470134,0,2,"concordant","prospectively locked direct relation"
"EIF3D",0.560142825262469,0.0714285714285714,1.21082953227681,0.0224688459406874,0.387145831069525,2.30419006341855,0.115185934640192,0.464690279658804,-1,-2.01623535617889,1,2,"concordant","prospectively locked direct relation"
"EIF3F",1.10281453325528,0.142857142857143,2.85348288028671,0.07636510583928,0.474179161481751,6.66739189311051,0.141080609731193,0.563074548504932,-1,-5.50551864524602,1,2,"concordant","prospectively locked direct relation"
"EIF4B",1.29396839633523,0.214285714285714,2.37111180602654,0.12721385721468,0.608397807143397,6.44033399611276,0.18101414098986,0.418487320712837,-1,-3.00226889996158,0,2,"concordant","prospectively locked direct relation"
"EIF4E3",1.42174710096193,0.214285714285714,3.09421285886042,0.158508296684383,0.651006385441877,6.5547235452489,0.162751596360469,0.445558090558386,-1,-3.27805925822359,0,2,"concordant","prospectively locked direct relation"
"EIF4EBP1",0.953504056557101,0.214285714285714,0.600821823468341,0.11885201084312,0.503314114675515,3.35717938499862,0.149749014618961,0.472024478377137,-1,-2.70263223297821,1,2,"concordant","prospectively locked direct relation"
"ELOA",1.36593890044059,0.214285714285714,1.78616832770268,0.120313170062644,0.593318436738192,6.45138103286403,0.148329609184548,0.371157723043352,-1,-1.76606407821992,0,2,"concordant","prospectively locked direct relation"
"ELOB",1.01197803382047,0.142857142857143,2.6133026485336,0.102878194167642,0.587242984642055,2.35333292741841,0.174720032138855,0.551179362690492,1,3.33946883873753,1,2,"concordant","prospectively locked direct relation"
"ELOC",1.04185221392903,0.142857142857143,0.292338381670746,0.0642863847046498,0.473401180267386,4.03995190514639,0.140849140124349,0.486454113046428,1,4.58939303314653,1,2,"concordant","prospectively locked direct relation"
"ELOVL1",1.47416939019508,0.142857142857143,1.83108799919692,0.151022736556387,0.701871010068323,7.19547941369132,0.208824845325681,0.511004268161843,1,4.19708670715022,0,2,"concordant","prospectively locked direct relation"
"ENDOD1",0.895970752433895,0.0714285714285714,1.4854693133533,0.0613027958110653,0.564763139432234,2.46742950353993,0.168031694635887,0.478589390582681,1,2.86611755205689,1,2,"concordant","prospectively locked direct relation"
"ENGASE",0.813233122201965,0.142857142857143,1.46237593340865,0.089097814694103,0.392819714384467,3.07699470028455,0.0982049285961168,0.375334034872925,-1,-3.97989261904588,1,2,"concordant","prospectively locked direct relation"
"ENO1",1.18129670207945,0.142857142857143,2.26335019580579,0.106205283342234,0.565434255844598,5.75984435985186,0.230194522356669,0.437176631762627,1,2.52259429918765,0,2,"concordant","prospectively locked direct relation"
"ENO2",1.93247191901402,0.428571428571429,0.678740239400119,0.483048631747896,0.815406350923845,2.69378994648219,0.242604556487771,0.531960173746437,1,5.98085509649988,1,2,"concordant","prospectively locked direct relation"
"ENOPH1",1.63941704282414,0.285714285714286,0.946500058092611,0.289705622083518,0.760213778686521,2.25458197213588,0.19005344467163,0.448215766464681,1,5.22541008868619,1,2,"concordant","prospectively locked direct relation"
"EPB41",1.23942409539205,0.0714285714285714,1.59605226296207,0.0622586846533132,0.579738359334261,5.07555943518236,0.236017880663153,0.598675024424062,-1,-4.66200148719962,1,2,"concordant","prospectively locked direct relation"
"EPB41L4B",1.37803316729935,0.0714285714285714,0.362796242186809,0.074150795449545,0.627210981274969,6.53091193302638,0.156802745318742,0.411495464035273,-1,-2.89333265491072,0,2,"concordant","prospectively locked direct relation"
"EPB41L5",1.46970186893051,0.142857142857143,2.49292437466901,0.141247824221681,0.671332944315565,6.95726509624461,0.167833236078891,0.415573065697157,-1,-2.73758437409236,0,2,"concordant","prospectively locked direct relation"
"EPB42",1.8564747823458,0.357142857142857,1.18176569427303,0.455439747292668,0.732954158935593,5.47536988116265,0.298393722668058,0.543023551801077,1,2.07888373910349,0,2,"concordant","prospectively locked direct relation"
"EPHA2",1.98161658666862,0.357142857142857,3.83514850776884,0.59210522770073,0.799527022476563,9.1569408274051,0.199881755619141,0.44217874514468,1,6.72730451313526,1,2,"concordant","prospectively locked direct relation"
"EPHX1",1.53635417090812,0.214285714285714,1.52300264960267,0.15009074764874,0.711869057869458,8.26022720227479,0.211799524085283,0.457124923234398,-1,-5.30119560741636,0,2,"concordant","prospectively locked direct relation"
"EPHX2",1.65277173957442,0.214285714285714,3.53178239392307,0.128919649902947,0.723241552053935,9.0915336089071,0.215183136323106,0.541320577343098,-1,-5.56976109115461,0,2,"concordant","prospectively locked direct relation"
"EPN3",1.03703500894728,0.214285714285714,1.8386809193001,0.166500485497632,0.505670559333717,2.70137028095683,0.126417639833429,0.47251256451124,-1,-1.5251809272355,0,2,"concordant","prospectively locked direct relation"
"EPS8L1",1.75230013385922,0.357142857142857,4.96550315045467,0.374891398267847,0.724678559352584,9.17540539228284,0.181169639838146,0.511964938504357,1,6.35363716612802,1,2,"concordant","prospectively locked direct relation"
"ERH",1.48313067334219,0.285714285714286,1.0591087816478,0.213498164572221,0.67148526850141,3.65651608829674,0.167871317125353,0.408650419135332,1,5.85475214109392,1,2,"concordant","prospectively locked direct relation"
"ERICH5",1.06267910516452,0.142857142857143,0.970776536549985,0.110858596330798,0.563370305522117,3.62060228200421,0.140842576380529,0.39857023358403,-1,-2.75070213202407,1,2,"concordant","prospectively locked direct relation"
"ERN1",1.53921192813246,0.214285714285714,2.80094996325755,0.239045056871203,0.683621555678076,7.1874708886182,0.170905388919519,0.270691622869637,-1,-3.62922478805395,0,2,"concordant","prospectively locked direct relation"
"ERN2",1.60805738266186,0.214285714285714,1.57494524006336,0.257846931598898,0.728232454061829,6.28755250452712,0.182058113515457,0.468942068587029,1,6.57238283015584,1,2,"concordant","prospectively locked direct relation"
"ERO1A",1.97837058148365,0.285714285714286,7.40238489998457,0.405040833312498,0.79502920905997,8.3284303180052,0.198757302264992,0.559901637725161,1,5.57522231911647,1,2,"concordant","prospectively locked direct relation"
"ERP27",1.77480631908045,0.357142857142857,1.22502995649229,0.481834724755328,0.786423074823956,5.89743483258949,0.196605768705989,0.334894879850846,-1,-4.70594405636491,1,2,"concordant","prospectively locked direct relation"
"ERP44",1.02026195938698,0.214285714285714,1.6252059121848,0.125636660065503,0.479429518231579,4.73593973195323,0.142642727157985,0.472917901770385,-1,-1.98874212153046,0,2,"concordant","prospectively locked direct relation"
"ESYT2",0.69513252412581,0.0714285714285714,1.09694427804624,0.032653729926456,0.313125634376633,3.09359973061809,0.0931630046379048,0.503846963868028,1,3.44699264084271,1,2,"concordant","prospectively locked direct relation"
"ETFA",0.958661749157895,0.0714285714285714,1.07494109726107,0.054128601166577,0.525679084519133,2.30074830099949,0.156403173718441,0.504387060783444,-1,-1.59690728452306,0,2,"concordant","prospectively locked direct relation"
"ETFDH",2.04410287655487,0.285714285714286,2.98848689746831,0.167869819874569,0.802247357955526,9.38308728511129,0.238689414486133,0.465695857649097,-1,-1.84397679647622,0,2,"concordant","prospectively locked direct relation"
"EVPL",1.23061555734994,0.285714285714286,3.52526543257618,0.307917275507172,0.60045754387653,3.57036233821887,0.178651706547117,0.58481104609378,1,3.08220344602834,1,2,"concordant","prospectively locked direct relation"
"EZR",1.63392404136877,0.357142857142857,4.80271747078649,0.473975507195299,0.750177704758325,5.45013544036714,0.305405618150106,0.629407582527532,1,3.21945942949245,1,2,"concordant","prospectively locked direct relation"
"F3",1.65682302033476,0.285714285714286,1.78968302192399,0.320773838132114,0.746551491403065,3.2857405132184,0.186637872850766,0.463702166799117,1,2.34382955112154,1,2,"concordant","prospectively locked direct relation"
"FAAH",1.01299813888461,0.0714285714285714,1.69495715510003,0.0605096910405498,0.523713818971835,4.0769969073909,0.130928454742959,0.460017023260489,-1,-2.02099106809584,0,2,"concordant","prospectively locked direct relation"
"FABP1",3.13907501025755,0.642857142857143,5.72565253349727,1.8986318294094,0.96709780340903,8.23008584834262,0.241774450852258,0.52828682522795,-1,-4.27532196327476,0,2,"concordant","prospectively locked direct relation"
"FABP4",1.62494742858784,0.428571428571429,3.26329049488995,0.763144972015399,0.801570087157959,2.40461509072309,0.288232636835523,0.522297960857315,-1,-3.79770733357012,1,2,"concordant","prospectively locked direct relation"
"FABP6",1.66753876250763,0.357142857142857,2.09603896768026,0.389429331212027,0.737222220256282,5.99523146824795,0.18430555506407,0.542477619671837,1,7.10797861885973,1,2,"concordant","prospectively locked direct relation"
"FAHD1",0.893982487955392,0.0714285714285714,0.564560333932736,0.0416261919021683,0.509092167155928,1.95355748688993,0.127273041788982,0.46041862560416,-1,-0.56330710541535,0,2,"concordant","prospectively locked direct relation"
"FAHD2A",1.40830317641075,0.214285714285714,3.27315795110489,0.173201830648573,0.644636138465267,8.38868317947732,0.191795985266936,0.444222714952193,-1,-4.92593282002129,0,2,"concordant","prospectively locked direct relation"
"FAM13A",1.5690718597842,0.285714285714286,2.49969307405545,0.317417134471236,0.752708629792778,5.36702190872132,0.188177157448195,0.530440595389852,-1,-3.90290705867341,0,2,"concordant","prospectively locked direct relation"
"FAM162A",1.05087095328801,0.142857142857143,0.0388373652005016,0.118721915052562,0.540287394599135,4.15711453908206,0.160749525183547,0.309395324815871,-1,-1.27368173026612,0,2,"concordant","prospectively locked direct relation"
"FAM171A1",1.35493116676946,0.214285714285714,2.03251738596762,0.204894887731042,0.671626392325931,5.84914605485758,0.167906598081483,0.422331183027192,-1,-5.91952756173901,1,2,"concordant","prospectively locked direct relation"
"FAM177A1",1.1175476532936,0.142857142857143,2.1665560759489,0.105813044966348,0.553945580572167,4.31890792698623,0.225517355931904,0.516804491858495,1,4.70317608025741,1,2,"concordant","prospectively locked direct relation"
"FAM210A",0.804202562269711,0.0714285714285714,1.06624635655596,0.0406845693301742,0.583382687284506,0.687629354713728,0.145845671821127,0.329718891861162,1,0.785911297880768,1,2,"concordant","prospectively locked direct relation"
"FAM221A",1.09982180725635,0.214285714285714,0.42389612753855,0.153504573293025,0.565632882448302,3.63317888907883,0.141408220612075,0.475094566735381,-1,-2.26784980680651,0,2,"concordant","prospectively locked direct relation"
"FAM234A",1.04938934548258,0.0714285714285714,0.17747766699141,0.0589907011928406,0.531354799156487,4.19759055611568,0.158091846158613,0.307398303768908,-1,-2.46835238544686,0,2,"concordant","prospectively locked direct relation"
"FAM3B",1.15815207637457,0.142857142857143,2.26761464610131,0.124202228124711,0.545115053065887,5.4197014388111,0.136278763266472,0.432396695878315,-1,-2.80066512675814,0,2,"concordant","prospectively locked direct relation"
"FAM83H",0.831834070097506,0.142857142857143,2.66954666358161,0.0992879338672622,0.474768366937203,2.44523714176572,0.118692091734301,0.458134720743556,1,3.4424961572496,1,2,"concordant","prospectively locked direct relation"
"FAM91A1",1.27568667019972,0.142857142857143,1.21354041057829,0.158539960021224,0.712474581202232,3.36715145234962,0.21197968299553,0.521742971516028,1,3.20277506311335,1,2,"concordant","prospectively locked direct relation"
"FAM98B",1.53305819206309,0.214285714285714,2.26169521991304,0.192916252614308,0.720651348817054,6.69111961262636,0.214412483621193,0.493976254224969,-1,-2.61732850546149,0,2,"concordant","prospectively locked direct relation"
"FAP",0.900772878721293,0.0714285714285714,1.18186130663629,0.0469931501133114,0.471449867961779,3.08991988925483,0.140268574059424,0.4365728862752,1,2.3602596577327,1,2,"concordant","prospectively locked direct relation"
"FAT1",0.974098858695133,0.142857142857143,2.7266453267969,0.0931637166009549,0.529190247187097,3.29066805998965,0.157447835758235,0.435840361244762,1,3.43063851441067,1,2,"concordant","prospectively locked direct relation"
"FBXO2",1.19304545477286,0.0714285714285714,0.721252804189913,0.0701160308920222,0.638604548482909,5.14434821726178,0.159651137120727,0.446465212366725,-1,-2.84894746290314,0,2,"concordant","prospectively locked direct relation"
"FCGR3A",1.38524756836648,0.357142857142857,1.50511731513771,0.402937653537497,0.689720520141372,3.24838994974197,0.280792831443117,0.457553009870979,-1,-0.180617581749063,0,2,"concordant","prospectively locked direct relation"
"FEN1",1.55256107554665,0.214285714285714,0.649431961205213,0.300960123150277,0.754070840145417,3.99765608956888,0.188517710036354,0.395640845986776,1,4.41613944415587,1,2,"concordant","prospectively locked direct relation"
"FERMT1",1.66446517150399,0.214285714285714,1.20749104751344,0.232866663000332,0.742619555437638,7.90785625092195,0.220948595362265,0.640907284397659,1,7.07338397856821,1,2,"concordant","prospectively locked direct relation"
"FGB",1.7371086641686,0.214285714285714,0.041357956456201,0.345734155071813,0.828823343897535,0.698695492361713,0.581694137365133,0.491231990753088,1,2.84238758139499,1,2,"concordant","prospectively locked direct relation"
"FGD6",1.48835019938253,0.214285714285714,5.0204460938006,0.182878011720108,0.670781994506364,7.70564593135614,0.167695498626591,0.510745169955886,1,4.77631215717461,0,2,"concordant","prospectively locked direct relation"
"FGF1",1.48169006025768,0.285714285714286,1.78795471008512,0.174111152304267,0.697570664830578,1.72579711454519,0.174392666207645,0.484525307931267,1,4.12697442922217,1,2,"concordant","prospectively locked direct relation"
"FGFR1",1.70924925132255,0.214285714285714,2.51179941273714,0.292003268710024,0.738181299629861,7.33821656881722,0.184545324907465,0.340475389369456,-1,-3.13497520305744,0,2,"concordant","prospectively locked direct relation"
"FGL1",1.90475105127831,0.642857142857143,1.00121372851574,1.44762549533237,0.854372488885547,4.0572600776944,0.254197994051177,0.21382873475201,-1,-1.90180668814285,0,2,"concordant","prospectively locked direct relation"
"FHL2",1.3544210762415,0.0714285714285714,1.72521360564942,0.0830647616921072,0.642597888711348,5.26368833766646,0.191189553054333,0.629331341000651,1,4.7846131845632,1,2,"concordant","prospectively locked direct relation"
"FKBP11",1.72415540853834,0.428571428571429,2.02287356016412,0.396768602067081,0.744622695101184,7.23357689815019,0.221544581411561,0.439166691860383,-1,-1.87863431374535,0,2,"concordant","prospectively locked direct relation"
"FKBP9",0.973832713861451,0.0714285714285714,1.42708460279607,0.0553197046479096,0.467050312827685,3.50787919701467,0.116762578206921,0.45257150663743,1,4.01029933001462,1,2,"concordant","prospectively locked direct relation"
"FLAD1",0.557155513050286,0.0714285714285714,0.867835095566678,0.0140956568209756,0.269308385699769,2.79567119302979,0.0801262357070261,0.504902072595357,1,2.98767608011492,1,2,"concordant","prospectively locked direct relation"
"FLNB",1.68134867638987,0.214285714285714,0.914722841333157,0.341698904652651,0.799622825598868,5.83245298902449,0.237908547979938,0.500612454744835,1,4.06139994345725,1,2,"concordant","prospectively locked direct relation"
"FLRT2",1.35426806787995,0.285714285714286,1.70349836116696,0.410571229637978,0.668647049619595,5.2707191526117,0.167161762404899,0.350923972012818,-1,-5.02062082684248,1,2,"concordant","prospectively locked direct relation"
"FMO5",1.35244597631265,0.214285714285714,1.9564785087679,0.260793371665797,0.627569834205036,4.60291065235671,0.186718316726278,0.500994782643492,-1,-2.38132876783173,0,2,"concordant","prospectively locked direct relation"
"FN1",1.62874127425897,0.285714285714286,1.08946399411908,0.366703778482604,0.768460644921601,5.21753450855039,0.768460644921601,0.595108088573177,1,2.5663711100016,0,2,"concordant","prospectively locked direct relation"
"FN3K",1.95351457077674,0.357142857142857,3.28176470251919,0.401657627281703,0.803485154569337,8.45947504901626,0.239057691110635,0.53500549687171,-1,-2.44371096304058,0,2,"concordant","prospectively locked direct relation"
"FOXJ3",0.88929880925719,0.0714285714285714,1.83460299361635,0.0511084347607538,0.45864109675435,3.73836752308887,0.114660274188587,0.447942192519941,-1,-2.16060316882461,0,2,"concordant","prospectively locked direct relation"
"FOXO3",1.24681972222314,0.0714285714285714,1.46801124988404,0.0584058716660134,0.608300272619376,5.55939726782525,0.152075068154844,0.400755936795617,-1,-4.9589461437693,1,2,"concordant","prospectively locked direct relation"
"FRAS1",0.894468556962858,0.142857142857143,0.822811938478398,0.100423699407834,0.525933876334207,3.2642976950027,0.131483469083552,0.288555287999426,-1,-2.09588903151557,1,2,"concordant","prospectively locked direct relation"
"FRMD4A",1.25016795171261,0.214285714285714,2.65402869933009,0.140114587503219,0.631547251838495,6.21665802393249,0.157886812959624,0.26288849927885,-1,-5.19447329426624,1,2,"concordant","prospectively locked direct relation"
"FSCN1",1.3790360704885,0.214285714285714,0.87831469837805,0.227108627189611,0.682584528490328,5.55379458345003,0.203086616399529,0.554393993045618,1,3.64008136552065,0,2,"concordant","prospectively locked direct relation"
"FUS",0.891838635020346,0.214285714285714,2.39351191351194,0.0529760170557428,0.449095158726135,4.52533163304001,0.133617467757171,0.334269287676272,-1,-2.61833179891399,1,2,"concordant","prospectively locked direct relation"
"FUT11",0.707554619371493,0.0714285714285714,0.27048661604469,0.0319406573469589,0.355363239260236,3.96603963408704,0.088840809815059,0.409493585317087,1,3.0538573679953,1,2,"concordant","prospectively locked direct relation"
"FUT3",0.902654264669839,0.214285714285714,1.38067559928193,0.156541431877887,0.464435262055828,3.04649461563639,0.116108815513957,0.443237831043278,1,2.540881211632,1,2,"concordant","prospectively locked direct relation"
"FXN",1.6274935507485,0.285714285714286,3.31341332803775,0.285196215626115,0.700712532702052,7.56276206259912,0.208480168236366,0.51817355756598,-1,-2.40879934721427,0,2,"concordant","prospectively locked direct relation"
"FYCO1",0.959088720730554,0.0714285714285714,2.39642431282345,0.0579564129000316,0.513755192109272,4.60879483686586,0.15285550619485,0.543973215906418,-1,-3.16250058223004,1,2,"concordant","prospectively locked direct relation"
"FZD1",0.977311234771811,0.0714285714285714,2.06435624837569,0.0596821755533656,0.553007299812223,2.40329594503735,0.138251824953056,0.338361432745928,1,1.8383290658418,0,2,"concordant","prospectively locked direct relation"
"FZD6",1.00490219491888,0.142857142857143,2.4933353616494,0.111643614967425,0.64341393885445,1.65240321146189,0.160853484713613,0.410938604639623,1,1.81485876458064,1,2,"concordant","prospectively locked direct relation"
"GALK2",1.02036446525547,0.142857142857143,0.409492299152912,0.0703745811294178,0.466881085749781,3.85278302862402,0.116720271437445,0.480807944024603,1,0.48768859980942,0,2,"concordant","prospectively locked direct relation"
"GALM",0.914535242369516,0.142857142857143,0.590282097418255,0.0666578268181728,0.399651022879306,3.58127056772125,0.0999127557198265,0.280093723471501,-1,-3.74833393452012,1,2,"concordant","prospectively locked direct relation"
"GALNT10",1.30131222810158,0.214285714285714,0.394692074722472,0.170024316660217,0.662062492225751,5.07771978054655,0.196980777880424,0.555848763914714,1,3.47997157607027,1,2,"concordant","prospectively locked direct relation"
"GALNT5",1.76334716210124,0.357142857142857,3.14949737090212,0.555358369282461,0.763602066818217,9.2961928811696,0.190900516704554,0.501330729922355,1,7.46541164031917,1,2,"concordant","prospectively locked direct relation"
"GAMT",1.63014677047637,0.214285714285714,1.71270963808581,0.291438110780873,0.737838634648756,8.04398562015568,0.184459658662189,0.351637633244674,-1,-4.16633618504367,0,2,"concordant","prospectively locked direct relation"
"GAN",1.77669521250776,0.285714285714286,4.56148402841871,0.437185203048385,0.81717381924152,7.209613322531,0.243130424193891,0.362098886831696,1,5.96292498156992,1,2,"concordant","prospectively locked direct relation"
"GAS2",1.59207180113361,0.357142857142857,1.80294043847208,0.450897661954146,0.715627987719205,6.05989353372627,0.178906996929801,0.418143804550991,-1,-2.17559659613273,0,2,"concordant","prospectively locked direct relation"
"GATM",1.69835429468844,0.285714285714286,0.920646274952993,0.411128573768498,0.757776216687126,5.004864348936,0.225458095534911,0.437252084323024,-1,-4.58001156399102,1,2,"concordant","prospectively locked direct relation"
"GBA2",1.2910627600283,0.142857142857143,1.04868281760001,0.177095692444177,0.622950833056356,5.47990907066638,0.185344043980153,0.545795726087421,-1,-2.60037297777921,0,2,"concordant","prospectively locked direct relation"
"GBP4",0.921979338706517,0.214285714285714,0.73210414601082,0.133900559304965,0.511404413070067,3.09435007085003,0.152156088406945,0.452418645370445,1,1.19477211478993,0,2,"concordant","prospectively locked direct relation"
"GCAT",1.55219494528676,0.214285714285714,0.567100311673267,0.230498898507763,0.712306735154892,7.5869012689042,0.178076683788723,0.404636264913209,-1,-3.68602520822411,0,2,"concordant","prospectively locked direct relation"
"GCNT3",1.3588065268254,0.285714285714286,2.75140505925093,0.34713761907733,0.649656116919744,4.49903688431507,0.162414029229936,0.498128897457417,1,3.4035917652502,1,2,"concordant","prospectively locked direct relation"
"GFUS",1.08711129445464,0.142857142857143,1.59839101999028,0.119372218914971,0.605341877063472,3.31467511785461,0.180104922462364,0.511489230251751,1,3.75328513298676,1,2,"concordant","prospectively locked direct relation"
"GGA2",1.34699113669836,0.285714285714286,3.3985058943979,0.249097192450586,0.611685387596096,6.24848778510666,0.152921346899024,0.404011058639515,-1,-5.32856131513043,1,2,"concordant","prospectively locked direct relation"
"GGACT",1.42191078589188,0.214285714285714,1.11752001600773,0.250287800008095,0.645939913035966,4.80855350448247,0.161484978258992,0.377369579158478,-1,-1.61686881505302,0,2,"concordant","prospectively locked direct relation"
"GGH",1.04008673000724,0.142857142857143,0.808825986974068,0.149561515257572,0.627955024727284,2.41758599716156,0.442883971236498,0.497360964809471,1,3.20431492302366,1,2,"concordant","prospectively locked direct relation"
"GGPS1",1.39004998855039,0.142857142857143,1.44766928449343,0.0815670048888994,0.58260439400064,3.27120229902439,0.14565109850016,0.504687734640205,1,8.4710106091707,1,2,"concordant","prospectively locked direct relation"
"GGT1",1.50701659238077,0.142857142857143,1.04678151778863,0.0934948177537786,0.62519879833085,5.37236711474404,0.25452532681233,0.603302248024733,1,0.572785264757838,0,2,"concordant","prospectively locked direct relation"
"GGT7",1.14697081440381,0.142857142857143,2.77558427732999,0.132687015197212,0.588652892728929,4.70417221824324,0.147163223182232,0.448522386190513,-1,-2.59554551957205,0,2,"concordant","prospectively locked direct relation"
"GHRL",1.82292073499109,0.357142857142857,5.88882673789903,0.549305472678405,0.772579347878006,7.54230847092527,0.193144836969502,0.443099645837829,-1,-3.86013184692188,0,2,"concordant","prospectively locked direct relation"
"GIGYF2",0.805831834230281,0.0714285714285714,1.4042852909263,0.0375425252269172,0.354394346120405,4.38379290497429,0.10544151767386,0.466808508250673,-1,-2.00606435758474,0,2,"concordant","prospectively locked direct relation"
"GIPC1",1.58935667851957,0.214285714285714,3.27574361541685,0.254741441798235,0.733190014936983,7.39982182538759,0.218143062282405,0.590467072817175,1,6.23848631598767,1,2,"concordant","prospectively locked direct relation"
"GIPC2",1.31224381882433,0.214285714285714,0.44287755595123,0.23522568634277,0.596809541848575,4.40337316306077,0.149202385462144,0.435750090247899,-1,-4.8600418235985,1,2,"concordant","prospectively locked direct relation"
"GNA11",1.77448599646145,0.285714285714286,2.36266175700822,0.266768496792349,0.750428535416507,6.65965711204763,0.187607133854127,0.479412077494311,-1,-0.728206316647682,0,2,"concordant","prospectively locked direct relation"
"GNG7",1.65637579340438,0.214285714285714,5.1067699048062,0.176672830793914,0.744548600840077,7.71814597171219,0.221522536445473,0.454226566725588,-1,-4.95237594726242,1,2,"concordant","prospectively locked direct relation"
"GNMT",2.01607097387298,0.428571428571429,1.43442807670977,0.698839422522803,0.859406853830101,7.61990916519822,0.214851713457525,0.262355245829968,-1,-4.65191992860162,0,2,"concordant","prospectively locked direct relation"
"GOLGA4",0.922020869490561,0.142857142857143,0.82450025487391,0.0874295677885994,0.430785733241104,3.71845802812112,0.107696433310276,0.274080507810643,-1,-0.903984203246971,0,2,"concordant","prospectively locked direct relation"
"GP2",1.56546729448784,0.214285714285714,0.227254889581584,0.286524528958058,0.741246124757609,4.16484781892265,0.185311531189402,0.240562046237107,-1,-3.35784748742937,1,2,"concordant","prospectively locked direct relation"
"GPC6",0.912034640556939,0.0714285714285714,1.00025719007673,0.050478486945866,0.472032147843349,0.43518438066124,0.118008036960837,0.492863177661197,1,2.40016983753285,1,2,"concordant","prospectively locked direct relation"
"GPD1",1.6136416205249,0.142857142857143,4.37604835154996,0.185628424423369,0.72730468416906,7.24129880623053,0.181826171042265,0.502056691136218,-1,-3.96767087335289,0,2,"concordant","prospectively locked direct relation"
"GPD1L",1.27774202890054,0.142857142857143,3.06623125456778,0.167036181044423,0.633348251116221,4.04186991069394,0.188437545758957,0.573927861823091,-1,-1.62510374876689,0,2,"concordant","prospectively locked direct relation"
"GPD2",1.15618963090524,0.285714285714286,2.13368445432319,0.205169406004866,0.594414723753668,4.10491180569974,0.176853810695335,0.416149475304728,1,4.05091753928494,1,2,"concordant","prospectively locked direct relation"
"GPHN",1.5603286957547,0.285714285714286,3.34921909693766,0.203774349522917,0.670459082307025,7.77724290994075,0.199478981396216,0.543784280543563,-1,-3.09162510051334,0,2,"concordant","prospectively locked direct relation"
"GPR108",0.90545006084142,0.0714285714285714,1.15008185985943,0.0468721025577823,0.45965631914813,4.27454984369355,0.114914079787032,0.323707654870243,-1,-2.53318319466898,0,2,"concordant","prospectively locked direct relation"
"GPRC5A",2.42025765092789,0.5,9.05577491749048,0.953191645532189,0.868849015407704,9.10661164922201,0.217212253851926,0.587758418129879,1,6.45383866186359,1,2,"concordant","prospectively locked direct relation"
"GPT",1.51081365284247,0.214285714285714,0.541544707516674,0.234762173238193,0.6825503129747,5.79873255825584,0.203076436395431,0.478863019452187,-1,-3.39497061437844,0,2,"concordant","prospectively locked direct relation"
"GPT2",1.4969369613367,0.285714285714286,0.892301498224682,0.386501096120199,0.706018028655454,5.97850226154058,0.176504507163863,0.41171876983461,-1,-2.87418787611843,0,2,"concordant","prospectively locked direct relation"
"GPX2",1.86447591734668,0.214285714285714,0.305912175280592,0.320570861739778,0.821651732518356,7.30007082721803,0.205412933129589,0.540854486959178,1,5.79719450829601,1,2,"concordant","prospectively locked direct relation"
"GPX8",0.925436605065114,0.142857142857143,0.898255603853495,0.0690014009008607,0.431265328258103,3.98863355505767,0.107816332064526,0.356036976651781,1,1.86943171444841,0,2,"concordant","prospectively locked direct relation"
"GRB10",0.90474301918394,0.0714285714285714,1.89062296448096,0.0366701291293944,0.42565214390172,5.8155533659594,0.126642562290995,0.420126312643333,-1,-4.79456767078493,1,2,"concordant","prospectively locked direct relation"
"GREM1",1.38795076931157,0.285714285714286,1.42588012775744,0.347636505427507,0.712678961301303,3.02420271643096,0.178169740325326,0.414218250515241,1,2.28736898502208,0,2,"concordant","prospectively locked direct relation"
"GRHPR",1.06472800519792,0.214285714285714,2.31721097028542,0.109309170508095,0.513532464850392,6.00469851473674,0.152789239053569,0.356811742013103,-1,-3.42391088478376,0,2,"concordant","prospectively locked direct relation"
"GRK5",0.711900245810942,0.0714285714285714,0.486524594063876,0.0446973179548482,0.416017456060565,2.33135871760352,0.123775992551928,0.428315673248764,-1,-2.0065997971712,1,2,"concordant","prospectively locked direct relation"
"GSR",0.759021972540698,0.0714285714285714,0.906025410707361,0.0332352803622091,0.415097929910912,3.53582186040697,0.123502409652478,0.521466522719475,-1,-2.25634238852272,0,2,"concordant","prospectively locked direct relation"
"GSTA2",1.18098060834656,0.142857142857143,0.0653981461453494,0.104258711408212,0.544545198199795,4.86137819078708,0.136136299549949,0.36578565205365,-1,-4.50055884857817,1,2,"concordant","prospectively locked direct relation"
"GSTM4",1.58069665509442,0.214285714285714,2.55647070560705,0.234074012293589,0.694160160077514,7.53064976139374,0.173540040019378,0.283018627695237,-1,-4.1306732837036,0,2,"concordant","prospectively locked direct relation"
"GSTM5",1.10223811555754,0.142857142857143,2.11726148451763,0.0921042016200482,0.565413304472966,4.32476005182023,0.141353326118242,0.41134085950733,-1,-2.35106925854702,0,2,"concordant","prospectively locked direct relation"
"GTF2A2",1.72750790479417,0.357142857142857,0.967209241128874,0.543580519068594,0.760179341261473,2.42454567639964,0.190044835315368,0.513680044757563,1,4.85175465577162,1,2,"concordant","prospectively locked direct relation"
"GTF2E2",1.08510967277639,0.214285714285714,0.867949453837983,0.155488243792025,0.571938840859498,2.25207122182878,0.142984710214874,0.415050731850234,-1,-2.51884451070517,0,2,"concordant","prospectively locked direct relation"
"GTPBP6",1.47068674707872,0.3,3.26206415103799,0.343284164929663,0.624992308833186,5.9832170844336,0.156248077208296,0.430512664599769,-1,-3.63554950258329,1,2,"concordant","prospectively locked direct relation"
"H1-1",1.06203814872221,0.214285714285714,1.27431904742163,0.139252890082591,0.629190788671695,3.13010620172294,0.157297697167924,0.248253560447676,1,2.24458485230426,0,2,"concordant","prospectively locked direct relation"
"HAAO",1.47760314090824,0.214285714285714,1.96747523415806,0.199550848509911,0.712789175593711,7.77772786926414,0.178197293898428,0.399110986841872,-1,-7.34559866799451,1,2,"concordant","prospectively locked direct relation"
"HACL1",1.70631958256309,0.214285714285714,3.93002491636769,0.18033523735438,0.735921807642032,8.03292308109516,0.183980451910508,0.356589180001129,-1,-3.93742599764601,0,2,"concordant","prospectively locked direct relation"
"HADHA",1.2083915254911,0.0714285714285714,2.36157016900385,0.0551311840064583,0.559101290970498,7.01189772424474,0.166347147742912,0.462306730252101,-1,-5.28123059241605,1,2,"concordant","prospectively locked direct relation"
"HADHB",0.997723643939905,0.142857142857143,1.79571995863194,0.0606663508441071,0.468409345322156,6.03384174250107,0.139363939645378,0.384694114265953,-1,-4.97134929604981,1,2,"concordant","prospectively locked direct relation"
"HAPLN1",1.32327311615638,0.214285714285714,1.5875881288502,0.213702986768513,0.739587750377781,0.241017708545708,0.184896937594445,0.297385601925962,1,2.61802059229685,1,2,"concordant","prospectively locked direct relation"
"HBB",2.29699638920665,0.571428571428571,3.32269675552024,1.47655105836197,0.886140669532373,5.07791112038667,0.886140669532373,0.64280675633577,-1,-4.75015309124583,1,2,"concordant","prospectively locked direct relation"
"HBQ1",1.09561045095704,0.142857142857143,1.6019712937986,0.139773787628309,0.596033630172409,4.25200237934385,0.149008407543102,0.274027716548911,-1,-2.69178050820591,1,2,"concordant","prospectively locked direct relation"
"HBS1L",0.805252794612599,0.0714285714285714,2.12816230038924,0.0308495978820207,0.400026235053904,4.58272344150152,0.119018189187233,0.532087743921434,-1,-2.9572513273363,0,2,"concordant","prospectively locked direct relation"
"HDAC1",1.19149441840781,0.0714285714285714,1.45864635991527,0.0663792280345878,0.663442775882462,4.43633057260942,0.165860693970615,0.454608070824262,1,3.56587903351206,1,2,"concordant","prospectively locked direct relation"
"HDDC3",1.59940891701393,0.214285714285714,0.287709420571002,0.195119693332906,0.679050328460597,5.3966372683721,0.169762582115149,0.334960436885784,1,1.02634121489912,0,2,"concordant","prospectively locked direct relation"
"HDLBP",1.00427514168734,0.142857142857143,0.558673010194112,0.0994659852718779,0.468049691420114,3.28402552478581,0.139256933273285,0.506159711270041,-1,-1.9072873412948,0,2,"concordant","prospectively locked direct relation"
"HEATR5B",1.12263044424827,0.142857142857143,3.5016480793925,0.0977657800309056,0.513163180556742,6.18639718633949,0.152679367389977,0.327979370203182,-1,-5.22535748581855,1,2,"concordant","prospectively locked direct relation"
"HEBP1",1.57729105048652,0.142857142857143,1.01185553196868,0.184892755720808,0.712150475988359,7.04398614717295,0.211883253280973,0.388014541702137,-1,-6.58379996302215,1,2,"concordant","prospectively locked direct relation"
"HECTD3",1.22133500060253,0.142857142857143,0.542512887516672,0.102317412654961,0.557310660868127,4.78447654351607,0.16581438880459,0.530424688491883,-1,-5.32889889478438,1,2,"concordant","prospectively locked direct relation"
"HELZ",1.60330973215749,0.285714285714286,2.42358770178519,0.335639095622241,0.750582249910971,8.05970726790454,0.187645562477743,0.452628648018817,-1,-5.3029785899663,1,2,"concordant","prospectively locked direct relation"
"HERPUD1",1.05400161643978,0.0714285714285714,1.14207097550706,0.0507715895282543,0.506858511193505,6.14584673369357,0.126714627798376,0.389354740270444,-1,-3.81255115833552,0,2,"concordant","prospectively locked direct relation"
"HEXD",1.45627625762843,0.214285714285714,3.79373834689849,0.194512592911532,0.708856162570286,5.97865485219735,0.177214040642572,0.399017328638956,-1,-3.38140744837043,1,2,"concordant","prospectively locked direct relation"
"HIBCH",1.02810074472106,0.214285714285714,0.144445536142078,0.172863447222977,0.592904657179701,3.25266008444172,0.176404526689846,0.293228786901477,-1,-2.00201053428745,0,2,"concordant","prospectively locked direct relation"
"HID1",1.32876021622837,0.285714285714286,0.305433130692687,0.255202187001919,0.626980880519348,5.65459420540656,0.156745220129837,0.480976843931036,-1,-1.62148179703057,0,2,"concordant","prospectively locked direct relation"
"HIP1R",1.18676612506363,0.214285714285714,2.85513009447114,0.0846573252843509,0.588042332607701,6.6829892714695,0.147010583151925,0.415384015449098,-1,-4.09891500902048,0,2,"concordant","prospectively locked direct relation"
"HK1",1.45331406048137,0.142857142857143,0.0943150671358691,0.133560292304223,0.672030798483176,6.28070660695287,0.199946607758713,0.530342350779532,1,3.34492175453247,0,2,"concordant","prospectively locked direct relation"
"HK2",1.52186857207254,0.142857142857143,4.41651958482284,0.179820876360178,0.697174382096482,7.8252445380074,0.17429359552412,0.473572128376955,1,4.72881847359519,0,2,"concordant","prospectively locked direct relation"
"HLA-A",0.964658241295253,0.0714285714285714,0.22857838022108,0.068350476374966,0.547109596324493,1.86239168537453,0.222734351343014,0.42512626349858,1,2.46667292205179,1,2,"concordant","prospectively locked direct relation"
"HLA-B",0.773809639701871,0.0714285714285714,0.696887977687696,0.0429189594254628,0.40093298898685,2.34733252282211,0.163224242151726,0.342168256533413,1,0.940549332871596,0,2,"concordant","prospectively locked direct relation"
"HM13",1.07698101481658,0.0714285714285714,0.241400945884274,0.0650965847779536,0.565188269967387,3.9772638865419,0.168158182006035,0.524695428541898,-1,-1.31222517607293,0,2,"concordant","prospectively locked direct relation"
"HMGA1",1.0802066627752,0.142857142857143,2.70813111058284,0.1030278942202,0.518141695423915,4.74918398522149,0.154160604799951,0.593430207596424,1,4.25233731557621,1,2,"concordant","prospectively locked direct relation"
"HMGA2",2.14200138638755,0.428571428571429,5.10298113433357,0.546262987080621,0.827876390665654,7.2109463815796,0.206969097666413,0.560629418211323,1,6.13773369278575,1,2,"concordant","prospectively locked direct relation"
"HMGB1",1.23374661754732,0.214285714285714,0.980536321536057,0.224376534508081,0.682571154992577,1.89218525388746,0.203082637436786,0.488229509598478,1,2.14228135640093,1,2,"concordant","prospectively locked direct relation"
"HMGCS2",1.71873315601081,0.5,0.34377550502339,0.883717789056061,0.805307625037955,1.36817250765525,0.239599923384458,0.434848238263987,1,0.261765739650826,0,2,"concordant","prospectively locked direct relation"
"HNF4A",1.03338288238348,0.142857142857143,0.247381137971336,0.105587259097749,0.496170193229136,4.18980532143564,0.124042548307284,0.392341102855079,-1,-1.14243399444749,0,2,"concordant","prospectively locked direct relation"
"HNRNPD",0.977435808775036,0.142857142857143,0.97434876977301,0.0690915420102422,0.492657540996755,4.53629288172638,0.146578407316129,0.483645042252415,-1,-2.34678143406714,0,2,"concordant","prospectively locked direct relation"
"HNRNPF",1.15594692248171,0.214285714285714,2.43183222513924,0.171497597460415,0.593234902793882,5.09956617998369,0.176502783332892,0.27213780414427,1,2.78653079912115,0,2,"concordant","prospectively locked direct relation"
"HOGA1",1.28652756080107,0.142857142857143,0.663089820296807,0.109027000485019,0.655126598382551,5.96894957028066,0.163781649595638,0.445764577847826,-1,-3.80269040516848,1,2,"concordant","prospectively locked direct relation"
"HOMER2",1.43070286915289,0.214285714285714,1.80591113556173,0.231403448423524,0.692519682894604,6.36857347804121,0.173129920723651,0.37416017162428,-1,-5.24191689238789,1,2,"concordant","prospectively locked direct relation"
"HOOK1",1.49404814349361,0.285714285714286,1.27970838189747,0.233037173870379,0.680234803332293,5.27738062166286,0.170058700833073,0.431492692957254,-1,-1.03203190956029,0,2,"concordant","prospectively locked direct relation"
"HOOK2",1.24190911473988,0.142857142857143,1.05460045252789,0.0879829601707031,0.547523088167795,5.6685364525248,0.136880772041949,0.456921467608022,-1,-1.27136233298804,0,2,"concordant","prospectively locked direct relation"
"HSD17B8",0.842719808532707,0.0714285714285714,1.47958189292931,0.0484439096973413,0.394768926895605,4.94869732532419,0.11745400353597,0.488066779679061,-1,-2.65609240987001,0,2,"concordant","prospectively locked direct relation"
"HSDL2",1.24751825575858,0.0714285714285714,2.87741607755084,0.0691514890327556,0.569079889893711,6.3038008380448,0.169316039956461,0.579456731997149,-1,-3.45105603408108,0,2,"concordant","prospectively locked direct relation"
"HSP90AA1",0.883530371577711,0.0714285714285714,2.44355924601472,0.0403456358031303,0.5195209182612,2.23158827788346,0.211502696197279,0.56478193598454,1,2.77271500077561,1,2,"concordant","prospectively locked direct relation"
"HSP90AB1",1.05503990557859,0.142857142857143,0.263249181194699,0.120478975388648,0.567081598935261,1.18652442945584,0.230865173899254,0.573637448827615,1,2.79004096099446,1,2,"concordant","prospectively locked direct relation"
"IBA57",0.858197803465056,0.0714285714285714,1.88207495245198,0.0349576087125113,0.402133930869159,5.73475603224517,0.119645283405829,0.545905591611396,-1,-4.90372177015329,1,2,"concordant","prospectively locked direct relation"
"IDH2",1.82308975807711,0.285714285714286,0.260629075589289,0.39969118385276,0.798805187396724,6.42445924870334,0.237665279389776,0.39853090770376,-1,-6.10131338817927,1,2,"concordant","prospectively locked direct relation"
"IFITM3",0.859604489929241,0.142857142857143,1.39473936402745,0.0823495498335987,0.422454537862009,3.89401209052639,0.171985902083865,0.366845295628312,1,2.46474750941908,0,2,"concordant","prospectively locked direct relation"
"IFRD1",1.66167825582613,0.142857142857143,1.31657796422521,0.16109658299689,0.717539199761031,6.00046740535626,0.179384799940258,0.487527582562193,1,0.322759194886106,0,2,"concordant","prospectively locked direct relation"
"IFT20",1.34153097399063,0.142857142857143,0.806577827837183,0.103856985603347,0.612909836305335,6.63018223414364,0.153227459076334,0.445573512699233,-1,-1.72298349426679,0,2,"concordant","prospectively locked direct relation"
"IGF2BP3",2.28284636024288,0.5,6.18372279465905,0.736039402673141,0.834887627522211,10.2488736032346,0.208721906880553,0.534729772448968,1,7.62292607594219,1,2,"concordant","prospectively locked direct relation"
"IGFBP2",1.77535220419682,0.285714285714286,0.692678137668019,0.433313353782258,0.789320134367973,7.79863359679359,0.234843229891761,0.450162317968635,-1,-3.97382092191144,0,2,"concordant","prospectively locked direct relation"
"IGFBP3",1.37598373936772,0.142857142857143,5.0788327430697,0.128701978514794,0.634169347682322,6.3057834020572,0.564673854585029,0.775418971808688,1,5.01047885082965,1,2,"concordant","prospectively locked direct relation"
"IKBIP",1.08831373206816,0.214285714285714,0.215701844300561,0.142624603155951,0.64839451099106,3.20377475557589,0.192914198656742,0.463999250776495,1,2.21581591630202,0,2,"concordant","prospectively locked direct relation"
"IL1RAP",0.983633286806162,0.142857142857143,2.7016143395214,0.0742695459845936,0.437128820052628,6.29266987073392,0.109282205013157,0.428863748672559,1,3.89701267475899,0,2,"concordant","prospectively locked direct relation"
"IL1RN",1.64569586350001,0.285714285714286,5.63674763397063,0.333004772407931,0.687851329202472,7.64612977537332,0.171962832300618,0.475014585912587,1,4.18852450664665,0,2,"concordant","prospectively locked direct relation"
"IMMT",1.03345925074223,0.142857142857143,2.13647667594044,0.0951636754531364,0.498839366297263,4.98238599951817,0.148417660816688,0.392907742629408,-1,-2.83397252640167,0,2,"concordant","prospectively locked direct relation"
"IMPA2",1.10936980069549,0.214285714285714,0.201467605817078,0.100851302897839,0.547463956724549,4.58966116507144,0.222878615370512,0.381812480873496,-1,-3.73794927790382,0,2,"concordant","prospectively locked direct relation"
"INHBA",1.05775391094043,0.214285714285714,2.38352486599,0.130466644730052,0.497186831082794,4.36833073502319,0.147925988692314,0.530645178686036,1,1.86834536194204,0,2,"concordant","prospectively locked direct relation"
"INO80E",1.184260991449,0.0714285714285714,2.7609582860697,0.0699205941550506,0.630247306611055,4.49799687735467,0.157561826652764,0.449029059568786,-1,-2.19367167122142,0,2,"concordant","prospectively locked direct relation"
"INPP4B",1.78222155825014,0.285714285714286,5.34895403772386,0.30592591217025,0.754461536432667,7.43685334180932,0.22447189211361,0.611155716512423,1,5.37540626009871,1,2,"concordant","prospectively locked direct relation"
"INPP5A",1.14187627344273,0.142857142857143,0.455769700365662,0.124032064313013,0.585545942077118,4.28827388682659,0.174215117922353,0.484507135935083,-1,-1.45840551595036,0,2,"concordant","prospectively locked direct relation"
"INSR",1.21568971446078,0.214285714285714,1.52634240270382,0.142972306535131,0.583820959506781,5.97460316282194,0.145955239876695,0.303456225960841,-1,-2.72551182805862,0,2,"concordant","prospectively locked direct relation"
"INTS6",0.938256558676897,0.0714285714285714,1.21090270484069,0.053710818611176,0.416516609196796,5.1497533073683,0.104129152299199,0.427173283007363,-1,-2.48615380364913,0,2,"concordant","prospectively locked direct relation"
"IQGAP1",1.05847451143267,0.142857142857143,2.6936615708532,0.103962404899449,0.477592481774127,5.89365854626894,0.194433167228104,0.54143218459373,1,3.1746209213785,0,2,"concordant","prospectively locked direct relation"
"IQGAP2",0.985705009663079,0.0714285714285714,0.140349003949184,0.0298290180464298,0.449325223493127,5.13960463582124,0.133685917997589,0.427315418798146,-1,-4.47907309363063,1,2,"concordant","prospectively locked direct relation"
"ISG15",1.33785508961132,0.357142857142857,4.58850797876596,0.296683126539325,0.731922237945426,4.16753170874823,0.182980559486356,0.469933610129807,1,2.68228578632569,1,2,"concordant","prospectively locked direct relation"
"ISOC1",1.04841216076735,0.0714285714285714,1.4255579187575,0.0509534440594762,0.502400164276059,5.35503648621076,0.149477090649935,0.527514971137141,-1,-3.31273594276744,0,2,"concordant","prospectively locked direct relation"
"ITGA11",1.81071046305714,0.357142857142857,3.97104875934809,0.40847537680656,0.772479287080599,6.44168321029988,0.19311982177015,0.403113664435121,1,4.17030046930008,0,2,"concordant","prospectively locked direct relation"
"ITGA2",1.65951816255007,0.285714285714286,4.88138935463737,0.277087140977931,0.712516824065225,9.13193589889727,0.290073458216269,0.688757714907741,1,6.3188684121147,1,2,"concordant","prospectively locked direct relation"
"ITGA3",1.81690085291679,0.285714285714286,3.02201874407074,0.427473606160736,0.781098705574427,6.74390160209167,0.195274676393607,0.499846604540377,1,5.39805263831286,1,2,"concordant","prospectively locked direct relation"
"ITGA7",1.52980206031847,0.214285714285714,5.28178255107434,0.263348509899195,0.756505750478134,5.75960622705199,0.189126437619534,0.531775606053076,-1,-3.05279576458937,0,2,"concordant","prospectively locked direct relation"
"ITGAV",1.21156297377589,0.214285714285714,2.40307333485089,0.18075348128272,0.557163924668188,5.20117821274753,0.226827579312085,0.615487503452136,1,1.48372883795235,0,2,"concordant","prospectively locked direct relation"
"ITGB1",0.883700744623612,0.0714285714285714,2.57873247342785,0.0257057779048791,0.377347105123866,5.93964508563047,0.153622168676199,0.600517890422809,1,3.69274838084963,0,2,"concordant","prospectively locked direct relation"
"ITGB4",1.37920300691647,0.214285714285714,3.05278688785148,0.287097939549418,0.692350149536648,5.00699948092425,0.173087537384162,0.451308045585272,1,4.03833545925125,1,2,"concordant","prospectively locked direct relation"
"ITGB5",1.02470533750807,0.142857142857143,1.32558251258323,0.0888143923261493,0.486051811432581,4.88532106453059,0.144613031293022,0.539706807534748,1,3.59973959504968,1,2,"concordant","prospectively locked direct relation"
"ITGB6",1.72117942230408,0.285714285714286,4.37340872095925,0.296025088941297,0.726181330628028,7.20216725229626,0.181545332657007,0.531750577225693,1,4.53433209544295,1,2,"concordant","prospectively locked direct relation"
"ITGB8",1.61650478684735,0.357142857142857,4.18235306555157,0.4252959478425,0.76599950753014,3.93668793073414,0.191499876882535,0.445522468222958,1,3.22913890200352,1,2,"concordant","prospectively locked direct relation"
"ITIH5",1.55412816186922,0.357142857142857,2.16571887912621,0.43925443442663,0.730231698177587,6.5215692918684,0.182557924544397,0.496444405601238,-1,-4.96214978941049,1,2,"concordant","prospectively locked direct relation"
"ITPR2",1.45238862421093,0.357142857142857,2.13876682985397,0.302208152017962,0.733686979828024,4.3017975730436,0.218290922238174,0.507787585448911,-1,-5.22004994420112,1,2,"concordant","prospectively locked direct relation"
"JAG1",1.14350306279103,0.0714285714285714,1.999580063096,0.0932966439507575,0.641230440093847,3.1322091056914,0.160307610023462,0.440532004575965,1,2.29915602122485,1,2,"concordant","prospectively locked direct relation"
"JCAD",1.16720285054726,0.0714285714285714,1.25103043668064,0.0752047199385424,0.582033673348763,3.41350667199153,0.145508418337191,0.268835362650151,-1,-3.6221829548703,1,2,"concordant","prospectively locked direct relation"
"JPT1",1.66427497882429,0.357142857142857,6.22714676814095,0.501226407021581,0.792942432666123,5.63873803359885,0.198235608166531,0.523343381741802,1,3.46545256380752,1,2,"concordant","prospectively locked direct relation"
"JUP",1.20657858440779,0.214285714285714,3.15619515981954,0.164470852036493,0.597076481602969,4.92630491778189,0.243076421480149,0.655106131787836,1,3.34109836131807,1,2,"concordant","prospectively locked direct relation"
"KANK1",1.60096820266243,0.285714285714286,4.29439621115541,0.290601608886831,0.718990366736013,8.20477820912865,0.179747591684003,0.46179220503364,-1,-4.25575546714838,0,2,"concordant","prospectively locked direct relation"
"KANK4",0.977957769185874,0.142857142857143,0.341931744831528,0.115837487423086,0.543941423489368,2.04445234141263,0.135985355872342,0.466613748254479,-1,-3.25550296117424,1,2,"concordant","prospectively locked direct relation"
"KAT8",1.13183443683231,0.214285714285714,2.96372816210882,0.0740820723015329,0.535682181330623,6.23390003594195,0.133920545332656,0.321978466576837,-1,-3.52091189276938,0,2,"concordant","prospectively locked direct relation"
"KBTBD11",1.30839937828289,0.285714285714286,1.85959923700562,0.254904658539527,0.638755277225153,4.39509245928887,0.159688819306288,0.47094011339061,-1,-0.922856968194843,0,2,"concordant","prospectively locked direct relation"
"KCTD18",0.957191905185508,0.142857142857143,3.53889999645008,0.0760831115801928,0.453703326600712,4.4004504542913,0.113425831650178,0.494049470620982,-1,-2.99421941806118,1,2,"concordant","prospectively locked direct relation"
"KDM4A",1.31090531600371,0.142857142857143,0.0813796740318836,0.0634243809008364,0.517213775818463,4.19033113786361,0.129303443954616,0.303056458564745,1,2.40381514373251,0,2,"concordant","prospectively locked direct relation"
"KHK",1.79259029487446,0.357142857142857,0.769275185568714,0.605366004928258,0.78677026006508,8.71000581933976,0.19669256501627,0.431356748837708,-1,-5.054671952077,0,2,"concordant","prospectively locked direct relation"
"KIAA0319L",0.878953265941338,0.0714285714285714,1.11779849106264,0.0425596678621419,0.475754704385418,3.08762576329977,0.118938676096354,0.301155614475193,-1,-1.90919074618904,0,2,"concordant","prospectively locked direct relation"
"KIAA0513",0.950891211129404,0.142857142857143,0.611182742898992,0.088647820544267,0.505941699590191,2.99792047598324,0.150530789340407,0.452879442284695,-1,-2.20203655496443,0,2,"concordant","prospectively locked direct relation"
"KIAA1522",1.02377844621648,0.142857142857143,2.04447849843973,0.107981967031455,0.578292521589337,0.777737057111169,0.144573130397334,0.412072675325553,-1,-1.5462467549379,1,2,"concordant","prospectively locked direct relation"
"KIAA1671",1.07584720254186,0.214285714285714,0.713510388202591,0.136725548311638,0.514685947512964,4.03073626737867,0.128671486878241,0.250060380240499,-1,-1.06602426839867,0,2,"concordant","prospectively locked direct relation"
"KIAA2013",1.10461150573913,0.0714285714285714,0.649131970810821,0.0679303853732108,0.551038167878619,3.36728101243713,0.137759541969655,0.428995075943334,-1,-1.62586149630377,0,2,"concordant","prospectively locked direct relation"
"KIF11",1.18573486192682,0.142857142857143,2.40915886493469,0.146732617701485,0.613237765381249,4.4304131928536,0.153309441345312,0.350365691679604,1,3.73036568130312,1,2,"concordant","prospectively locked direct relation"
"KIF23",1.43780182639863,0.142857142857143,2.48929466371568,0.160394101422037,0.661423253818834,7.07419136732265,0.165355813454709,0.411847234560215,1,5.78482875029733,1,2,"concordant","prospectively locked direct relation"
"KIF26B",1.10512657468102,0.0714285714285714,1.0456167064851,0.0570991361557292,0.50732602458503,4.79082168088096,0.126831506146257,0.479099289306643,1,2.99209853133305,0,2,"concordant","prospectively locked direct relation"
"KIF4A",1.25302510197177,0.214285714285714,3.28890136054895,0.210943015617812,0.618643165608763,4.41270149776021,0.154660791402191,0.455868896556027,1,4.53670209418419,1,2,"concordant","prospectively locked direct relation"
"KIF5B",0.613913756118865,0.0714285714285714,0.561322246061281,0.0251717625666372,0.330740508756998,2.8750888732138,0.0984038870296036,0.405827281806315,1,2.71143781390292,1,2,"concordant","prospectively locked direct relation"
"KLHDC4",1.14436803546631,0.214285714285714,2.75935682019105,0.167691345586479,0.623436563026636,4.32786172603182,0.155859140756659,0.334032660683546,-1,-1.83681509545852,0,2,"concordant","prospectively locked direct relation"
"KLK1",1.60204147158441,0.357142857142857,0.0668343891851165,0.527791908530149,0.752590211761662,4.36643152213252,0.188147552940416,0.240248566408365,-1,-3.68500528376597,1,2,"concordant","prospectively locked direct relation"
"KLK10",1.53102962650713,0.285714285714286,4.5384403462919,0.208343754316746,0.662029337834536,8.76848478965239,0.196970913588384,0.647938443701272,1,7.9979342332244,1,2,"concordant","prospectively locked direct relation"
"KLK6",2.35941063159385,0.428571428571429,7.54164388533894,0.606349012063473,0.874888699957206,7.67714761556503,0.218722174989301,0.579463447892811,1,7.93973139817499,1,2,"concordant","prospectively locked direct relation"
"KLK7",1.76593260325875,0.285714285714286,3.02115549812561,0.408675560038585,0.754157898155236,7.40637415737128,0.307025998783962,0.65645516640293,1,4.92470109703768,1,2,"concordant","prospectively locked direct relation"
"KMT2C",1.19174953451567,0.214285714285714,2.18100605311904,0.156638443789768,0.558213264697118,6.48744677648079,0.139553316174279,0.471010531969944,-1,-4.56119818894857,1,2,"concordant","prospectively locked direct relation"
"KMT2D",1.21872129675226,0.214285714285714,3.64849630835145,0.158974064386312,0.631314653486748,4.90370027988774,0.157828663371687,0.407908309817858,-1,-2.44393213574168,0,2,"concordant","prospectively locked direct relation"
"KPNA2",1.14402776792616,0.142857142857143,0.917987751056527,0.149634472271728,0.6338096114459,3.32706996241211,0.158452402861475,0.437905658625226,1,2.94816083726555,1,2,"concordant","prospectively locked direct relation"
"KRAS",1.04532517530467,0.142857142857143,3.59543141545318,0.0898794423342085,0.581112353502418,3.63969798732135,0.236577248844317,0.548963065503116,1,3.67384059004397,1,2,"concordant","prospectively locked direct relation"
"KRT13",2.00667933346845,0.357142857142857,5.57856374561511,0.353953959333483,0.80428154318752,8.75246995997989,0.327431887545949,0.716911757963723,1,7.32656243699044,1,2,"concordant","prospectively locked direct relation"
"KRT14",2.36078743200511,0.5,2.00206225326577,0.949466809739106,0.913187599408542,4.36434855696566,0.371768744279363,0.497259267803011,1,1.95226915616678,0,2,"concordant","prospectively locked direct relation"
"KRT16",2.09968348066249,0.5,3.20769963148074,0.927667813644508,0.821395920498267,8.55376388069605,0.334399339322627,0.63686147870991,1,6.64840536634654,1,2,"concordant","prospectively locked direct relation"
"KRT17",2.1839316571659,0.428571428571429,3.56848792044288,0.713357210604296,0.872081146677165,5.05740781340684,0.355033853963703,0.702100608235088,1,3.93505559534284,1,2,"concordant","prospectively locked direct relation"
"KRT19",1.97226877308358,0.214285714285714,7.0734514717694,0.187876684896914,0.753752345741809,7.75941315458807,0.306860893923167,0.743538258230967,1,5.22341958857902,1,2,"concordant","prospectively locked direct relation"
"KRT23",2.04663550110833,0.428571428571429,0.132427593362465,0.75387370856247,0.861967715262207,6.92030424263686,0.350916564482407,0.68881930112838,1,5.74706027117633,1,2,"concordant","prospectively locked direct relation"
"KRT5",1.47904142766802,0.285714285714286,2.35664250994171,0.273032718391418,0.822176409763807,0.211709110853679,0.334717085111511,0.409534767463259,-1,-0.0676485353795016,0,2,"concordant","prospectively locked direct relation"
"KRT6A",2.98420709509202,0.571428571428571,4.07778884372576,1.45557726630313,0.925700618138923,10.0324210196013,0.376862932224481,0.689242967129144,1,7.97218599700821,1,2,"concordant","prospectively locked direct relation"
"KRT7",1.71232009886296,0.214285714285714,6.1969653327129,0.124940269778774,0.706398687154636,6.13219700543179,0.210171946792575,0.628298131332297,1,3.69218442022542,1,2,"concordant","prospectively locked direct relation"
"KRT80",1.47892547903638,0.428571428571429,1.04442254441827,0.607694209412039,0.75255329603275,3.1715304470765,0.306372747560959,0.499832117558982,1,1.28192137606479,0,2,"concordant","prospectively locked direct relation"
"KSR1",1.13653474044713,0.0714285714285714,0.564615070019798,0.0490537321562074,0.548827139056347,6.52685466826512,0.163290320842317,0.541471954127637,-1,-3.92524090085734,0,2,"concordant","prospectively locked direct relation"
"KYNU",1.27098564966785,0.142857142857143,2.04940897273031,0.152439969816714,0.635077286381154,4.63776796638854,0.158769321595288,0.434193973491812,1,2.46338897968974,0,2,"concordant","prospectively locked direct relation"
"LACC1",0.865097542003063,0.142857142857143,0.549958721320732,0.0646938778291928,0.510341321751617,3.10479074187064,0.127585330437904,0.312106954901718,1,2.20716369309542,0,2,"concordant","prospectively locked direct relation"
"LAD1",1.50354006243138,0.285714285714286,4.48191396412187,0.397312720573483,0.697250680288554,5.03614656726537,0.174312670072138,0.519742232946073,1,4.61136560630119,1,2,"concordant","prospectively locked direct relation"
"LAMA3",2.17770296759355,0.642857142857143,5.9802047203641,1.3867690775491,0.864689822988611,7.13077495259573,0.216172455747153,0.547437482752125,1,5.92343848003863,1,2,"concordant","prospectively locked direct relation"
"LAMB3",1.90644177405241,0.285714285714286,5.38456908482201,0.336795794003817,0.786765645884148,9.20348352670286,0.196691411471037,0.543542918833361,1,6.68082434144166,1,2,"concordant","prospectively locked direct relation"
"LAMC2",2.02896483227411,0.285714285714286,5.82846202594912,0.493007000154531,0.816972448086756,9.37858832621959,0.204243112021689,0.545247629462932,1,7.14794428449344,1,2,"concordant","prospectively locked direct relation"
"LAMC3",0.859127655108135,0.0714285714285714,1.87239169766087,0.0528788626276296,0.48039128393882,3.39644476929529,0.120097820984705,0.402448146836098,-1,-2.60359598385812,1,2,"concordant","prospectively locked direct relation"
"LAMTOR5",1.16706955674307,0.142857142857143,1.77292569832183,0.0817579079026196,0.598460004329485,2.30549791097222,0.243639668842522,0.433382557989415,1,5.22475706180535,1,2,"concordant","prospectively locked direct relation"
"LARP1",1.45346171240597,0.285714285714286,1.3334519887674,0.258278899767154,0.668264999960476,6.05377513199681,0.198826184942056,0.517989421555514,-1,-1.81094592753553,0,2,"concordant","prospectively locked direct relation"
"LARP1B",1.5133570386288,0.214285714285714,0.613805389330282,0.25555284488188,0.685500640004434,6.18122472581633,0.171375160001109,0.489726317602658,-1,-2.06706510642237,0,2,"concordant","prospectively locked direct relation"
"LBR",1.14849647680522,0.214285714285714,1.6404327755082,0.251713804278524,0.636395552505064,0.564247627008308,0.189344197026865,0.490335694196588,-1,-2.47613744578638,1,2,"concordant","prospectively locked direct relation"
"LCN2",1.78405205981947,0.285714285714286,2.90839209432739,0.300117371894417,0.743387895959889,6.96966072367795,0.221177196612944,0.582252898826713,1,4.21629375432755,1,2,"concordant","prospectively locked direct relation"
"LDB3",1.59038153131361,0.142857142857143,3.8313781686706,0.202106141702438,0.769189507217794,6.46743038544223,0.192297376804448,0.512579137730543,-1,-3.39265888141805,0,2,"concordant","prospectively locked direct relation"
"LDHD",0.952331903228491,0.142857142857143,0.315833240107332,0.110294995868958,0.518163822741679,1.79662230534056,0.12954095568542,0.45041281149221,-1,-1.5945479471659,0,2,"concordant","prospectively locked direct relation"
"LDLRAP1",1.4684990497682,0.214285714285714,3.07333788393697,0.208915674721594,0.668399891838904,6.56446032002637,0.198866318777539,0.332440259648942,-1,-2.82002505573572,0,2,"concordant","prospectively locked direct relation"
"LGALS1",1.07733514667354,0.142857142857143,0.0930399832729148,0.136307608679643,0.515624877391462,3.55729810304566,0.209916574985448,0.591244458073563,1,1.62070448974586,0,2,"concordant","prospectively locked direct relation"
"LGALS2",1.01161939810761,0.142857142857143,2.19776175261777,0.0672915999380495,0.543680683965766,4.93463285623066,0.135920170991442,0.429438788581129,-1,-3.29386388083232,1,2,"concordant","prospectively locked direct relation"
"LGALS3BP",1.36368555629305,0.357142857142857,4.34753430755423,0.427567847062252,0.736304019027889,2.43945753832408,0.655616090702638,0.789110045165357,1,2.9865711534664,1,2,"concordant","prospectively locked direct relation"
"LGALS7B",1.99351772447357,0.428571428571429,6.82972846196509,0.708977249394031,0.878956492437486,3.81461883900334,0.219739123109372,0.509397329635995,1,2.05737355304346,1,2,"concordant","prospectively locked direct relation"
"LIG3",1.3191155317158,0.214285714285714,1.55126692823372,0.123871537467821,0.57952129686028,5.33702387854298,0.14488032421507,0.477003678729212,1,0.153581698123894,0,2,"concordant","prospectively locked direct relation"
"LILRB5",1.47009001427231,0.214285714285714,3.45216546482153,0.208946590594094,0.675331716960305,5.4209307584751,0.168832929240076,0.340493459026313,-1,-6.3428827919647,1,2,"concordant","prospectively locked direct relation"
"LIMD1",0.982772042293108,0.0714285714285714,0.489647828998615,0.041682658820553,0.44358059345198,5.62416215450766,0.131976741435818,0.472317806360584,-1,-3.16281997184299,0,2,"concordant","prospectively locked direct relation"
"LIMS4",1.51745816178787,0.2,3.39535399303046,0.174294817127175,0.634402846875556,1.91724681460266,0.158600711718889,0.408454818728045,1,5.7874377243488,1,2,"concordant","prospectively locked direct relation"
"LIPE",1.4252848836751,0.0714285714285714,2.23932523438524,0.0926183491738164,0.70299125512734,4.39608246908442,0.175747813781835,0.424669113464983,-1,-4.38550978235451,1,2,"concordant","prospectively locked direct relation"
"LIPH",1.34128245755545,0.214285714285714,3.70409995941813,0.189324059592994,0.609573136977281,6.75558585719281,0.15239328424432,0.519355189947647,1,5.28322178654246,1,2,"concordant","prospectively locked direct relation"
"LMF1",1.35321262563495,0.285714285714286,1.48437206513633,0.290917611984285,0.683488170664026,4.52566409188819,0.170872042666006,0.342771866841082,-1,-2.31348008578017,0,2,"concordant","prospectively locked direct relation"
"LMF2",1.07505852876108,0.0714285714285714,1.43498646450025,0.0497656520492426,0.537665357500654,6.09191980376991,0.134416339375164,0.300522118018262,-1,-4.31749036435952,1,2,"concordant","prospectively locked direct relation"
"LMNB2",1.32467436096994,0.0714285714285714,0.528473880584094,0.0834009805484642,0.657895221076168,2.8200579813798,0.164473805269042,0.503733089223419,1,3.99744028881201,1,2,"concordant","prospectively locked direct relation"
"LMO4",1.32300274453672,0.142857142857143,1.39865838364075,0.134783233374621,0.659648053450079,5.98213535396112,0.16491201336252,0.438481867582137,1,3.38216156216147,0,2,"concordant","prospectively locked direct relation"
"LMO7",1.48128111903594,0.142857142857143,3.35524331978376,0.145703158443711,0.667662283953445,7.15394470708164,0.166915570988361,0.535405708493442,1,5.87208380288744,1,2,"concordant","prospectively locked direct relation"
"LOX",1.24111965120315,0.142857142857143,0.422645128136311,0.186602304044262,0.678647151998396,1.74262171041636,0.201915144683043,0.386926017091803,1,0.993438930790796,0,2,"concordant","prospectively locked direct relation"
"LOXL1",0.966450009487955,0.0714285714285714,1.43530432989884,0.0438363572545566,0.469329713028436,3.34838496792536,0.13963777292977,0.412820728985945,1,2.19483543414894,0,2,"concordant","prospectively locked direct relation"
"LOXL2",1.16046141125848,0.142857142857143,3.34891914754557,0.115823388602955,0.554040576333761,5.79954642078251,0.164841453767675,0.409027435058186,1,3.92327717776339,1,2,"concordant","prospectively locked direct relation"
"LPCAT2",1.02079964098951,0.0714285714285714,2.57912705800991,0.0553830655496588,0.56297656098254,4.68851489601738,0.140744140245635,0.419781675888055,1,3.89917829828937,1,2,"concordant","prospectively locked direct relation"
"LPCAT3",1.66626621170321,0.357142857142857,2.83417203495904,0.31110348094927,0.744061523260747,3.96006350200878,0.221377618221603,0.56804625378746,1,4.52445224116031,0,2,"concordant","prospectively locked direct relation"
"LPCAT4",1.75798306866953,0.5,2.23401814038407,0.954425872972802,0.79271940149298,5.86970134715592,0.198179850373245,0.473414251284758,1,4.6714001920556,1,2,"concordant","prospectively locked direct relation"
"LPIN3",1.00618428536693,0.142857142857143,0.316329253046822,0.108520983379317,0.549185739024123,3.06873839583766,0.137296434756031,0.27717706247377,-1,-0.222053454944442,0,2,"concordant","prospectively locked direct relation"
"LRATD2",1.24124300999343,0.285714285714286,0.440159494749117,0.276451193623578,0.626250291332651,1.83360777486209,0.156562572833163,0.441590400552128,1,4.35420863713537,1,2,"concordant","prospectively locked direct relation"
"LRCH1",0.555828182901786,0.0714285714285714,1.36773920463154,0.019087067283133,0.281872052948362,2.82938176176038,0.0838642528530191,0.473586837041651,1,1.68177263568111,0,2,"concordant","prospectively locked direct relation"
"LRRC15",1.91802751033557,0.357142857142857,4.67600379837166,0.574053108742131,0.820318374044216,5.58046833531816,0.205079593511054,0.467821792304482,1,4.64917006344911,1,2,"concordant","prospectively locked direct relation"
"LRRC47",1.09735207305861,0.285714285714286,1.58618104538903,0.105576126357854,0.525317429462624,4.86322586896072,0.156295571950946,0.475074887914982,-1,-1.33069178221086,0,2,"concordant","prospectively locked direct relation"
"LRRFIP1",0.795351854940351,0.0714285714285714,0.618248095012874,0.0413669133036776,0.405754746490308,2.50471069692895,0.120722570045671,0.430653377588278,1,2.63141269042716,1,2,"concordant","prospectively locked direct relation"
"LRRK2",0.932131812321094,0.142857142857143,1.35873083640345,0.076135219033727,0.521846649881994,3.2796587184781,0.130461662470498,0.428174805415322,-1,-3.90316114424325,1,2,"concordant","prospectively locked direct relation"
"LTBP1",1.41354706915302,0.285714285714286,0.286441438328498,0.276705185518789,0.647637675733144,3.36349180441049,0.263660441306102,0.611527634787699,1,2.07620587803392,0,2,"concordant","prospectively locked direct relation"
"LY6D",2.41792888456405,0.428571428571429,5.33460020191934,0.614753009954544,0.862923548417264,8.84914218838142,0.351305694702776,0.747812153884299,1,8.72562000757613,1,2,"concordant","prospectively locked direct relation"
"LYPLA1",0.855065860453208,0.0714285714285714,0.542250404072906,0.0365614552195311,0.435986830834102,3.92295477509879,0.177495047815492,0.372533828551105,1,3.39035837206189,1,2,"concordant","prospectively locked direct relation"
"MACO1",1.05011538263028,0.142857142857143,1.03881827001994,0.0907648435855799,0.472711659696345,5.44195358294942,0.118177914924086,0.335925174505326,-1,-2.48768772587043,0,2,"concordant","prospectively locked direct relation"
"MACROD1",1.00994446125972,0.0714285714285714,0.411163585080265,0.0641866421759379,0.552762370606878,3.37573404873997,0.164461154383056,0.419911500727376,-1,-2.0336429963844,0,2,"concordant","prospectively locked direct relation"
"MAGI1",0.767306226784963,0.0714285714285714,1.60568858598955,0.0403154525720097,0.371770129182794,4.29736457881365,0.0929425322956984,0.400681921334018,-1,-3.46131633865371,1,2,"concordant","prospectively locked direct relation"
"MAGI3",1.13081587832388,0.142857142857143,1.37561674995487,0.099500578376201,0.59495109452055,4.39204442686386,0.148737773630138,0.501611347984583,-1,-3.56655775459459,0,2,"concordant","prospectively locked direct relation"
"MAL2",1.66259704840688,0.357142857142857,5.73322122732913,0.398787660550116,0.706442558801988,7.52873712238892,0.176610639700497,0.556665635882736,1,6.93272116768404,1,2,"concordant","prospectively locked direct relation"
"MAN1A2",0.72195239085905,0.0714285714285714,1.90190316429634,0.027365695589706,0.298710055942546,5.15392328683044,0.0888739958405683,0.526879578773733,-1,-3.67986602934206,0,2,"concordant","prospectively locked direct relation"
"MAN2A1",1.15441644917998,0.0714285714285714,2.17161196483014,0.0571808607839254,0.554591260382271,4.19689360233861,0.165005296567283,0.524581925361132,-1,-4.61786712809708,1,2,"concordant","prospectively locked direct relation"
"MAOA",1.68671144089304,0.142857142857143,2.27431045511741,0.210654475031057,0.732187517891143,6.68681542156532,0.217844793387503,0.375706383028924,-1,-3.12817969602227,0,2,"concordant","prospectively locked direct relation"
"MAP4K2",1.1407653166666,0.142857142857143,2.31425491319313,0.127195220657129,0.630937344727475,3.05163659394041,0.187720238523721,0.300730323790717,-1,-3.65274556660929,1,2,"concordant","prospectively locked direct relation"
"MAP4K4",1.02154552207996,0.0714285714285714,0.50580199948688,0.0424206543691769,0.493497560825836,5.35874962943046,0.146828335021308,0.429799114342612,1,3.01193305597197,0,2,"concordant","prospectively locked direct relation"
"MAP4K5",0.65405938679122,0.0714285714285714,1.0981376199472,0.0329501402263273,0.344600000222208,2.63375235602578,0.102527445518269,0.346311326465895,1,2.28136968356727,1,2,"concordant","prospectively locked direct relation"
"MAP7",1.01040491252282,0.214285714285714,0.817616259022977,0.103697901960186,0.524147615198586,2.97672463769214,0.131036903799647,0.45505134883648,-1,-0.580168744286463,0,2,"concordant","prospectively locked direct relation"
"MAPK13",0.686376108440379,0.0714285714285714,0.330984901416372,0.0314338918949847,0.328923785608575,2.5254714103742,0.0822309464021437,0.404861534760472,-1,-0.743129877161726,0,2,"concordant","prospectively locked direct relation"
"MAPK9",1.6725404909926,0.285714285714286,2.00291402522305,0.21353532580751,0.745128910071789,7.75072953555182,0.186282227517947,0.383348372945718,-1,-3.05039676092718,0,2,"concordant","prospectively locked direct relation"
"MARCKSL1",1.75883199558815,0.214285714285714,3.3353706105125,0.296178018711903,0.790151426456527,8.83611582539003,0.321679361168012,0.483627070042567,1,5.69619731367022,1,2,"concordant","prospectively locked direct relation"
"MARK3",0.863916938355558,0.142857142857143,2.22533326928955,0.0835003729370866,0.447036859608692,3.46462949151208,0.13300507033846,0.295008732795876,-1,-2.10589069860498,1,2,"concordant","prospectively locked direct relation"
"MAST3",1.69725771150881,0.214285714285714,3.80826262490892,0.222036354561945,0.75388455501413,8.36677689594051,0.188471138753533,0.319791163293971,-1,-4.03173926562801,0,2,"concordant","prospectively locked direct relation"
"MAT1A",1.68930319679747,0.214285714285714,1.87751751747981,0.259639887978785,0.808912639925877,6.8387901827166,0.202228159981469,0.231994154961699,-1,-3.71573763339896,0,2,"concordant","prospectively locked direct relation"
"MAT2A",0.810745043619003,0.142857142857143,0.779138898892295,0.0537027857192977,0.361271636991934,4.57788988886314,0.0903179092479836,0.285085473858903,-1,-1.9929172049836,0,2,"concordant","prospectively locked direct relation"
"MATN3",1.56334519471212,0.142857142857143,2.80482254703042,0.185917948965996,0.737193193830081,4.41992063358169,0.18429829845752,0.48421721249861,1,3.2282916888756,0,2,"concordant","prospectively locked direct relation"
"MBOAT2",1.46485752519441,0.214285714285714,2.18417547494948,0.151537043732163,0.667751854419605,8.02607882292437,0.198673510822931,0.568227962391771,1,8.31284598736285,1,2,"concordant","prospectively locked direct relation"
"MCCC1",1.03989742212388,0.0714285714285714,1.5081473453131,0.0506179448200014,0.520583028335846,6.60226413112684,0.154886964715675,0.479376503563871,-1,-4.38844202670132,0,2,"concordant","prospectively locked direct relation"
"MCEE",1.26259206672889,0.0714285714285714,3.17045086347413,0.0635200088925389,0.605033172579382,4.94928536046123,0.151258293144846,0.497302613885611,-1,-1.79854026671582,0,2,"concordant","prospectively locked direct relation"
"MCM3",1.07677256128213,0.214285714285714,0.483337617565747,0.14986615080304,0.629464364840097,3.9630066904631,0.157366091210024,0.440780278856404,1,2.56732913293867,1,2,"concordant","prospectively locked direct relation"
"MCM4",1.27634140907581,0.142857142857143,0.876265905057266,0.192789609857783,0.662781506867709,3.85605413844972,0.165695376716927,0.445434845434129,1,3.6696984456839,1,2,"concordant","prospectively locked direct relation"
"MCMBP",0.684710425454883,0.0714285714285714,1.47991992439433,0.0293412249935983,0.366042045225359,2.69599721874036,0.0915105113063398,0.4294207334578,1,3.01421494654348,1,2,"concordant","prospectively locked direct relation"
"MCU",1.5101721640856,0.0714285714285714,3.24717083082652,0.119490773362603,0.738402002994878,5.24084037072317,0.219693764027336,0.549653975170283,1,4.28119146294609,1,2,"concordant","prospectively locked direct relation"
"MCUR1",1.21460673326112,0.285714285714286,0.514547479171168,0.284313490227496,0.618653913023424,3.89275020668814,0.184065598726848,0.541923835658128,-1,-0.98096955726115,0,2,"concordant","prospectively locked direct relation"
"MDN1",1.1519004847374,0.214285714285714,2.99678827703881,0.138092710339758,0.547146230774199,6.39415469566082,0.13678655769355,0.470918256494547,-1,-5.11639475661292,1,2,"concordant","prospectively locked direct relation"
"MEA1",1.0135694064402,0.142857142857143,0.169187263497524,0.0724572602734726,0.456981717838057,2.80741992340554,0.114245429459514,0.49388054855395,1,4.8496514983293,1,2,"concordant","prospectively locked direct relation"
"MEAK7",1.0259867100383,0.142857142857143,2.84615979250146,0.10601083963905,0.505893898442371,4.46600527765511,0.150516567258064,0.566866429522714,1,4.41942160692525,1,2,"concordant","prospectively locked direct relation"
"MECP2",1.52329311680267,0.285714285714286,4.62222229457568,0.281894769323371,0.716146027044487,6.58128987171882,0.213072033440458,0.549187468802467,-1,-3.31142275074631,0,2,"concordant","prospectively locked direct relation"
"MEIS1",0.990707473583819,0.0714285714285714,2.42571472268398,0.0591569831282859,0.522207885036069,3.71108574021994,0.130551971259017,0.43908311701812,-1,-2.35888163060548,1,2,"concordant","prospectively locked direct relation"
"MELTF",1.56727539031957,0.285714285714286,1.95885199509239,0.391613677016569,0.784965576072377,4.43092052028419,0.196241394018094,0.515763856963405,1,3.56610960633212,1,2,"concordant","prospectively locked direct relation"
"MET",1.5991266991224,0.214285714285714,4.52918502481584,0.243101460692544,0.715853620819603,7.42383764392461,0.178963405204901,0.516437304226202,1,5.77771172318827,1,2,"concordant","prospectively locked direct relation"
"METTL7A",1.56650770229519,0.214285714285714,3.75675558768449,0.202193328289894,0.684102534179408,8.33855419591522,0.171025633544852,0.487079032476706,-1,-4.3692362281002,0,2,"concordant","prospectively locked direct relation"
"METTL7B",1.05714615996515,0.142857142857143,1.02337149955471,0.0975252072783976,0.555521940041404,2.27613177293962,0.138880485010351,0.466269846522381,-1,-0.687002734671704,0,2,"concordant","prospectively locked direct relation"
"MFAP2",1.63486572319609,0.285714285714286,0.512825740086576,0.314386360148056,0.707274848051995,3.36768194196003,0.210432627403752,0.586330889716905,1,2.95286282037411,1,2,"concordant","prospectively locked direct relation"
"MFN2",0.761969919133444,0.0714285714285714,1.43285236008113,0.0258142422368838,0.364279606801002,4.64243430298937,0.108382639337268,0.512128658910986,-1,-3.31740080315289,0,2,"concordant","prospectively locked direct relation"
"MGLL",1.1749187946202,0.214285714285714,2.65150830212215,0.142540862835026,0.572767648826385,5.27396107497207,0.233180027527689,0.607294492628692,1,3.96820762070231,1,2,"concordant","prospectively locked direct relation"
"MIB1",1.06428459987442,0.142857142857143,0.556812952177255,0.103626598240786,0.552195542118756,3.54108218068371,0.16429250819357,0.420768874070467,1,3.42665905348189,1,2,"concordant","prospectively locked direct relation"
"MICAL2",1.14971451335794,0.142857142857143,1.72982941794641,0.1280046682591,0.578318257348684,4.61052485177113,0.144579564337171,0.407658023157694,1,2.8672776914149,0,2,"concordant","prospectively locked direct relation"
"MICALL1",0.533783269889916,0.0714285714285714,1.15898518358338,0.0346810075914653,0.285675876418783,2.19786848170843,0.0849959890787105,0.361519291503916,-1,-1.85373885232862,1,2,"concordant","prospectively locked direct relation"
"MICU1",1.23773285294173,0.142857142857143,1.25403007215499,0.121560874835909,0.64404886794931,5.62222019701089,0.191621257043516,0.559100184807638,1,4.34931345085349,1,2,"concordant","prospectively locked direct relation"
"MINDY1",1.12862791116327,0.142857142857143,2.08955192902505,0.0616955605110834,0.499652834419989,6.06902406537578,0.203414180118362,0.532894261300809,-1,-2.61863599476307,0,2,"concordant","prospectively locked direct relation"
"MKI67",0.995664272776138,0.0714285714285714,2.3046311906696,0.060843656550693,0.519362020450942,4.04458964319351,0.129840505112735,0.336585798622487,1,3.22282616080166,1,2,"concordant","prospectively locked direct relation"
"MKNK1",1.23532761750656,0.142857142857143,2.02803428751503,0.0920716576696376,0.599946261006756,7.63527844382577,0.149986565251689,0.435073519918881,-1,-6.14234302502101,1,2,"concordant","prospectively locked direct relation"
"MKRN2",0.814518169461376,0.0714285714285714,1.89481274899554,0.0304595620079824,0.434776489315261,4.7919823762781,0.108694122328815,0.375615800990275,-1,-3.10950272569933,0,2,"concordant","prospectively locked direct relation"
"MLEC",1.27079101932574,0.285714285714286,0.84076901980506,0.254840691927946,0.645907107839976,3.85733915772243,0.192174131648935,0.480160025804515,-1,-0.20755314394994,0,2,"concordant","prospectively locked direct relation"
"MLLT1",1.03027341020121,0.142857142857143,2.78083732277528,0.0939918016279263,0.525124316048408,3.9900563237594,0.131281079012102,0.329931221419493,-1,-1.6675705176034,0,2,"concordant","prospectively locked direct relation"
"MLPH",1.86328243326246,0.214285714285714,1.1353620466244,0.324627549502619,0.81114541933914,8.569856005392,0.202786354834785,0.521257168482691,1,8.40652350408417,1,2,"concordant","prospectively locked direct relation"
"MLYCD",1.38952633345978,0.214285714285714,3.09916992533119,0.143741217763949,0.621700546425662,7.66899536617825,0.1849720512514,0.44704012072093,-1,-3.80706024079333,0,2,"concordant","prospectively locked direct relation"
"MMP1",1.63936320537298,0.428571428571429,5.08121200042007,0.632170531637734,0.765569347112665,4.4430748915842,0.227776754137947,0.649339234977234,1,4.74443743800248,1,2,"concordant","prospectively locked direct relation"
"MMP11",1.32963028191266,0.142857142857143,2.67520854254759,0.141605579210508,0.62752771611136,6.32690278862112,0.15688192902784,0.320552059903708,1,3.88856070707409,0,2,"concordant","prospectively locked direct relation"
"MMP14",1.33841756116023,0.0714285714285714,1.60105817558071,0.07223110239674,0.602757563242433,6.86062097812378,0.216742621274594,0.462808137920486,1,3.33290673819075,0,2,"concordant","prospectively locked direct relation"
"MMUT",1.33057404196804,0.142857142857143,2.6508153109155,0.128212786665813,0.60786189999716,6.3189779578191,0.15196547499929,0.455416244740552,-1,-2.71136648177412,0,2,"concordant","prospectively locked direct relation"
"MOB3C",0.97536243953276,0.0714285714285714,1.67740944828501,0.0292856138776548,0.467315323421657,6.16525334090767,0.139038439730327,0.355160379532321,-1,-4.56606444264027,1,2,"concordant","prospectively locked direct relation"
"MOCS1",1.50212286773114,0.142857142857143,2.59717684587379,0.176990997048807,0.668443391232335,7.9724538474143,0.167110847808084,0.295702995839459,-1,-4.16763088122669,0,2,"concordant","prospectively locked direct relation"
"MOGS",0.950635864718603,0.0714285714285714,0.287024835863182,0.0541154040040113,0.487339200955873,4.52656642380764,0.144996063095475,0.517678731170707,-1,-2.58882326969193,0,2,"concordant","prospectively locked direct relation"
"MPDU1",1.5023981733128,0.214285714285714,1.58257631213363,0.257375152117284,0.687527786359726,5.07055817493717,0.20455736393743,0.41819501135166,-1,-2.37054515158529,0,2,"concordant","prospectively locked direct relation"
"MPP1",1.70868873353966,0.214285714285714,5.20870330863282,0.221923623093545,0.795457692775077,8.29218919968932,0.323839600714998,0.574082069880612,-1,-7.03345480147742,1,2,"concordant","prospectively locked direct relation"
"MPP7",0.939702424119624,0.0714285714285714,1.98829451551326,0.047180630091045,0.457699122499081,4.8654980481236,0.136177370329437,0.513106842580396,-1,-3.8513451133203,1,2,"concordant","prospectively locked direct relation"
"MPST",1.1977274753842,0.142857142857143,0.305047548412386,0.14790678746494,0.614255647460768,2.85771870218655,0.182757000547628,0.539156717867939,-1,-2.23943251281817,0,2,"concordant","prospectively locked direct relation"
"MPZL2",1.79859829595573,0.357142857142857,2.45268783397084,0.495982677784986,0.76729751748762,6.70789682396619,0.191824379371905,0.385456660533856,1,5.47755818814584,1,2,"concordant","prospectively locked direct relation"
"MRGBP",1.02083477520644,0.0714285714285714,0.0216022146620452,0.0674549873859488,0.552064770958997,2.85302018262185,0.138016192739749,0.297047468150183,1,3.42041874898748,1,2,"concordant","prospectively locked direct relation"
"MRM3",1.43614792931384,0.285714285714286,2.58908470890773,0.319663259164354,0.639742873092497,6.76505239819069,0.159935718273124,0.483631245733856,-1,-2.50703268282119,0,2,"concordant","prospectively locked direct relation"
"MRPL16",0.70649782799752,0.0714285714285714,1.00856720847255,0.0193306696167972,0.337698145009451,3.78971563740212,0.0844245362523628,0.368932723046272,-1,-3.05569526025539,1,2,"concordant","prospectively locked direct relation"
"MRPS25",1.1240477900601,0.142857142857143,2.37174414966185,0.0894055078744414,0.52300942149827,6.1868280341738,0.130752355374568,0.291592197528007,-1,-2.91281673431324,0,2,"concordant","prospectively locked direct relation"
"MRTFB",1.2347673946465,0.0714285714285714,2.30205529272539,0.0500467618859811,0.564958170444331,7.2286568867285,0.168089721424785,0.473221473336656,-1,-4.70444187211239,0,2,"concordant","prospectively locked direct relation"
"MSLN",1.99176896317255,0.285714285714286,6.21055209987209,0.267038850350557,0.794167606455892,9.18069512797315,0.198541901613973,0.530241636631859,1,8.3810083408118,1,2,"concordant","prospectively locked direct relation"
"MST1R",1.5253683567894,0.285714285714286,1.76005366696604,0.458568343887756,0.70530771242017,5.22715543969791,0.176326928105043,0.486062755496724,1,4.2184835192019,1,2,"concordant","prospectively locked direct relation"
"MT-ND1",0.950414669765258,0.0714285714285714,1.53770971675803,0.0521854980301471,0.507827694052059,3.51650589207403,0.126956923513015,0.28956805405018,-1,-2.26435143541998,0,2,"concordant","prospectively locked direct relation"
"MT-ND5",0.86073082824319,0.0714285714285714,2.31393246457439,0.0393507688064308,0.462352164063872,3.60210220569553,0.115588041015968,0.425270051795965,-1,-2.22123220249549,0,2,"concordant","prospectively locked direct relation"
"MT1F",1.66311882983516,0.285714285714286,3.43771643723582,0.352197804260314,0.737696141172567,8.26902266915385,0.184424035293142,0.419614934295913,-1,-5.74477430086865,1,2,"concordant","prospectively locked direct relation"
"MTARC1",0.906709707526688,0.0714285714285714,1.76411569090343,0.046086074753532,0.491161175196297,3.44461426146187,0.122790293799074,0.41891138968524,-1,-1.37052084684105,0,2,"concordant","prospectively locked direct relation"
"MTARC2",1.3428775690431,0.0714285714285714,1.52150556565763,0.0510545199460897,0.67457991807336,7.9067085574138,0.16864497951834,0.281884249399403,-1,-5.76651522980363,1,2,"concordant","prospectively locked direct relation"
"MTHFS",1.59836801514487,0.214285714285714,0.339197040112492,0.16750367140178,0.660450377409858,4.30215565617991,0.196501131873897,0.322795601583581,1,7.92648705840394,0,2,"concordant","prospectively locked direct relation"
"MTMR12",1.16547635692031,0.0714285714285714,3.4487293753974,0.0494845507516713,0.516273290451508,6.64245720069593,0.153604705818839,0.569236760425869,-1,-5.6381033475823,1,2,"concordant","prospectively locked direct relation"
"MTMR2",0.821037736626497,0.0714285714285714,0.87645231331525,0.0474385187004466,0.402529429405368,3.86829123262605,0.100632357351342,0.409567593622864,1,2.56981057096653,0,2,"concordant","prospectively locked direct relation"
"MTO1",1.21378326122554,0.142857142857143,2.15123935280713,0.101056236607819,0.540675482378787,7.03862311951476,0.135168870594697,0.433918124431828,-1,-4.50983023812408,0,2,"concordant","prospectively locked direct relation"
"MTPN",0.938938135016119,0.0714285714285714,1.17819564848653,0.0564858934439318,0.511840972822315,3.56090599942524,0.208376105698462,0.578235592746739,1,2.22562490660858,0,2,"concordant","prospectively locked direct relation"
"MTRES1",1.03897368723458,0.142857142857143,2.87260155610922,0.115585804917105,0.490896372521562,4.88638371194964,0.122724093130391,0.465741404305425,-1,-2.6314661443902,0,2,"concordant","prospectively locked direct relation"
"MTUS1",0.977329302794783,0.0714285714285714,0.707606769375576,0.0509637085400181,0.513696634708774,4.28126018317068,0.128424158677194,0.419441962150027,-1,-3.32457152840149,0,2,"concordant","prospectively locked direct relation"
"MUC1",1.51617172562761,0.428571428571429,4.8088345659649,0.502798797510318,0.685139331642205,3.95998874326216,0.171284832910551,0.516303880580964,1,3.51146954457663,1,2,"concordant","prospectively locked direct relation"
"MUC16",1.97852034585215,0.357142857142857,5.97585683394026,0.494017622986798,0.782909946762799,6.2533855276263,0.1957274866907,0.571742880373797,1,6.05886008002012,1,2,"concordant","prospectively locked direct relation"
"MUC4",1.79731110145481,0.357142857142857,0.672498255699216,0.515962909394054,0.759622107695533,7.0259330809459,0.189905526923883,0.529945561696882,1,6.25671390825595,1,2,"concordant","prospectively locked direct relation"
"MUC5AC",1.83402866000776,0.428571428571429,1.2635050915889,0.732207445092363,0.794989612249268,4.40820263244247,0.198747403062317,0.457728333632617,1,4.54166269245048,1,2,"concordant","prospectively locked direct relation"
"MUC5B",1.86981820109805,0.428571428571429,2.50394042303356,0.535669505337977,0.791892975799043,5.21379445227186,0.197973243949761,0.500304158218589,1,5.64475948905836,1,2,"concordant","prospectively locked direct relation"
"MXRA5",1.39379258929725,0.214285714285714,1.7887886597723,0.234726610745019,0.671716596842258,5.06144155761389,0.199853124614197,0.538037333536392,1,2.89248991915794,0,2,"concordant","prospectively locked direct relation"
"MYL12A",1.30745166134671,0.214285714285714,3.87110716621,0.144049893262243,0.615465702220442,7.16958992871809,0.183117023250375,0.541366768400864,1,5.76449072210399,1,2,"concordant","prospectively locked direct relation"
"MYO1E",1.22077968070493,0.214285714285714,3.76715343085602,0.158091596783375,0.590333668172075,5.81694440718736,0.175639590719917,0.554033227135258,1,3.33661265137114,0,2,"concordant","prospectively locked direct relation"
"MYO5B",0.89848783806022,0.0714285714285714,0.148653997515104,0.047682878329658,0.467843555029667,2.06420010695803,0.116960888757417,0.287698666615387,-1,-1.04816638014407,0,2,"concordant","prospectively locked direct relation"
"MYOF",1.3051100465612,0.214285714285714,3.25549246019037,0.102392658452405,0.603815457886971,7.61077304339247,0.150953864471743,0.500551422549971,1,5.11190408322436,1,2,"concordant","prospectively locked direct relation"
"N4BP1",0.848717341861716,0.142857142857143,2.31643458470144,0.0685770961833929,0.504395297286594,3.27110959621987,0.126098824321649,0.416883743423343,1,2.62546756109258,1,2,"concordant","prospectively locked direct relation"
"NAA16",1.08318123279273,0.142857142857143,1.18257937399986,0.0795007933050717,0.546001617568651,5.78070492252794,0.162449654852173,0.475954518353568,-1,-3.41678454821755,0,2,"concordant","prospectively locked direct relation"
"NADK2",1.0303214029041,0.142857142857143,1.37456087943097,0.12315154297452,0.664562093044916,2.36605240539643,0.197724474011123,0.497322451278052,-1,-1.17698194177486,0,2,"concordant","prospectively locked direct relation"
"NAF1",1.23049261876552,0.142857142857143,1.163808785305,0.110829552785274,0.645185864981616,5.63287842672947,0.161296466245404,0.441499367573673,-1,-3.34942897000198,0,2,"concordant","prospectively locked direct relation"
"NAPG",1.20674271339774,0.0714285714285714,0.264252708209884,0.0669348928743208,0.64318765109065,4.53472174918923,0.261848787189879,0.671413765471458,1,4.1751662422547,1,2,"concordant","prospectively locked direct relation"
"NAT14",1.87451329039003,0.285714285714286,3.84080333262191,0.422504870568331,0.852528429195414,0.144796218022668,0.213132107298854,0.522575809078279,1,3.8721636857394,1,2,"concordant","prospectively locked direct relation"
"NBAS",1.06006757855062,0.142857142857143,2.60987125332335,0.0748492330144547,0.474773299242277,5.24927357226993,0.141257381138139,0.483886353330958,-1,-2.70922226147483,0,2,"concordant","prospectively locked direct relation"
"NBDY",1.04132807166415,0.285714285714286,0.516658498857052,0.119042546897531,0.488327939621163,2.60345420060773,0.122081984905291,0.272531168170663,1,4.06694496506993,1,2,"concordant","prospectively locked direct relation"
"NBL1",0.79373056711198,0.0714285714285714,2.48596778246074,0.0510452315411505,0.428850217453054,2.47732354405341,0.107212554363263,0.454499848396349,1,2.48058528238026,1,2,"concordant","prospectively locked direct relation"
"NCAPG2",0.905146448646668,0.142857142857143,0.29396380982149,0.114708118464382,0.547920030942617,2.85740358250501,0.136980007735654,0.428490430598673,1,2.55312459854276,1,2,"concordant","prospectively locked direct relation"
"NCBP2",1.01355174595523,0.214285714285714,1.207424928115,0.133317450399184,0.630684759051226,1.93567909125718,0.157671189762807,0.285590961032733,1,2.41469534563468,1,2,"concordant","prospectively locked direct relation"
"NCK1",0.90818200408512,0.214285714285714,2.02325234181346,0.0512914956264121,0.393503620831795,5.4592216267687,0.117077542135977,0.491573429199943,1,2.9059601612273,0,2,"concordant","prospectively locked direct relation"
"NCKAP1",0.811719879197438,0.214285714285714,2.0061844687753,0.105487406519266,0.48360591457144,2.15283710795972,0.196881302048718,0.399283224553924,1,3.03075806792957,1,2,"concordant","prospectively locked direct relation"
"NCOR1",1.02572679544777,0.0714285714285714,2.2262916516764,0.0422256670574311,0.471088805430075,7.08195394950649,0.117772201357519,0.454429539184555,-1,-4.80271629828865,0,2,"concordant","prospectively locked direct relation"
"NDE1",1.20184440122561,0.142857142857143,0.591625962938693,0.141841357473512,0.648837264650143,4.14760923074592,0.193045929363736,0.5247236099058,1,4.61587753137958,1,2,"concordant","prospectively locked direct relation"
"NDRG2",1.20612072766244,0.0714285714285714,2.94192924576696,0.0797622968222875,0.590683282064612,4.35476035448048,0.147670820516153,0.492018090580064,-1,-1.92720003845886,0,2,"concordant","prospectively locked direct relation"
"NDUFA10",1.11915079226786,0.142857142857143,2.4814716894286,0.0964739311768943,0.487812570870187,6.37347693383774,0.145136902933166,0.396134338597597,-1,-3.84947630376547,0,2,"concordant","prospectively locked direct relation"
"NDUFS1",1.12606186989043,0.214285714285714,0.89681749960042,0.152210898183138,0.558834185647036,3.03894283695515,0.16626767697541,0.48505051997266,-1,-0.214903328745581,0,2,"concordant","prospectively locked direct relation"
"NECTIN4",1.30169313687654,0.0714285714285714,3.37064705240409,0.0647368142023027,0.592726628583219,8.57191728926263,0.148181657145805,0.544823648621942,1,6.44711751659935,1,2,"concordant","prospectively locked direct relation"
"NEDD4L",1.15593480991018,0.0714285714285714,0.63645381979502,0.0418659742836637,0.581581853487921,6.41112254486864,0.14539546337198,0.447486025147087,-1,-4.71221984885375,0,2,"concordant","prospectively locked direct relation"
"NEK7",0.794907715093931,0.0714285714285714,2.79077651577687,0.025754077866539,0.400935784082125,4.35302024252371,0.119288803634061,0.54129335768602,1,2.89355992962416,1,2,"concordant","prospectively locked direct relation"
"NFATC2",1.19278647877157,0.142857142857143,2.90925022910766,0.0754211370895391,0.598956845811462,5.90944065455826,0.149739211452865,0.407353137776299,-1,-4.70869700325548,1,2,"concordant","prospectively locked direct relation"
"NFIA",1.48622800121673,0.142857142857143,2.30432750015502,0.153449542299718,0.69194253153294,5.89807338768765,0.172985632883235,0.387720215221128,-1,-5.11932492783616,1,2,"concordant","prospectively locked direct relation"
"NFIB",1.55884306973418,0.142857142857143,3.10798880592469,0.192946295825685,0.702089805882767,7.58667877034678,0.175522451470692,0.394001961178489,-1,-6.33492854735255,1,2,"concordant","prospectively locked direct relation"
"NFIC",1.19377803273035,0.142857142857143,2.18819251375068,0.110235206458343,0.561665927168618,6.04660532874937,0.140416481792154,0.455913558183319,-1,-3.07134295600397,0,2,"concordant","prospectively locked direct relation"
"NGEF",0.865562387347161,0.142857142857143,0.279023971937922,0.0978879837999837,0.44866794505281,1.5677150998851,0.112166986263203,0.461439715118871,1,0.0700018403862051,0,2,"concordant","prospectively locked direct relation"
"NGFR",1.01103488781013,0.0714285714285714,2.73070927485313,0.0386906603628346,0.496105451022335,5.25707703812461,0.124026362755584,0.419784059619651,-1,-3.27163613444306,0,2,"concordant","prospectively locked direct relation"
"NGLY1",0.839072710220051,0.142857142857143,2.2478156546649,0.0961767271600174,0.45133942366691,3.18466852961226,0.1342851948358,0.511784383164241,-1,-3.5643343891869,1,2,"concordant","prospectively locked direct relation"
"NHS",1.31584580051376,0.142857142857143,2.72556882267539,0.121142982619433,0.590075234414364,7.27130836804028,0.147518808603591,0.497852724285863,1,6.32291515723052,1,2,"concordant","prospectively locked direct relation"
"NHSL1",1.15518872491151,0.0714285714285714,0.218069502402226,0.0436363715268447,0.565314416511094,6.54657179568654,0.141328604127773,0.469562348889366,-1,-5.34831237065898,1,2,"concordant","prospectively locked direct relation"
"NIBAN1",1.26761613749646,0.0714285714285714,1.08798486678036,0.0703562405487683,0.564363564632129,6.78021651793186,0.167912810760316,0.342273484641425,-1,-6.17570185420083,1,2,"concordant","prospectively locked direct relation"
"NKIRAS2",0.637961835237656,0.0714285714285714,0.41649628547096,0.0296117987117001,0.332693282307256,2.38106734611726,0.0989848878527449,0.495483391015645,1,2.80865358342726,1,2,"concordant","prospectively locked direct relation"
"NKTR",0.834377705079997,0.0714285714285714,1.72891123778048,0.0575577205877546,0.49322043766959,2.08693404203947,0.123305109417398,0.27325716978797,-1,-2.75916008370087,1,2,"concordant","prospectively locked direct relation"
"NLE1",0.68276256364902,0.0714285714285714,0.322004091004269,0.0249885541097725,0.379178273146915,3.3859561130239,0.0947945682867286,0.441401203705892,-1,-1.8310351163904,0,2,"concordant","prospectively locked direct relation"
"NME7",1.06090830560316,0.142857142857143,3.38229949066001,0.0689615042496909,0.467226206360766,3.67681764205347,0.116806551590191,0.50329658186933,1,6.29687703099625,1,2,"concordant","prospectively locked direct relation"
"NMNAT1",0.996149330162415,0.0714285714285714,0.0790920395518373,0.0540729585932848,0.507907142375457,4.27299119820115,0.126976785593864,0.455639518371576,-1,-2.09112113388077,0,2,"concordant","prospectively locked direct relation"
"NMNAT3",1.98782980979978,0.285714285714286,3.07728408976567,0.357703117815317,0.805624381188981,8.81350879835713,0.239694166562043,0.482299746273393,-1,-3.44135346227614,0,2,"concordant","prospectively locked direct relation"
"NMRK1",1.53053450115359,0.357142857142857,1.98399715854478,0.349208759249695,0.695133154515432,6.50702521298341,0.173783288628858,0.377681035386514,-1,-2.96128307034411,0,2,"concordant","prospectively locked direct relation"
"NMT2",1.05661360045008,0.0714285714285714,1.74967349718298,0.0404665038191128,0.502288038486943,6.82514109801482,0.125572009621736,0.379359361467013,-1,-5.77192193486282,1,2,"concordant","prospectively locked direct relation"
"NOA1",1.15255211591839,0.142857142857143,0.136241178994395,0.131902350304913,0.570495561551384,3.51659234691804,0.142623890387846,0.356773548754464,-1,-0.314267225486183,0,2,"concordant","prospectively locked direct relation"
"NOL4L",0.83194181486137,0.142857142857143,0.278458916120778,0.0859204913514989,0.397208990626476,3.10947837201675,0.0993022476566191,0.428000396106564,-1,-0.279896285702177,0,2,"concordant","prospectively locked direct relation"
"NOMO2",1.43104495946216,0.214285714285714,0.546092584191918,0.129610309650144,0.596127937175183,4.02420913389037,0.149031984293796,0.417185769649059,1,6.63451450500866,0,2,"concordant","prospectively locked direct relation"
"NOP53",1.00287873459124,0.0714285714285714,1.21464785863684,0.0445330424059814,0.500385804385086,5.19232418356993,0.125096451096272,0.389022939047878,-1,-3.3844049076128,0,2,"concordant","prospectively locked direct relation"
"NOSTRIN",0.961032277432444,0.142857142857143,1.29215152094476,0.0765307140146551,0.493137240788382,3.69728507644287,0.123284310197096,0.431011255261141,-1,-1.77539013117029,0,2,"concordant","prospectively locked direct relation"
"NPNT",1.6336667888634,0.357142857142857,2.04902140665085,0.523058718424645,0.720863552130105,5.62587302962197,0.2144756196154,0.502783108960696,-1,-1.60865894811343,0,2,"concordant","prospectively locked direct relation"
"NPR3",1.69135782426269,0.357142857142857,3.99069998406236,0.331310446023045,0.758663235530625,6.90312163063079,0.189665808882656,0.443652671398228,1,3.89966272319859,0,2,"concordant","prospectively locked direct relation"
"NQO1",1.49929272836324,0.285714285714286,3.75873749165088,0.223035166496934,0.659963255583605,7.37315885616085,0.164990813895901,0.355720154864166,1,7.16719031371008,1,2,"concordant","prospectively locked direct relation"
"NRP2",0.74808786271156,0.0714285714285714,0.516428872690318,0.0361547926160373,0.382810541508087,4.05544033732576,0.0957026353770217,0.390806450062838,1,3.37660181875345,1,2,"concordant","prospectively locked direct relation"
"NT5C2",1.26986589195624,0.142857142857143,2.83036577096308,0.0603102429082739,0.49699625033988,4.95385512491992,0.147869285974022,0.510084550392977,1,9.88849394084357,1,2,"concordant","prospectively locked direct relation"
"NT5DC2",1.26704917967728,0.214285714285714,0.347629830629552,0.173483126847691,0.684468287288987,5.58942227645439,0.171117071822247,0.502664210048385,1,4.7757060186741,1,2,"concordant","prospectively locked direct relation"
"NT5E",0.814876198511639,0.0714285714285714,0.261315044080374,0.0455602570914361,0.444429939836636,2.96651897865343,0.180932330618849,0.553828967603997,1,2.84073364581136,1,2,"concordant","prospectively locked direct relation"
"NTM",1.37285650946019,0.142857142857143,1.71050795517693,0.145499176523306,0.627641314954255,5.97467214447728,0.156910328738564,0.452869896084301,1,3.33875089438052,0,2,"concordant","prospectively locked direct relation"
"NTN4",0.982316315809887,0.142857142857143,1.05709269954558,0.0935827465207545,0.484785764485661,2.16652818889128,0.121196441121415,0.299908632043888,-1,-3.69444001624323,1,2,"concordant","prospectively locked direct relation"
"NUCB2",1.52642351601087,0.285714285714286,1.89168293077074,0.311116055337133,0.658371446041446,6.99435128428792,0.195882595824931,0.455606101798455,-1,-2.4681617626226,0,2,"concordant","prospectively locked direct relation"
"NUDT9",2.22660578241742,0.357142857142857,2.32572635406014,0.350598558139639,0.880364638536438,9.93456255858786,0.220091159634109,0.428438889840634,-1,-3.40014540707662,0,2,"concordant","prospectively locked direct relation"
"NUP58",1.0367928884812,0.285714285714286,0.519015218910475,0.13428165212841,0.542238550369944,0.929227849364606,0.135559637592486,0.400430124861705,1,3.13926131590485,1,2,"concordant","prospectively locked direct relation"
"NUTF2",1.07776585042621,0.142857142857143,2.69678812908184,0.0538217170019242,0.587814594922926,5.29637019209829,0.146953648730731,0.283925693507206,1,3.9659612740694,1,2,"concordant","prospectively locked direct relation"
"OAS1",1.48550471001791,0.214285714285714,4.19279704857974,0.283909341146066,0.726379416013263,5.5129035163894,0.181594854003316,0.462272768961609,1,2.74063744344908,0,2,"concordant","prospectively locked direct relation"
"OAS2",1.54097774972214,0.214285714285714,3.5622566275073,0.279436227661732,0.731440837610239,5.44702072253894,0.217622636620903,0.517613155580481,1,1.5950379109634,0,2,"concordant","prospectively locked direct relation"
"OASL",1.78382438847307,0.357142857142857,5.18581450530785,0.521859830127975,0.788882487781943,7.54672313567723,0.197220621945486,0.486161806102975,1,5.40094708431513,1,2,"concordant","prospectively locked direct relation"
"OCIAD2",1.8709919771107,0.428571428571429,4.91589569115049,0.673572353210553,0.783271210705762,7.85966038854574,0.19581780267644,0.511022340381924,1,6.37218840940412,1,2,"concordant","prospectively locked direct relation"
"OGDH",1.02601072300222,0.0714285714285714,1.56602579236249,0.0605448320106716,0.534413074271072,3.62984537675019,0.159001762394795,0.534892317916912,-1,-2.20563775345325,0,2,"concordant","prospectively locked direct relation"
"OGFOD1",0.816710723481607,0.142857142857143,2.02014572534882,0.0627119821855214,0.430568120917728,2.86698459229211,0.107642030229432,0.456153236678508,1,3.56741849711653,1,2,"concordant","prospectively locked direct relation"
"OMA1",0.874696694118785,0.0714285714285714,0.432303741553076,0.049100031591328,0.469282528870414,2.28507360841052,0.117320632217603,0.40005511386124,-1,-1.12788052161349,0,2,"concordant","prospectively locked direct relation"
"OS9",1.30030115812074,0.285714285714286,0.557411821517235,0.180624152485233,0.575993016457208,5.04421357285056,0.143998254114302,0.323914763141388,-1,-0.0996128059631943,0,2,"concordant","prospectively locked direct relation"
"OSBP",1.30227991669027,0.214285714285714,0.806886580850519,0.13369538091341,0.586915907157474,6.22540012525736,0.174622718096606,0.516091786802363,-1,-1.39203797875382,0,2,"concordant","prospectively locked direct relation"
"OSBPL10",0.827684594840924,0.0714285714285714,2.46690271493699,0.0380598519715174,0.366581605763395,4.81137954341749,0.0916454014408487,0.4680375020368,1,4.13086659789979,1,2,"concordant","prospectively locked direct relation"
"OSBPL3",1.87906162282899,0.214285714285714,1.96477799212362,0.291221700850748,0.815163848540969,9.32689130273481,0.24253240573376,0.510275465814655,1,5.65202142676339,0,2,"concordant","prospectively locked direct relation"
"OTC",1.94514273800738,0.357142857142857,1.19346764380108,0.454905547506146,0.799075022049824,7.60017972427224,0.237745562203696,0.506683193849457,-1,-4.61193750865299,0,2,"concordant","prospectively locked direct relation"
"OXA1L",0.882838209090215,0.0714285714285714,2.62429635028765,0.0462063703249917,0.389647193175881,4.98201708719718,0.0974117982939702,0.500592208989444,-1,-4.60355328632058,1,2,"concordant","prospectively locked direct relation"
"OXNAD1",1.2262184753993,0.142857142857143,2.69072519648996,0.144057817576403,0.615127056779038,4.85535164786448,0.153781764194759,0.385663598453975,-1,-3.22873471411859,1,2,"concordant","prospectively locked direct relation"
"P3H1",0.827857239965551,0.0714285714285714,0.0411132080277976,0.0386249342822391,0.412847682634522,3.76910409253752,0.122832902673708,0.510028171985299,1,1.90503421903114,0,2,"concordant","prospectively locked direct relation"
"P4HA1",1.33178051187965,0.214285714285714,4.29237500228119,0.157139952218662,0.616703132240988,7.31369399082625,0.183485190803864,0.539156178826217,1,4.95328405747538,1,2,"concordant","prospectively locked direct relation"
"P4HB",1.56626708222701,0.214285714285714,1.90605913438093,0.226111520121448,0.724619364363102,6.67444369813075,0.295000535863891,0.662795285996369,-1,-2.59530900945282,0,2,"concordant","prospectively locked direct relation"
"PABPC4",1.18203430269503,0.0714285714285714,1.13946770376543,0.059012539022918,0.51952838260908,6.11336882761272,0.12988209565227,0.259212288193401,-1,-5.47153736500168,1,2,"concordant","prospectively locked direct relation"
"PACS2",1.02186974701409,0.214285714285714,3.01563017414423,0.125991164701541,0.487804792274972,5.37906277647681,0.121951198068743,0.461009876309024,-1,-3.15197378554827,0,2,"concordant","prospectively locked direct relation"
"PACSIN2",0.896143859240147,0.0714285714285714,0.542314566559686,0.0460279879275965,0.454484643045859,4.04037249203085,0.185025711199811,0.638119678092872,-1,-3.26606740370595,0,2,"concordant","prospectively locked direct relation"
"PADI1",2.33994219972532,0.428571428571429,1.66035880387621,0.772293982866654,0.880404130296015,9.61671864386891,0.220101032574004,0.510978330538518,1,7.55016509555181,1,2,"concordant","prospectively locked direct relation"
"PAFAH1B2",1.20339208876277,0.214285714285714,0.657902852171973,0.115415727683247,0.545374299907802,4.25511127058215,0.222027893031268,0.538187821136913,1,5.14670158995084,1,2,"concordant","prospectively locked direct relation"
"PAG1",0.876917675860356,0.142857142857143,1.34862444876598,0.0568107149324006,0.449271080028698,3.5355862168914,0.133669808911415,0.266987538499144,-1,-4.35001331858429,1,2,"concordant","prospectively locked direct relation"
"PAIP2B",1.31127587491288,0.0714285714285714,0.134642210131765,0.0723406735595775,0.623159509516215,6.42350183092562,0.155789877379054,0.395091322134624,-1,-3.2758900609436,0,2,"concordant","prospectively locked direct relation"
"PALM3",1.00577110152684,0.0714285714285714,0.238445186852318,0.0571149610597411,0.505701897397202,3.35810984463211,0.1264254743493,0.351278665700764,-1,-3.20585686025475,1,2,"concordant","prospectively locked direct relation"
"PALMD",1.10346082024295,0.0714285714285714,1.5005502413682,0.0623290532804085,0.554172305875676,4.496594775722,0.138543076468919,0.372514564437535,-1,-3.71157994378568,1,2,"concordant","prospectively locked direct relation"
"PARP1",1.09538992396664,0.142857142857143,1.90275210911772,0.153841900458821,0.581458467268554,3.3862107298528,0.172998988060275,0.527144305647278,-1,-3.06239346597005,1,2,"concordant","prospectively locked direct relation"
"PARP9",1.13785106968439,0.214285714285714,0.973965782719011,0.234003792932283,0.66558825325994,2.324358617504,0.198029783313129,0.5227225578234,1,2.34819461351936,1,2,"concordant","prospectively locked direct relation"
"PBLD",1.23399625957311,0.0714285714285714,1.37320862878542,0.0540092565876599,0.560641316612685,6.8677519212118,0.140160329153171,0.428068495578359,-1,-4.18773509042178,0,2,"concordant","prospectively locked direct relation"
"PBX1",0.962467255867203,0.0714285714285714,2.34918977819118,0.0386712184508552,0.487296036572157,5.63662435995504,0.121824009143039,0.462577654265972,-1,-3.57361990280795,0,2,"concordant","prospectively locked direct relation"
"PC",0.781611373828025,0.0714285714285714,1.46631870595256,0.0408119644798313,0.432324607729403,4.18398808223629,0.108081151932351,0.259289019079248,-1,-2.58716582175082,0,2,"concordant","prospectively locked direct relation"
"PCBP2",2.4531744820996,0.285714285714286,1.81380911786521,0.348203360820419,0.873571829562616,8.37175079845054,0.259910296297218,0.502410147520927,1,1.86761864236575,0,2,"concordant","prospectively locked direct relation"
"PCCA",1.04035630631158,0.142857142857143,3.25627067575422,0.0782629677523821,0.540640997906435,5.41491226918192,0.160854731346637,0.550059967476114,-1,-3.77789145086215,1,2,"concordant","prospectively locked direct relation"
"PCCB",2.36060525405147,0.285714285714286,2.64286547487563,0.452717365569773,0.870878122207415,8.5966158748438,0.259108848433246,0.525075779614943,-1,-0.952717191395282,0,2,"concordant","prospectively locked direct relation"
"PCDH1",1.13476540809129,0.142857142857143,2.64625856174215,0.103012001199483,0.537477116409947,5.6629987262289,0.159913394470409,0.534842733602263,1,5.85544008953628,1,2,"concordant","prospectively locked direct relation"
"PCDH7",1.28707780689815,0.0714285714285714,3.19986643288818,0.0621429293943023,0.607172436894997,6.03676476110457,0.180649561531644,0.618535018843362,1,4.46434936018923,1,2,"concordant","prospectively locked direct relation"
"PCK2",1.33984408273519,0.0714285714285714,1.02130904614487,0.0605384644474723,0.666745033323833,8.0630618608286,0.198373955410926,0.492688626174913,-1,-7.05860837354385,0,2,"concordant","prospectively locked direct relation"
"PCMTD1",0.653989388083957,0.0714285714285714,0.862828153785354,0.0329666396691235,0.319032042158787,3.27150347456506,0.0797580105396967,0.433479631468521,-1,-2.45945997769244,1,2,"concordant","prospectively locked direct relation"
"PCYT2",0.955808680114563,0.0714285714285714,0.605195571259799,0.0544702924756621,0.515294452859609,2.795521442119,0.153313476225659,0.512716864670531,-1,-0.928270577305899,0,2,"concordant","prospectively locked direct relation"
"PDCD10",1.10229104032274,0.0714285714285714,2.11791448774189,0.0646542567508702,0.625191537942472,3.88600857259072,0.254522371028139,0.580978017819106,1,2.31745129651611,1,2,"concordant","prospectively locked direct relation"
"PDCD4",1.15126786873168,0.142857142857143,1.56539199283559,0.0786863327197898,0.54928364488524,7.30223182359738,0.163426143176822,0.479420266241436,-1,-4.64328058062575,0,2,"concordant","prospectively locked direct relation"
"PDE5A",1.04232763272362,0.142857142857143,1.35819487593183,0.0865104139638847,0.550158002122235,5.01788407256291,0.163686287152218,0.403334382893118,-1,-4.42343951617579,1,2,"concordant","prospectively locked direct relation"
"PDE8A",1.0887165365888,0.142857142857143,2.36973096423388,0.0886873824593906,0.533260259061995,5.88170497642471,0.133315064765499,0.37012751678608,-1,-4.26119386181843,1,2,"concordant","prospectively locked direct relation"
"PDGFC",1.11026682127726,0.142857142857143,2.91213323770215,0.0905414383649006,0.540730008006864,3.97252666095994,0.160881214162123,0.53149523764547,1,2.11179130511479,0,2,"concordant","prospectively locked direct relation"
"PDIA2",1.77302880751402,0.428571428571429,0.0136985954224719,0.557109420571021,0.812798079317038,5.9679431109345,0.20319951982926,0.401496981467023,-1,-5.12187886645892,1,2,"concordant","prospectively locked direct relation"
"PDK2",1.71334610579209,0.285714285714286,1.31869770634379,0.366766522625008,0.682681344964708,7.29056417205552,0.170670336241177,0.466719846834576,-1,-0.689651686854953,0,2,"concordant","prospectively locked direct relation"
"PDK3",2.15949430277044,0.285714285714286,6.50182119230469,0.297775567356233,0.844063630620768,7.65114557585582,0.251130841110329,0.579280900478873,-1,-7.97518797859528,1,2,"concordant","prospectively locked direct relation"
"PDLIM7",0.739389546036624,0.0714285714285714,1.12544405852804,0.0230066095368975,0.333412960942799,3.90718275904491,0.0991990109289165,0.576661036502582,1,2.10333141441728,0,2,"concordant","prospectively locked direct relation"
"PDP1",1.22872563369809,0.0714285714285714,0.379191408368088,0.0679615167010385,0.6006977965079,4.88084497191438,0.178723187941654,0.449342718689867,1,2.87801700309668,0,2,"concordant","prospectively locked direct relation"
"PDPR",1.00069701651943,0.142857142857143,1.82496106199698,0.153090406831292,0.6328353297749,1.25532254475711,0.188284938345018,0.495725993929836,-1,-0.0696250298866647,0,2,"concordant","prospectively locked direct relation"
"PDZK1",1.96439842591021,0.428571428571429,4.38857615232405,0.438851377887721,0.778219566250537,8.96334402096368,0.194554891562634,0.506918831013486,-1,-2.669781953871,0,2,"concordant","prospectively locked direct relation"
"PDZK1IP1",0.910550615992189,0.142857142857143,1.93986310407174,0.0618377138831684,0.402219156885242,5.1939641874975,0.119670640357991,0.503318610772869,1,2.88151634151532,0,2,"concordant","prospectively locked direct relation"
"PEBP1",2.06932913346887,0.357142857142857,5.24551354438539,0.365489080699598,0.816787466534281,10.0442153910462,0.332523186882132,0.642452469038669,-1,-5.04611011491269,0,2,"concordant","prospectively locked direct relation"
"PELO",1.01955327891759,0.214285714285714,1.11975011104784,0.116887931856747,0.485871726487951,2.13990746818772,0.14455945134718,0.470655010302864,1,3.70492531084683,1,2,"concordant","prospectively locked direct relation"
"PEX7",1.61953720895949,0.285714285714286,0.659373402853107,0.344605134083495,0.744997226119887,6.04909566978071,0.186249306529972,0.456118257213349,-1,-1.91172325436701,0,2,"concordant","prospectively locked direct relation"
"PFAS",1.17755706216624,0.142857142857143,4.13752207199437,0.130673266658346,0.580026699505036,5.57729256092338,0.172572999983449,0.571072112470998,-1,-4.5417022890076,1,2,"concordant","prospectively locked direct relation"
"PFKP",1.20554087371171,0.285714285714286,2.72917445492912,0.334136113412931,0.627670847801354,3.6619052852815,0.186748370893389,0.575852253679447,1,3.773808206395,1,2,"concordant","prospectively locked direct relation"
"PGGHG",1.68764341634155,0.357142857142857,0.698720035575244,0.492384035954153,0.77810540671235,4.68357293321403,0.194526351678087,0.501551106729206,-1,-4.33437046305055,1,2,"concordant","prospectively locked direct relation"
"PGM1",1.07374743776458,0.214285714285714,0.190509000559861,0.131465153974764,0.573759936950282,3.19623034035388,0.170708475444871,0.298517958243637,-1,-3.33130186399597,1,2,"concordant","prospectively locked direct relation"
"PGM2L1",1.38563278903995,0.214285714285714,3.65137097785469,0.156305551027826,0.612413743184291,8.29679966260714,0.182208986211486,0.576768650140333,1,5.4742907031582,1,2,"concordant","prospectively locked direct relation"
"PGM3",0.910115629752411,0.142857142857143,0.555537873643047,0.0532613074206797,0.46766437695929,3.96941339975722,0.116916094239822,0.495535152078822,-1,-0.65634434070639,0,2,"concordant","prospectively locked direct relation"
"PGM5",1.24999676344937,0.142857142857143,2.90908456953889,0.0918901313923652,0.611073451567606,7.55893661208876,0.181810214662967,0.466666271167316,-1,-5.17563003123273,0,2,"concordant","prospectively locked direct relation"
"PGPEP1",1.40736453452468,0.214285714285714,2.17868200147252,0.181474061164065,0.651236607278856,7.34750166192578,0.162809151819714,0.392981775578082,-1,-4.04053459490809,0,2,"concordant","prospectively locked direct relation"
"PGRMC2",2.19975596047778,0.285714285714286,1.89778241034899,0.359586934735757,0.855289084027159,8.89892079712152,0.254470704899649,0.439317407097882,-1,-2.04648216889477,0,2,"concordant","prospectively locked direct relation"
"PHACTR4",1.03985376126122,0.0714285714285714,1.03698769012544,0.049625758692149,0.539831843927467,4.36621019165232,0.134957960981867,0.431153376746737,-1,-4.58784849563105,1,2,"concordant","prospectively locked direct relation"
"PHF14",0.826573603390843,0.0714285714285714,0.666870686777282,0.0303103125023771,0.482217500390704,3.55522470742341,0.120554375097676,0.354597135934834,1,2.56170783754904,0,2,"concordant","prospectively locked direct relation"
"PHF5A",0.740187953003084,0.0714285714285714,0.38296602854602,0.0455542097749027,0.397647251464284,2.68336167075709,0.099411812866071,0.448129889984381,1,2.86175798232378,1,2,"concordant","prospectively locked direct relation"
"PHGDH",1.33918031111016,0.142857142857143,1.37213066863993,0.152322108562622,0.686277146908157,6.87725200241097,0.204185266235308,0.39262678561527,-1,-5.09784026755646,1,2,"concordant","prospectively locked direct relation"
"PHKB",1.09749673647993,0.285714285714286,0.0232188499123148,0.22888032082819,0.641176754705,2.9718423953715,0.190766728796306,0.467801313689251,-1,-1.38854587402671,0,2,"concordant","prospectively locked direct relation"
"PHLDA3",1.14859363149961,0.142857142857143,2.05255048549337,0.12436899160497,0.648280544258653,3.36835022386756,0.162070136064663,0.403485232462173,1,3.16824653441338,1,2,"concordant","prospectively locked direct relation"
"PHYH",0.9396450523492,0.0714285714285714,0.375361585255975,0.0386444207503323,0.472375891608472,4.84728573813485,0.118093972902118,0.325837714065407,-1,-3.13529308379561,0,2,"concordant","prospectively locked direct relation"
"PHYHD1",1.17547077095869,0.142857142857143,0.0890533447889162,0.121262761370864,0.575223621029525,4.05568276209292,0.143805905257381,0.43959582864646,-1,-3.3621366800938,1,2,"concordant","prospectively locked direct relation"
"PHYKPL",0.956254799788472,0.0714285714285714,2.08810879579721,0.0433918980021937,0.429746775551394,6.28835199612793,0.107436693887848,0.255538206576205,-1,-5.06982458357802,1,2,"concordant","prospectively locked direct relation"
"PI3",1.82205198508089,0.357142857142857,4.09606777390413,0.380508173322863,0.772197520271805,8.81746848001311,0.193049380067951,0.502723753659361,1,7.45931030061683,1,2,"concordant","prospectively locked direct relation"
"PIP4K2C",1.32348371008302,0.142857142857143,3.07493562726405,0.16793437388896,0.606591959840594,4.03049344681652,0.180476854539387,0.612725281626241,1,5.4204252136125,1,2,"concordant","prospectively locked direct relation"
"PKM",1.68417120604978,0.214285714285714,3.11188361402332,0.265520237696948,0.74474113615106,8.55794478499944,0.303192331104136,0.522650928726927,1,7.20747182913187,1,2,"concordant","prospectively locked direct relation"
"PKP1",1.17398092909139,0.142857142857143,3.43838387619615,0.10693215264767,0.541164618700013,5.82076722335474,0.220314085378328,0.655190892986463,1,3.64720765252428,1,2,"concordant","prospectively locked direct relation"
"PKP3",1.3645419107897,0.285714285714286,2.35023205998905,0.299826280565346,0.666010493120244,3.90076866681674,0.166502623280061,0.49847595580902,1,3.61088985789327,1,2,"concordant","prospectively locked direct relation"
"PLA2G1B",1.98000338287253,0.428571428571429,2.0696042286942,0.720437552713618,0.821944365401917,4.93088361624276,0.205486091350479,0.288525529739958,-1,-2.88963623890566,1,2,"concordant","prospectively locked direct relation"
"PLAU",1.26714693822781,0.214285714285714,3.52029460553239,0.147439760239238,0.578863327518425,6.1873469089101,0.144715831879606,0.508623113476881,1,4.12516285147939,1,2,"concordant","prospectively locked direct relation"
"PLAUR",1.06398036071651,0.214285714285714,2.6991464378847,0.116772220513313,0.503069364300939,5.67147488965478,0.149676195029063,0.500380577175222,1,3.04455897711216,0,2,"concordant","prospectively locked direct relation"
"PLBD1",2.34132706958708,0.571428571428571,7.81562433357216,1.33745071718386,0.879963928160495,8.65923110238652,0.316421891731424,0.596923915913134,1,6.11761864489645,1,2,"concordant","prospectively locked direct relation"
"PLCB1",1.22960795545205,0.214285714285714,1.29493476467527,0.154638928150185,0.564037352690356,5.26531747805454,0.141009338172589,0.338732867173077,-1,-1.69922145315319,0,2,"concordant","prospectively locked direct relation"
"PLCD3",1.96227317785638,0.357142857142857,2.16040475077926,0.557189278543003,0.855438680853691,8.34783463886575,0.213859670213423,0.526932327946212,1,7.00738435455133,1,2,"concordant","prospectively locked direct relation"
"PLD1",1.14018447831743,0.142857142857143,1.74017509219739,0.0959640917097354,0.593379158023532,5.14623415428311,0.148344789505883,0.289282326551105,-1,-3.67108765542005,0,2,"concordant","prospectively locked direct relation"
"PLEC",0.892395507830927,0.0714285714285714,2.4081326653362,0.0593012768413493,0.47862248686754,2.77559360398185,0.119655621716885,0.472086913768403,1,2.39675301849188,1,2,"concordant","prospectively locked direct relation"
"PLEK2",1.72066341322904,0.285714285714286,4.38943810883612,0.395136993859934,0.769365710847434,7.62965261777064,0.192341427711858,0.465156339657473,1,4.8144988391236,1,2,"concordant","prospectively locked direct relation"
"PLEKHS1",0.683225634093024,0,0.560137880019239,0,0.426566513665355,1.20034471953623,0.106641628416339,0.29815167042632,-1,-1.39214954242351,1,2,"concordant","prospectively locked direct relation"
"PLIN1",1.42996844657531,0.214285714285714,1.30524246852482,0.285061925247559,0.743303988648563,4.25207788625278,0.221152232009679,0.516189641251183,-1,-4.64139507960314,1,2,"concordant","prospectively locked direct relation"
"PLIN4",1.46473459113395,0.214285714285714,1.79220551601981,0.251154492102297,0.711701278833913,4.96159734478416,0.211749605466842,0.520946551772699,-1,-5.33644058652575,1,2,"concordant","prospectively locked direct relation"
"PLOD1",0.824339593714169,0.142857142857143,0.616899342446716,0.0961645585143903,0.414710447327526,3.10897322089573,0.123387123525282,0.422383686881704,1,1.25993835363098,0,2,"concordant","prospectively locked direct relation"
"PLOD2",1.31430358204179,0.214285714285714,1.59523162708913,0.264591765430305,0.67537510845394,3.58996815597637,0.168843777113485,0.404151179055893,1,1.32761551799003,0,2,"concordant","prospectively locked direct relation"
"PLOD3",0.79231901298207,0.0714285714285714,0.519262913656412,0.0476854270164161,0.539670598425904,1.5803036279443,0.160566012310633,0.278019206917904,1,1.89361462484787,1,2,"concordant","prospectively locked direct relation"
"PLPBP",0.96711963830502,0.0714285714285714,0.0933394555202564,0.041698070174906,0.495096024835841,4.70536184076006,0.147303919558723,0.532520341678395,-1,-3.14220137054985,0,2,"concordant","prospectively locked direct relation"
"PLPP3",0.975964859240354,0.0714285714285714,2.4484308372296,0.0401650057068006,0.428527973198407,6.02592826447611,0.107131993299602,0.467583282760996,-1,-3.33639534386386,0,2,"concordant","prospectively locked direct relation"
"PLS3",1.216382565872,0.142857142857143,1.22143765872893,0.163037992985881,0.579194393507335,4.52870421094396,0.172325367343348,0.315899086774978,1,2.52216537958442,0,2,"concordant","prospectively locked direct relation"
"PLXNA1",0.888844315473612,0.142857142857143,1.40033816985981,0.0662631098638995,0.647949666138,1.37473124319514,0.1619874165345,0.31596103387757,1,1.11147125235095,1,2,"concordant","prospectively locked direct relation"
"PLXNA2",1.21939640224548,0.214285714285714,0.862139510057035,0.116336881066666,0.536902333428846,5.67198792679398,0.134225583357211,0.367952113383464,-1,-0.524273617612284,0,2,"concordant","prospectively locked direct relation"
"PML",0.976945426166759,0.0714285714285714,2.38813469503409,0.0453208980552504,0.498458844664753,3.90910350177173,0.124614711166188,0.456410252190457,1,1.90106499792266,0,2,"concordant","prospectively locked direct relation"
"PNISR",0.915667592096434,0.142857142857143,2.25977870350165,0.0816767151960247,0.456814105666773,4.05834606175552,0.114203526416693,0.307338048691219,-1,-4.22573339183543,1,2,"concordant","prospectively locked direct relation"
"PNKD",0.869081407892061,0.142857142857143,1.50199625280914,0.0326361857509049,0.470809954971682,4.56254225350466,0.140078183333404,0.404174900130967,1,2.63476806101065,0,2,"concordant","prospectively locked direct relation"
"PNLIP",1.85309995953759,0.357142857142857,2.7875453239214,0.455392146394744,0.774364612944588,4.62398942665996,0.193591153236147,0.326196897376288,-1,-3.1708505544672,1,2,"concordant","prospectively locked direct relation"
"PNLIPRP1",1.97798906096647,0.357142857142857,0.370762680309252,0.647993485422554,0.845433588867927,5.10341050992727,0.211358397216982,0.184239618720429,-1,-3.12147927572124,1,2,"concordant","prospectively locked direct relation"
"POGLUT2",0.895626135580914,0.0714285714285714,0.667891428855507,0.0525930037906251,0.44818705516398,3.04331017038975,0.112046763790995,0.250334925250487,1,1.83593499245118,0,2,"concordant","prospectively locked direct relation"
"POLDIP2",1.05450535395773,0.142857142857143,0.659612162371372,0.0766897694360485,0.47007114129815,4.95494200093306,0.117517785324538,0.422327328087975,-1,-1.95255822373983,0,2,"concordant","prospectively locked direct relation"
"POLR1D",0.824353684643555,0.0714285714285714,0.966218835723582,0.049436251378954,0.374794765174201,4.47445062849506,0.0936986912935503,0.288412425026342,-1,-2.48840815733022,0,2,"concordant","prospectively locked direct relation"
"PON2",1.09506766471032,0.142857142857143,0.465154952908187,0.130020220798988,0.614216306545273,3.12957810946576,0.18274529560402,0.507089714467327,1,2.42141359889931,1,2,"concordant","prospectively locked direct relation"
"POSTN",1.16377298579846,0.142857142857143,2.6020338022022,0.119757196360984,0.545915685482223,5.81121859951112,0.222248297070158,0.495554476395638,1,2.92588524177133,0,2,"concordant","prospectively locked direct relation"
"PPCDC",1.07150172026092,0.0714285714285714,1.96702757825193,0.0589314301230016,0.597558770735492,4.54997229830502,0.149389692683873,0.338247684115537,-1,-2.74816362353577,0,2,"concordant","prospectively locked direct relation"
"PPFIBP1",1.05454649683518,0.0714285714285714,0.881802719457126,0.0507992494978356,0.565078170178648,3.78361778677362,0.141269542544662,0.27316792626522,1,1.9532503791249,0,2,"concordant","prospectively locked direct relation"
"PPIE",0.862059073318396,0.0714285714285714,1.74207116279826,0.0333141506762929,0.418946104200709,3.91559794970207,0.104736526050177,0.267904365973517,-1,-2.83867164459602,1,2,"concordant","prospectively locked direct relation"
"PPIF",0.943818910985818,0.0714285714285714,0.958367585441807,0.0383269168822329,0.467980670736283,4.20819660898495,0.139236397828141,0.470252263382545,-1,-3.13100549913493,1,2,"concordant","prospectively locked direct relation"
"PPL",1.63302310631105,0.285714285714286,2.78194816306468,0.345923601979144,0.703157399823167,4.21274449278783,0.175789349955792,0.430891748041704,1,4.73602855957252,1,2,"concordant","prospectively locked direct relation"
"PPP1R13B",0.839912992894647,0.0714285714285714,2.12969287310016,0.0410837452332683,0.383478831383012,4.89501761187063,0.0958697078457529,0.269558521878282,-1,-3.42607941527664,1,2,"concordant","prospectively locked direct relation"
"PPP1R9A",1.22518597510772,0.142857142857143,0.422032545754512,0.143540964361768,0.594267987794714,3.33093229139257,0.148566996948679,0.359185739354054,-1,-0.610947100768264,0,2,"concordant","prospectively locked direct relation"
"PPP2R1B",1.16202587870362,0.142857142857143,2.78052487605726,0.0741476179342377,0.503486864271028,7.25386271891955,0.149800412108023,0.531636512460195,-1,-3.94067984108405,0,2,"concordant","prospectively locked direct relation"
"PPP2R2D",1.09079810358303,0.0714285714285714,1.63911189170644,0.0487604323335001,0.524997855725034,7.03850967555119,0.131249463931258,0.384133706258635,-1,-4.4237328728041,0,2,"concordant","prospectively locked direct relation"
"PPP3CA",1.06060335324324,0.0714285714285714,0.683321054734452,0.0512306344947784,0.548290180185981,5.15617083877184,0.223214980054997,0.620592893963165,1,4.67459620803972,1,2,"concordant","prospectively locked direct relation"
"PRDX4",1.19096923613407,0.0714285714285714,0.361802923536367,0.0623234047547696,0.563395965162722,6.36071803882535,0.167624924800307,0.526875968448747,-1,-2.98476963201366,0,2,"concordant","prospectively locked direct relation"
"PRKAA1",1.16977578491436,0.214285714285714,0.603002431913208,0.135432339240119,0.648735251896138,5.08103879889498,0.193015577921277,0.544379778740071,1,4.69903782888607,1,2,"concordant","prospectively locked direct relation"
"PRKAG2",1.57983477900081,0.214285714285714,4.41823944742615,0.172298270130613,0.737816136613371,7.01050565932295,0.184454034153343,0.356466686124173,-1,-3.7986739681534,0,2,"concordant","prospectively locked direct relation"
"PRKAR2B",1.43312533492725,0.142857142857143,3.08810562734636,0.140536154812106,0.647862037957093,7.45540017478254,0.192755774106699,0.527111759728627,-1,-5.47463810039582,1,2,"concordant","prospectively locked direct relation"
"PRKCI",1.75436567930344,0.285714285714286,4.08571635279674,0.428724141651186,0.822187829882871,6.5548627512961,0.205546957470718,0.503212188406499,1,5.23308225316809,1,2,"concordant","prospectively locked direct relation"
"PRPF19",1.36441027089204,0.285714285714286,1.66934837558719,0.298990342494969,0.685151273843897,3.77009354958148,0.171287818460974,0.382007068735475,-1,-0.588788864684422,0,2,"concordant","prospectively locked direct relation"
"PRPF40A",0.774180491546129,0.0714285714285714,1.36204185978335,0.0409902956786856,0.412308762678509,3.42417322601868,0.103077190669627,0.396279955091968,1,1.85328074269622,0,2,"concordant","prospectively locked direct relation"
"PRSS1",2.18418079051057,0.428571428571429,2.16097376852215,0.706111355486765,0.844702734386465,5.20119867756649,0.460126673370674,0.390368988475088,-1,-3.25584961060035,1,2,"concordant","prospectively locked direct relation"
"PRSS23",0.839497650381899,0.0714285714285714,1.04949149548545,0.0477037553049041,0.450154931182562,3.40227896804552,0.133932777573532,0.507825198250671,1,2.33427501974526,1,2,"concordant","prospectively locked direct relation"
"PRSS3",1.873682153171,0.357142857142857,1.38078488262221,0.415806734026715,0.797507617537907,5.50731852300914,0.524563669481243,0.378467644632809,-1,-2.6404480210681,0,2,"concordant","prospectively locked direct relation"
"PRXL2A",1.27291840532764,0.0714285714285714,3.4397592465026,0.0808131122100822,0.628145700824999,4.62660225607151,0.186889651994606,0.568002785537986,-1,-1.82631758639057,0,2,"concordant","prospectively locked direct relation"
"PSAT1",1.75403247442732,0.357142857142857,1.94982066078462,0.445705309331085,0.792920308312839,7.18066661672682,0.19823007707821,0.34456443280263,-1,-3.67043879803743,0,2,"concordant","prospectively locked direct relation"
"PSCA",3.24936558960771,0.5,12.1580127606848,1.06137291586397,0.941985938212591,7.364601747519,0.235496484553148,0.595751815448963,1,7.05901563204456,1,2,"concordant","prospectively locked direct relation"
"PSMA1",1.37913280365294,0.142857142857143,2.00631811971592,0.118408514786144,0.671262634961894,1.52540691956412,0.273278422794038,0.564169053842586,1,12.6153662595142,1,2,"concordant","prospectively locked direct relation"
"PSMA4",0.904270385091555,0.0714285714285714,1.05006446361462,0.0434931633838325,0.509486875961746,2.13200961757669,0.15158557133998,0.450536491358339,1,2.0082002008797,1,2,"concordant","prospectively locked direct relation"
"PSMA7",1.02758252272334,0.142857142857143,1.66979844246317,0.135729903990465,0.63039018561842,2.55872498241473,0.256638797838676,0.439476769108416,1,2.13939097510548,1,2,"concordant","prospectively locked direct relation"
"PSMC2",0.929252970881252,0.142857142857143,0.199549701394003,0.0788800160262948,0.453504168229986,2.80264429406643,0.134929262537798,0.539701086941006,1,3.18884148940339,1,2,"concordant","prospectively locked direct relation"
"PSMD14",1.09162249996509,0.0714285714285714,1.45806232424693,0.0645128537578804,0.508450935393811,4.91010271900918,0.151277352129096,0.475218494655237,1,4.99366359426817,1,2,"concordant","prospectively locked direct relation"
"PSMD4",0.70324296023119,0.0714285714285714,0.812839871468768,0.0279875791999224,0.398902996093472,2.93409468133428,0.118683996438407,0.461141261875491,1,2.222766401182,1,2,"concordant","prospectively locked direct relation"
"PSMD8",1.13784064318787,0.142857142857143,0.713096321819971,0.16567850829452,0.576032349197743,3.41361818144497,0.171384577077913,0.545565770190777,1,4.22714313576202,1,2,"concordant","prospectively locked direct relation"
"PSMG3",1.3531063852113,0.142857142857143,0.167082573988879,0.142793231925429,0.668567215268599,5.20715607589792,0.16714180381715,0.497289599063419,1,4.93010891718442,1,2,"concordant","prospectively locked direct relation"
"PTBP3",0.94814026681437,0.0714285714285714,1.57299207995626,0.0477507199854769,0.454305843029948,5.88272534437055,0.135167781601418,0.567439583867804,1,4.07140687674447,1,2,"concordant","prospectively locked direct relation"
"PTGES",1.52380785616006,0.357142857142857,1.03266061377137,0.281033600857836,0.711464788422409,5.23332433970361,0.177866197105602,0.492757218400088,1,5.30716113922057,1,2,"concordant","prospectively locked direct relation"
"PTK6",1.53634881907412,0.357142857142857,2.57654749647332,0.522207448410813,0.704773535926332,4.76671919573013,0.176193383981583,0.509027398068414,1,3.8038512533302,1,2,"concordant","prospectively locked direct relation"
"PTK7",0.813133259398356,0.0714285714285714,0.534888808865284,0.0384966888210117,0.403081475197131,3.67400091774199,0.119927202440651,0.432080443172418,1,2.51163624027366,0,2,"concordant","prospectively locked direct relation"
"PTP4A1",1.57410163185367,0.142857142857143,3.20836860412321,0.124478161522767,0.692889924886225,3.81593357086009,0.173222481221556,0.524003081189256,1,13.3288593186322,0,2,"concordant","prospectively locked direct relation"
"PTPN12",1.30983268570784,0.285714285714286,2.08050960018074,0.191917269998184,0.616083658191602,6.59925129988575,0.18330088119328,0.500138810434765,1,3.25218300086504,0,2,"concordant","prospectively locked direct relation"
"PTPN14",0.908847224425641,0.0714285714285714,1.70027726011065,0.0615099870068148,0.511208464533669,3.1271795743541,0.127802116133417,0.411955721545022,1,2.20904954999063,1,2,"concordant","prospectively locked direct relation"
"PTTG1IP",1.34317565492019,0.214285714285714,2.00234081333795,0.211346589311324,0.623228237822172,6.81366453620791,0.224103570250173,0.619106302724888,1,4.74001770043652,1,2,"concordant","prospectively locked direct relation"
"PUS10",1.05900853515015,0.214285714285714,0.87961833989626,0.13437813735519,0.552949535104686,3.99007277243548,0.138237383776172,0.466753292274186,-1,-4.98875772149356,1,2,"concordant","prospectively locked direct relation"
"PYGB",1.14473253131655,0.214285714285714,2.66111302179454,0.142512307377905,0.583941963783758,4.51036646296616,0.173737892742496,0.500826819674232,1,4.7756312525066,1,2,"concordant","prospectively locked direct relation"
"PYGM",1.22558883516339,0.0714285714285714,3.62424036635771,0.061007770395133,0.620524715304188,5.85625592864341,0.155131178826047,0.522875851760274,-1,-4.38936482528835,1,2,"concordant","prospectively locked direct relation"
"QPRT",1.08724341059559,0.142857142857143,0.668078209710748,0.0969607072438214,0.520647857118325,4.08199857104828,0.130161964279581,0.254491262242451,-1,-3.98561845796744,1,2,"concordant","prospectively locked direct relation"
"QRSL1",1.07806900620568,0.142857142857143,2.48738428250114,0.0907067873954047,0.520399902026371,4.57537240394497,0.130099975506593,0.424120793790154,-1,-4.43320286344181,1,2,"concordant","prospectively locked direct relation"
"RAB10",0.807460962745956,0.0714285714285714,0.899783513685229,0.0364936251704341,0.414723971368252,4.19999125721417,0.168838703195254,0.44074040042623,1,3.40713469704845,1,2,"concordant","prospectively locked direct relation"
"RAB11FIP4",1.11228095136558,0.142857142857143,0.729006301347037,0.16159893154159,0.680172173964886,2.23995467089098,0.170043043491222,0.354328516410561,-1,-2.45418749967663,1,2,"concordant","prospectively locked direct relation"
"RAB13",1.39811402422749,0.142857142857143,2.99600756429744,0.132062115731258,0.640641739200671,4.42859905762287,0.190607547795331,0.316279538332022,1,7.51473100129945,1,2,"concordant","prospectively locked direct relation"
"RAB19",1.39564913377499,0.285714285714286,0.913633168843749,0.252964679050395,0.741788755034213,2.43186622353826,0.185447188758553,0.480431674421245,-1,-3.56904887136071,1,2,"concordant","prospectively locked direct relation"
"RAB25",1.38010205083526,0.214285714285714,3.74322578790316,0.242713825765535,0.670094859088905,4.98735862742093,0.167523714772226,0.510874075336065,1,4.29514619349574,1,2,"concordant","prospectively locked direct relation"
"RAB31",0.864000587688335,0.0714285714285714,1.70117593343668,0.0392126997087149,0.401460153785421,3.754426469947,0.119444817232875,0.49580767001917,1,1.65242839443656,0,2,"concordant","prospectively locked direct relation"
"RAB3D",1.41934991912717,0.142857142857143,0.735805130846603,0.115000066371299,0.568800953156161,5.73670955432634,0.204532331220153,0.552424845819957,1,0.555721145210584,0,2,"concordant","prospectively locked direct relation"
"RABL6",1.44882128858248,0.285714285714286,2.21415488597388,0.255652907281301,0.696988688965181,4.61395339366112,0.207372228057595,0.564708719782586,-1,-0.377783995116786,0,2,"concordant","prospectively locked direct relation"
"RAC1",1.53255788335996,0.214285714285714,0.954158636022664,0.316011430861642,0.752538297521115,7.89904283017291,0.306366641501437,0.633673206732373,1,5.26527597623708,1,2,"concordant","prospectively locked direct relation"
"RACGAP1",1.28823233131659,0.142857142857143,1.05931095805203,0.135320981431088,0.600431387284447,5.14635387774054,0.150107846821112,0.492305954181132,1,4.75671556653571,1,2,"concordant","prospectively locked direct relation"
"RACK1",0.834936215241747,0.0714285714285714,0.349516503524696,0.0465889973640804,0.423457374437531,4.35984092517893,0.125989561401501,0.53324537258039,-1,-2.78884344519059,0,2,"concordant","prospectively locked direct relation"
"RAD54L2",1.38087898446579,0.285714285714286,3.22837137989077,0.29040952084525,0.679363967806849,5.74664625534075,0.169840991951712,0.275715232662053,-1,-4.30844166803239,1,2,"concordant","prospectively locked direct relation"
"RAI14",1.04029089662168,0.0714285714285714,2.1924887061869,0.0335380343378107,0.467872697829331,5.51524933802062,0.116968174457333,0.411446078385134,1,2.56743315632374,0,2,"concordant","prospectively locked direct relation"
"RALB",1.17585333176813,0.142857142857143,3.19842067574535,0.111807360848406,0.536395216519331,6.26003562046671,0.218372409143539,0.605173752856653,1,3.82219174400583,1,2,"concordant","prospectively locked direct relation"
"RALGAPA2",0.519902106953133,0.0714285714285714,0.00046520035522329,0.0276039293953245,0.254809431108483,2.15698920281504,0.0758124203385659,0.293227950946588,-1,-1.08331446283758,0,2,"concordant","prospectively locked direct relation"
"RANBP10",1.32469279860668,0.214285714285714,1.89012727886741,0.232655696556615,0.675752540965688,4.93362033867559,0.201053922759766,0.420796480636039,-1,-3.8056087348591,1,2,"concordant","prospectively locked direct relation"
"RAP1A",0.763806077124664,0.142857142857143,1.30005164609708,0.0715656458488771,0.376651906980874,2.35004072004017,0.153339145844075,0.539187369582527,-1,-3.95766646323389,1,2,"concordant","prospectively locked direct relation"
"RAP1GAP",1.24910763977406,0.0714285714285714,0.392100942045242,0.0767030345079601,0.636187467012707,5.05103034564512,0.159046866753177,0.412974229446433,-1,-2.27193547237629,0,2,"concordant","prospectively locked direct relation"
"RAP2B",1.09381952836603,0.142857142857143,3.15124319455283,0.10165269512871,0.506771747736236,4.96636104878417,0.206312368251807,0.634590630616539,1,2.3700220348972,0,2,"concordant","prospectively locked direct relation"
"RASAL1",1.32392049445489,0.142857142857143,1.52708500543813,0.156123536702145,0.602212529253467,6.25243631405902,0.150553132313367,0.519478112979833,1,5.20759144886146,1,2,"concordant","prospectively locked direct relation"
"RASAL2",0.667656134756347,0.0714285714285714,1.54387145314793,0.0392818612556684,0.369099087808485,3.55955696589397,0.109816560045632,0.43749457066415,1,2.46473416293699,1,2,"concordant","prospectively locked direct relation"
"RASSF6",0.874921062996973,0.142857142857143,2.71269986524375,0.0698248801499765,0.492618475789733,2.50130802426325,0.123154618947433,0.486287416924271,1,2.71935242484718,1,2,"concordant","prospectively locked direct relation"
"RAVER2",1.18601339433876,0.214285714285714,1.69502351378956,0.128526462083514,0.523204256272055,5.70045436677708,0.130801064068014,0.444641385587216,-1,-2.02541307152928,0,2,"concordant","prospectively locked direct relation"
"RBFA",1.35252248699263,0.142857142857143,1.94745509841629,0.1706579290514,0.677401632273973,4.91936445222373,0.169350408068493,0.440411760144244,-1,-1.29308841091922,0,2,"concordant","prospectively locked direct relation"
"RBKS",1.6673606418666,0.214285714285714,3.56050461640333,0.180849454491766,0.699742970388528,8.18265702611005,0.174935742597132,0.437275247484134,-1,-3.21705042504149,0,2,"concordant","prospectively locked direct relation"
"RBM47",1.02484315741986,0.142857142857143,1.4822580520217,0.122961431294241,0.550873778261468,2.52019360695095,0.137718444565367,0.429732967772048,-1,-1.54980490928015,0,2,"concordant","prospectively locked direct relation"
"RBM7",1.2510089523899,0.142857142857143,0.936749274580894,0.147651685923555,0.70826375676031,1.094354379111,0.177065939190077,0.363509796547739,1,2.86947341812155,1,2,"concordant","prospectively locked direct relation"
"RBP1",1.33303232516274,0.214285714285714,3.73894104817497,0.217188698254638,0.657316691893443,5.57690376705504,0.164329172973361,0.402586275945785,-1,-4.01643681510859,1,2,"concordant","prospectively locked direct relation"
"RBP7",1.19443391841327,0.142857142857143,2.71321130179544,0.119356502204659,0.598812593411661,4.58219834524105,0.149703148352915,0.2313915200031,-1,-4.25780608231006,1,2,"concordant","prospectively locked direct relation"
"RCN1",1.52060600906198,0.285714285714286,0.945128155798554,0.300658263249273,0.71891399600675,1.8097625100265,0.179728499001687,0.459919732925879,1,5.7679355189454,1,2,"concordant","prospectively locked direct relation"
"RCN2",0.993544061272231,0.0714285714285714,0.339867299706054,0.0629385261977835,0.528259880282992,2.58803916814979,0.132064970070748,0.423971449985534,1,1.88242393694612,0,2,"concordant","prospectively locked direct relation"
"RECQL",0.972985929508983,0.142857142857143,2.50049260309691,0.0697268571383255,0.486580834722758,3.79769123399141,0.144770429454736,0.566719965912878,1,5.20942318251733,1,2,"concordant","prospectively locked direct relation"
"REEP3",0.841243947548878,0.0714285714285714,2.5769416564306,0.0330069086191695,0.371371560431229,5.46575175910391,0.110492679641889,0.49888188896865,1,4.55852644224883,1,2,"concordant","prospectively locked direct relation"
"REEP6",1.34367276161042,0.214285714285714,0.373871543714412,0.161535034256235,0.655755273054081,7.00188577749699,0.195104216448102,0.340247523119299,-1,-4.47455039179965,0,2,"concordant","prospectively locked direct relation"
"REG1A",2.15733653931963,0.428571428571429,2.60118957394231,0.659467436743959,0.827951221648307,5.06855929550709,0.206987805412077,0.259687482639972,-1,-2.90497609293127,1,2,"concordant","prospectively locked direct relation"
"REG1B",1.56471029330869,0.428571428571429,1.60955686016871,0.616130163987761,0.777714282631113,3.31027579208148,0.194428570657778,0.197838329394304,-1,-1.94091518020201,1,2,"concordant","prospectively locked direct relation"
"REG3G",1.68548883568175,0.214285714285714,2.72707051821024,0.269219537927918,0.762639928319695,2.95795553731387,0.190659982079924,0.236943760794473,-1,-1.56739653899657,1,2,"concordant","prospectively locked direct relation"
"RFC1",1.07582028605121,0.142857142857143,2.57263363799293,0.0895306132041057,0.506839543260671,5.01971683612374,0.126709885815168,0.465511629353445,-1,-2.71150418941387,0,2,"concordant","prospectively locked direct relation"
"RFLNA",1.60400297535881,0.357142857142857,5.82464604462096,0.498106398039642,0.74994439846909,5.0911629311355,0.187486099617272,0.549633681490303,1,3.77490399210473,1,2,"concordant","prospectively locked direct relation"
"RGN",1.4455409742527,0.142857142857143,1.55780759306827,0.154188729337179,0.680612671255852,6.98794451558264,0.170153167813963,0.408780009672731,-1,-3.8941860546104,0,2,"concordant","prospectively locked direct relation"
"RHBDF1",1.02159976534779,0.142857142857143,0.937977035874861,0.0673997137900542,0.51976666843616,5.13405244034264,0.12994166710904,0.4932753759076,1,3.39882217976116,1,2,"concordant","prospectively locked direct relation"
"RHOA",1.12085260664913,0.214285714285714,0.113674652615007,0.162018139159897,0.591359852005442,4.44224992124378,0.240749118515939,0.6085250269757,1,1.70769068555301,0,2,"concordant","prospectively locked direct relation"
"RHOC",1.32493647142502,0.214285714285714,2.1715735327951,0.280708814017056,0.669440713896657,4.78542942855207,0.199175990358363,0.566723324425126,1,4.73782012034723,1,2,"concordant","prospectively locked direct relation"
"RILP",1.38889720180679,0.142857142857143,0.0549053590733792,0.089336439058712,0.609776754850312,5.51572156629678,0.181424413728694,0.487719762690541,-1,-6.23762529783099,1,2,"concordant","prospectively locked direct relation"
"RIPK2",0.989269672607857,0.142857142857143,2.03489800570086,0.0769061759765365,0.466318045682514,4.36401687443422,0.116579511420629,0.395375200280844,1,1.51892408261836,0,2,"concordant","prospectively locked direct relation"
"RO60",0.71561549893304,0,1.60077004648757,0,0.433526279319613,1.9068508399527,0.12898532198206,0.418183058792342,1,2.56862763753633,1,2,"concordant","prospectively locked direct relation"
"ROR1",0.996417986217699,0.142857142857143,1.88052732486609,0.107582366168819,0.573921041766436,3.66654309965656,0.143480260441609,0.281751079137727,-1,-2.58822356418121,0,2,"concordant","prospectively locked direct relation"
"RPIA",0.940110990201914,0.0714285714285714,0.307561404962469,0.0447177070956415,0.453629769981902,4.01799901604566,0.134966632319482,0.376592433784889,-1,-3.52184015174483,1,2,"concordant","prospectively locked direct relation"
"RPL10",1.08929105954788,0.142857142857143,1.30012956819874,0.0738711359599349,0.523121386250548,4.34753582975659,0.15564219208839,0.5285849749351,-1,-5.82084903614857,1,2,"concordant","prospectively locked direct relation"
"RPL11",0.736514533831775,0.0714285714285714,1.37288169269691,0.0253738699500999,0.339373281152397,4.24755821930216,0.100972360914891,0.448802881127986,-1,-3.34695590758747,1,2,"concordant","prospectively locked direct relation"
"RPL12",0.795600515887107,0.142857142857143,0.009965827324915,0.0634583000360194,0.461291779097952,2.62339610085358,0.137246278929174,0.539493504455076,-1,-3.48608362873679,1,2,"concordant","prospectively locked direct relation"
"RPL13A",1.06772244183486,0.142857142857143,1.87783805660122,0.0862387304991445,0.500127492745224,4.14730067589482,0.148800911873359,0.385837044829158,-1,-5.95781424147916,1,2,"concordant","prospectively locked direct relation"
"RPL14",0.985851530127445,0.142857142857143,1.07159481085992,0.0826541627855987,0.525125205091744,3.50132058831022,0.156238380210667,0.502262079761241,-1,-3.39731885614604,1,2,"concordant","prospectively locked direct relation"
"RPL18",0.834788060089425,0.142857142857143,0.800505475081848,0.0599757131601827,0.42903131084355,3.68395014167436,0.127647952175795,0.326127513327992,-1,-2.2744863322761,0,2,"concordant","prospectively locked direct relation"
"RPL21",1.08926155648865,0.142857142857143,3.12393330264372,0.0590383604686357,0.450968420268183,3.33103033691709,0.112742105067046,0.423682006034992,-1,-7.4344094882032,1,2,"concordant","prospectively locked direct relation"
"RPL22",1.34353578605376,0.142857142857143,1.10452451176207,0.134455673905054,0.627250308356577,3.0664594067508,0.186623249491808,0.552393957201746,1,2.33110769151447,0,2,"concordant","prospectively locked direct relation"
"RPL29",1.07639163889259,0.142857142857143,0.561826194874874,0.103234078103393,0.538574226281306,3.97230580473687,0.160239813136952,0.467380521054568,-1,-3.44151239256335,1,2,"concordant","prospectively locked direct relation"
"RPL3",1.3953615654807,0.142857142857143,2.17099821740077,0.107995421837938,0.650819831126843,7.7266797803776,0.193635794355887,0.501255307596878,-1,-5.43163136132606,1,2,"concordant","prospectively locked direct relation"
"RPL32",0.655915852579899,0.0714285714285714,1.02105113987916,0.0209038661250537,0.298502210806007,3.99695582055396,0.0888121565170077,0.420430841235896,-1,-3.5191637386974,1,2,"concordant","prospectively locked direct relation"
"RPL35",0.676694826131201,0.142857142857143,0.253186509196231,0.0312627955253859,0.392716096943658,3.49306771101072,0.116843233335968,0.476070058534462,-1,-2.29135777093761,1,2,"concordant","prospectively locked direct relation"
"RPL4",1.05279315157122,0.142857142857143,1.26448908343158,0.0912568967116531,0.517214426965855,4.04076751232794,0.153884718362768,0.534332471344753,-1,-4.04232320212516,1,2,"concordant","prospectively locked direct relation"
"RPL5",0.950648667589904,0.142857142857143,2.05798937397294,0.0646482446735374,0.43674315539162,5.11593298929229,0.129942426120188,0.548909909343358,-1,-4.23978373422663,1,2,"concordant","prospectively locked direct relation"
"RPL7",1.00807673530285,0.142857142857143,2.75523936557389,0.063220536703869,0.427891158880938,4.11839834115571,0.127308727369777,0.550595995306315,-1,-6.86517133964846,1,2,"concordant","prospectively locked direct relation"
"RPL7A",1.25589747302812,0.142857142857143,1.97577313634659,0.111399909492141,0.546275042687197,5.56424424140115,0.162531005922768,0.569128634156891,-1,-6.80327785441488,1,2,"concordant","prospectively locked direct relation"
"RPL9",1.01411559900786,0.142857142857143,1.80252484460747,0.066221311403183,0.457045535199459,3.88051937344246,0.135982911141364,0.549462246788546,-1,-5.64059053992548,1,2,"concordant","prospectively locked direct relation"
"RPLP0",0.80461534407515,0.0714285714285714,0.399874997494717,0.0378692980056258,0.379916007367135,3.87011086922731,0.113034874410141,0.538542232053495,-1,-3.34212927518351,1,2,"concordant","prospectively locked direct relation"
"RPS11",0.61459038100405,0.0714285714285714,1.31039324660915,0.0378096376157665,0.290570838859703,3.03900239670653,0.0864523674729408,0.430087164527706,-1,-2.79298695794348,1,2,"concordant","prospectively locked direct relation"
"RPS15",0.895944632067658,0.142857142857143,1.57295678494979,0.105251079563993,0.489375090139069,2.90211054973146,0.145601792977009,0.457969436014397,-1,-1.79680086358839,0,2,"concordant","prospectively locked direct relation"
"RPS18",0.742622040042331,0.142857142857143,0.664160882809796,0.0576846984707865,0.368908704127663,2.38583662966721,0.109759915958429,0.522523035493228,-1,-3.34057825297647,1,2,"concordant","prospectively locked direct relation"
"RPS27",1.15713689772658,0.142857142857143,3.22726388637858,0.0825275444213189,0.567123833881477,0.909278878381381,0.168734062515672,0.540535332324014,-1,-8.22571994451083,0,2,"concordant","prospectively locked direct relation"
"RPS27A",0.750274949992958,0.142857142857143,1.19554944517513,0.0614220957349868,0.407936703863334,2.42350838062917,0.121371759005456,0.459859457385678,-1,-3.84667224492246,1,2,"concordant","prospectively locked direct relation"
"RPS3A",0.765504404256703,0.0714285714285714,1.35016704600853,0.0341305589417608,0.377223812617576,4.06517119683431,0.112233876585615,0.491623595777483,-1,-2.95407464590928,1,2,"concordant","prospectively locked direct relation"
"RPS4X",0.767588555813421,0.0714285714285714,1.76943018347949,0.0230939529636416,0.362102136992087,4.4086292209047,0.107734785544298,0.470030198902844,-1,-3.33076748615614,1,2,"concordant","prospectively locked direct relation"
"RPS5",0.830701306768433,0.0714285714285714,0.437244731595283,0.0504174049614764,0.455535155913085,3.56624157384011,0.135533534095816,0.454588679149091,-1,-2.41775284095141,0,2,"concordant","prospectively locked direct relation"
"RPS6",0.911358962707927,0.0714285714285714,0.215836460996671,0.0305159535855859,0.445076963888962,5.62102012975123,0.132421950485017,0.580602562092494,-1,-4.49051042438726,1,2,"concordant","prospectively locked direct relation"
"RPS7",1.04476414724429,0.142857142857143,1.29815638313357,0.105179305830022,0.529981793310027,3.3033445453331,0.157683341277509,0.479072919945885,-1,-5.35807466973281,1,2,"concordant","prospectively locked direct relation"
"RPS9",0.933554928576221,0.0714285714285714,1.26126746444936,0.0249305150563654,0.463270771901142,4.93379859200871,0.137835080660686,0.322228113717066,-1,-3.4068706318862,0,2,"concordant","prospectively locked direct relation"
"RPSA",1.12409374549695,0.142857142857143,1.01673255065186,0.129619882211795,0.629072606476658,3.00504313137555,0.256102396837021,0.320694044268876,-1,-4.33287521986488,1,2,"concordant","prospectively locked direct relation"
"RPUSD3",1.07684618386778,0.142857142857143,2.47572535362825,0.12777235616465,0.567618930307288,4.03318535206682,0.141904732576822,0.42853829606224,-1,-1.60685761423902,0,2,"concordant","prospectively locked direct relation"
"RRAS",1.4550291229861,0.285714285714286,1.71997054682105,0.298336468179054,0.726558943164641,5.32892163840362,0.295790159787767,0.603721877016927,1,2.92540789450449,0,2,"concordant","prospectively locked direct relation"
"RRBP1",1.4886911541679,0.0714285714285714,0.0457339704754275,0.0909704232991913,0.671863746516052,6.28344043428625,0.199896905462001,0.31392288854563,-1,-4.00466795265287,0,2,"concordant","prospectively locked direct relation"
"RREB1",0.97754562003924,0.0714285714285714,0.206049328611406,0.0512646774730238,0.479406682517814,4.80844308723851,0.119851670629454,0.486917573560757,-1,-4.37790809804226,1,2,"concordant","prospectively locked direct relation"
"RRM2",0.835552945956672,0.0714285714285714,1.55825754273711,0.046015865966752,0.436621671971568,3.86976737781117,0.109155417992892,0.412772618493287,1,2.82491459368434,1,2,"concordant","prospectively locked direct relation"
"RRP8",1.20504426548992,0.214285714285714,1.71276853989137,0.151366855137156,0.591184902881808,6.32483713985615,0.147796225720452,0.275090418264913,-1,-4.71842005486251,1,2,"concordant","prospectively locked direct relation"
"RRS1",0.908585491062899,0.142857142857143,0.408628132686149,0.112423834331094,0.483121954107536,2.52305539651048,0.120780488526884,0.304568363425652,1,0.344195323338658,0,2,"concordant","prospectively locked direct relation"
"RSBN1",0.960414952588406,0.142857142857143,1.18363020887752,0.0520074759904784,0.471602740602479,5.05490451621253,0.11790068515062,0.443732531990441,-1,-3.34509314884891,1,2,"concordant","prospectively locked direct relation"
"RUNX1",0.899674391484927,0.142857142857143,1.81906036444243,0.0751325773968188,0.395226399448557,4.48529412404633,0.0988065998621393,0.47874041786206,1,1.73827979118456,0,2,"concordant","prospectively locked direct relation"
"RUNX2",1.53699670543509,0.285714285714286,1.32559239131031,0.412473525506501,0.715102050935879,4.75521372599465,0.17877551273397,0.423329098656742,1,3.01013582720491,0,2,"concordant","prospectively locked direct relation"
"RUVBL1",1.51269068699453,0.285714285714286,0.916735052264086,0.303111048255455,0.734861442897946,3.51189338447,0.218640355489297,0.57104493105448,1,5.73389668401239,1,2,"concordant","prospectively locked direct relation"
"RXRA",1.74798417432093,0.214285714285714,4.18737693693678,0.200368496717064,0.761468030602872,8.23057085894846,0.190367007650718,0.45758314387614,-1,-3.20359137529487,0,2,"concordant","prospectively locked direct relation"
"S100A10",1.51855961523058,0.214285714285714,3.08850606748868,0.250825055229542,0.681996168687243,7.83010282898496,0.170499042171811,0.479967221645191,1,5.82568034217297,1,2,"concordant","prospectively locked direct relation"
"S100A14",1.6147552399197,0.285714285714286,3.47609140444764,0.353810905490507,0.723636256342272,5.20535237668375,0.294600301744821,0.456395083478389,1,3.28618230191802,1,2,"concordant","prospectively locked direct relation"
"S100A16",1.38723929887565,0.142857142857143,3.8819411294437,0.121689796102439,0.606550591924622,8.16023381568349,0.246933436292578,0.582890762183718,1,6.60374829289234,1,2,"concordant","prospectively locked direct relation"
"S100A2",3.25764561346519,0.642857142857143,4.60515127477311,1.38511805606992,0.952093744142114,11.1168294220137,0.283272604230614,0.527827579143765,1,7.756319467245,1,2,"concordant","prospectively locked direct relation"
"S100A4",2.38145202681963,0.428571428571429,2.4086991412138,0.728636905390182,0.90197190273424,7.97313236478295,0.367202710452881,0.662445448501868,1,5.11645566248819,1,2,"concordant","prospectively locked direct relation"
"S100A6",1.76084071497063,0.214285714285714,4.40147215900954,0.348522719795847,0.755538555525836,8.95706631986006,0.271680385257689,0.648446639903442,1,8.22166807605106,1,2,"concordant","prospectively locked direct relation"
"S100P",2.25661041162135,0.5,4.39895620628387,0.974724524834678,0.83383839691783,9.79282955779596,0.339464808714921,0.686787967295016,1,8.68507575346651,1,2,"concordant","prospectively locked direct relation"
"SAE1",0.964318290020712,0.0714285714285714,0.700561653137716,0.0540363642679413,0.509732532536461,4.28213299038957,0.127433133134115,0.413719136764243,1,3.92965234412985,1,2,"concordant","prospectively locked direct relation"
"SAMD9",1.6344887721352,0.285714285714286,3.24344945627831,0.342836230672771,0.756943121483517,6.6242762904468,0.225210228085565,0.520364249270457,1,3.61477208299928,0,2,"concordant","prospectively locked direct relation"
"SARDH",1.31787024590436,0.142857142857143,2.84700103305182,0.102653135506861,0.658163552495684,7.90185038600341,0.164540888123921,0.339647175526155,-1,-5.1537323877809,0,2,"concordant","prospectively locked direct relation"
"SAT2",1.61770477310848,0.285714285714286,2.07643092200772,0.331283153029106,0.71522192140064,8.90694314453828,0.17880548035016,0.365253849419512,-1,-6.92382445471806,0,2,"concordant","prospectively locked direct relation"
"SCAF4",0.916183178029344,0.0714285714285714,2.09500105007669,0.0431531002143392,0.434786799630248,5.0971228215572,0.108696699907562,0.266794793286934,-1,-3.98136507072121,1,2,"concordant","prospectively locked direct relation"
"SCAF8",1.18067697398203,0.142857142857143,1.36196218103006,0.142413769483124,0.558356220575945,5.70253106005227,0.139589055143986,0.413069695399132,-1,-2.45722501965651,0,2,"concordant","prospectively locked direct relation"
"SCD5",1.25708913629796,0.142857142857143,2.82878055255675,0.140891530906446,0.602563172954947,5.61107269882815,0.150640793238737,0.457782781534055,-1,-3.78416020605111,1,2,"concordant","prospectively locked direct relation"
"SCEL",1.84920688707366,0.214285714285714,4.01189467475546,0.195273160862901,0.741133333086075,8.71753318230258,0.185283333271519,0.440974858973518,1,7.19359873305038,1,2,"concordant","prospectively locked direct relation"
"SCLY",1.60033953283948,0.142857142857143,0.187384713011648,0.115614418283001,0.655149679660266,5.4442071118047,0.163787419915066,0.356278444760495,1,3.49117713439859,0,2,"concordant","prospectively locked direct relation"
"SCO1",1.48582207629278,0.214285714285714,4.09020944747669,0.146138892212628,0.696290572796898,7.24236991939809,0.174072643199225,0.472762542132019,-1,-3.3465156245585,0,2,"concordant","prospectively locked direct relation"
"SCUBE3",1.3307130686918,0.357142857142857,0.954098112028339,0.437944923741878,0.687992962624039,2.76226833639973,0.17199824065601,0.354817247386657,1,1.78252964424203,1,2,"concordant","prospectively locked direct relation"
"SDC1",1.1423946167176,0.142857142857143,1.40852149665575,0.0896832337303415,0.515875983813647,5.6619136203138,0.128968995953412,0.49731195933347,1,5.9178916767931,1,2,"concordant","prospectively locked direct relation"
"SDHA",1.38207146548454,0.142857142857143,0.262367707736075,0.0790603282105059,0.555928897113454,5.19302864652483,0.165403278218447,0.405174913781655,1,8.57969420974121,0,2,"concordant","prospectively locked direct relation"
"SDR16C5",1.32868517854241,0.285714285714286,2.50348752273835,0.157013489973885,0.617532234856752,7.21806187258881,0.154383058714188,0.530714313421346,1,6.80830891470903,1,2,"concordant","prospectively locked direct relation"
"SEC13",1.04731289923801,0.0714285714285714,1.29296280331282,0.0537926750586419,0.506564795713894,4.13853677484631,0.150716176612126,0.397688490291392,-1,-1.68745325016223,0,2,"concordant","prospectively locked direct relation"
"SEC16B",1.67539683121407,0.142857142857143,2.51433838727404,0.143281236425051,0.690290276545788,3.43756313599601,0.172572569136447,0.52078177947406,1,5.09871056675656,0,2,"concordant","prospectively locked direct relation"
"SEC61A1",1.07553659128142,0.142857142857143,1.33883874273388,0.114152095853715,0.529910763818068,4.25276392185419,0.1576622081598,0.572727190611513,-1,-1.05109531735794,0,2,"concordant","prospectively locked direct relation"
"SEC61B",1.11634183176554,0.214285714285714,1.7578050603213,0.188583188714611,0.537242770006466,4.5478531374355,0.159843670331988,0.512052691984278,-1,-1.81999733995539,0,2,"concordant","prospectively locked direct relation"
"SEC63",1.24696765011941,0.142857142857143,1.4149901958149,0.111978008560416,0.578392853393938,6.57070543228064,0.172086888352478,0.542486387492757,-1,-3.64899399282795,0,2,"concordant","prospectively locked direct relation"
"SEL1L",1.13485702612422,0.0714285714285714,0.729909321265471,0.0580041880251167,0.565269715317559,5.78117054614659,0.168182414111946,0.557786106942506,-1,-4.20285571780494,0,2,"concordant","prospectively locked direct relation"
"SEMA7A",1.39450958466175,0.285714285714286,3.86848014805501,0.272531457498269,0.672955099644747,5.73804046568998,0.200221611348163,0.537451800822141,1,2.95056351480118,0,2,"concordant","prospectively locked direct relation"
"SEPHS2",0.952526712062057,0.0714285714285714,1.28233224442474,0.0568503604534217,0.564994306640014,2.30903653581872,0.141248576660003,0.303770584783426,-1,-1.11494789516501,0,2,"concordant","prospectively locked direct relation"
"SEPTIN7",0.843569379778575,0.0714285714285714,1.176566354676,0.0461180169231352,0.44961936556077,2.57847996505079,0.183045003071083,0.580910870936539,1,1.41486785438383,0,2,"concordant","prospectively locked direct relation"
"SEPTIN8",0.780899833795468,0.0714285714285714,0.332551103305256,0.040533243063368,0.406608475407269,2.47259854602069,0.120976576560369,0.520639000610997,1,2.7564351815458,1,2,"concordant","prospectively locked direct relation"
"SERAC1",1.23621446851925,0.0714285714285714,1.37313863920393,0.07636741788735,0.637861834572965,5.05761646725054,0.159465458643241,0.305505721556393,-1,-3.79516839916072,1,2,"concordant","prospectively locked direct relation"
"SERINC3",1.52528560822604,0.285714285714286,0.472249797249266,0.284095649561377,0.700088667107313,4.58756828769757,0.251741433184547,0.556776282732533,1,6.20891741785254,1,2,"concordant","prospectively locked direct relation"
"SERPINA1",1.78670393221225,0.357142857142857,0.979235789004683,0.526955852999817,0.807492827225249,0.418080086899688,0.807492827225249,0.418148453605488,1,2.67030913113578,1,2,"concordant","prospectively locked direct relation"
"SERPINB2",1.66356743124841,0.285714285714286,1.70003598881675,0.35268524369674,0.782816764262176,7.05030795840492,0.195704191065544,0.273877418946679,1,5.34382227392106,1,2,"concordant","prospectively locked direct relation"
"SERPINB3",2.0581812293993,0.285714285714286,2.53050471600926,0.460978564922147,0.818436897228904,6.68750452261292,0.333194688311316,0.646734170752662,1,5.37273385795294,1,2,"concordant","prospectively locked direct relation"
"SERPINB4",1.53220839978275,0.285714285714286,1.21946848855363,0.32827679395736,0.707735521310461,5.35090444136927,0.210569689656736,0.488447410753373,1,5.39090215567045,1,2,"concordant","prospectively locked direct relation"
"SERPINB5",2.22333258061735,0.357142857142857,4.19676230787849,0.45359839900027,0.823143017886704,7.89500015589824,0.205785754471676,0.501382873901323,1,5.5292271249062,1,2,"concordant","prospectively locked direct relation"
"SERPINI2",1.73502501849857,0.357142857142857,0.162608368156881,0.604332939051668,0.78787307863033,4.93250135093036,0.196968269657583,0.312996054332899,-1,-3.62251021219544,1,2,"concordant","prospectively locked direct relation"
"SESTD1",0.836746678952508,0.0714285714285714,1.96466320608574,0.0263293344469119,0.403683539288197,4.88732705502629,0.120106332136691,0.506406657056798,1,4.00556626637799,1,2,"concordant","prospectively locked direct relation"
"SETD1B",1.2717117120187,0.214285714285714,2.57885549190209,0.134025233685089,0.642902529134419,5.5319156054909,0.160725632283605,0.367215979382781,-1,-2.57314274275003,0,2,"concordant","prospectively locked direct relation"
"SETD3",1.08734963303146,0.214285714285714,1.14934141114287,0.163548139894302,0.607802664315406,2.73369592435035,0.180837070549254,0.355769431920308,-1,-0.367577019854059,0,2,"concordant","prospectively locked direct relation"
"SF3B2",0.97818530585149,0.214285714285714,1.41492703045434,0.138694453394019,0.541750514845156,3.03052354028049,0.161184841437795,0.370290016403159,-1,-0.734838520310398,0,2,"concordant","prospectively locked direct relation"
"SF3B6",0.888755372597857,0.0714285714285714,0.465394407543249,0.0549265404975093,0.467190394640058,3.04841321929729,0.116797598660015,0.37361323155917,1,3.09664589215801,1,2,"concordant","prospectively locked direct relation"
"SFN",1.88300160065781,0.285714285714286,3.1039342840476,0.376419491895159,0.763470782167778,8.37561277797844,0.310817376587607,0.635681312087652,1,5.51765727269701,1,2,"concordant","prospectively locked direct relation"
"SFXN1",1.36580111258474,0.285714285714286,0.437024681019578,0.274979137913937,0.753063765086821,0.0159763810173136,0.224056018853553,0.3482575448843,1,2.38350286343362,1,2,"concordant","prospectively locked direct relation"
"SGSH",0.99702194302544,0.214285714285714,2.58431555694403,0.129409277379797,0.479895204731024,5.02167028744534,0.119973801182756,0.258708257783849,-1,-3.76347501605476,1,2,"concordant","prospectively locked direct relation"
"SH2B1",1.23792461074635,0.0714285714285714,2.01778833121659,0.0770435281263638,0.64728299773239,5.09617228326868,0.161820749433098,0.244067890152112,-1,-3.42294431464275,1,2,"concordant","prospectively locked direct relation"
"SH3BGRL3",1.31118393796986,0.214285714285714,1.61994779869797,0.158994899591815,0.636578604901057,6.11128374007816,0.259158171587586,0.612828994748032,1,3.67533211007879,1,2,"concordant","prospectively locked direct relation"
"SH3KBP1",0.786010506033767,0.0714285714285714,1.93025465388971,0.0465110766332133,0.461483543468567,2.79031038171999,0.137303333807432,0.48729952265022,1,1.69663789347644,0,2,"concordant","prospectively locked direct relation"
"SHANK2",1.26776341344195,0.142857142857143,0.00839702179219468,0.149159334867827,0.61781421251476,4.95618528359252,0.15445355312869,0.477427070375166,-1,-2.23432584190434,0,2,"concordant","prospectively locked direct relation"
"SHMT1",1.17937292932208,0.0714285714285714,1.86369407591716,0.0486903242794173,0.524245456869082,6.76264151067048,0.15597663227709,0.335098738598973,-1,-5.47004109769675,1,2,"concordant","prospectively locked direct relation"
"SHPK",2.04167899388709,0.285714285714286,0.881845338142358,0.242604277239003,0.781892939924665,7.33667128344731,0.195473234981166,0.406065337315277,1,2.32971174301595,0,2,"concordant","prospectively locked direct relation"
"SIDT2",1.09926527737069,0.0714285714285714,2.99148889586449,0.0357027642406952,0.51958974559751,8.13565754706081,0.129897436399378,0.471535513074536,-1,-6.26120829674723,1,2,"concordant","prospectively locked direct relation"
"SIL1",1.55342539527641,0.285714285714286,1.23008898582241,0.32152687858875,0.69601778545517,6.92345620352285,0.207083359059737,0.409662781152905,-1,-1.92427468603723,0,2,"concordant","prospectively locked direct relation"
"SIRT1",0.843573986969916,0.0714285714285714,2.23733644802044,0.0388086897631223,0.446493013931243,4.14469615270978,0.111623253482811,0.336726978947633,-1,-3.41841685488545,1,2,"concordant","prospectively locked direct relation"
"SKAP2",1.5585186569094,0.142857142857143,2.56053618536099,0.173483189195622,0.733574842654934,6.352760776026,0.298646409856411,0.379968706408099,1,3.41838131008113,0,2,"concordant","prospectively locked direct relation"
"SLC16A10",1.65665464983965,0.285714285714286,2.05643191022888,0.299037851985991,0.698001375462573,6.64844551523203,0.174500343865643,0.278536499230008,-1,-6.52731506452166,1,2,"concordant","prospectively locked direct relation"
"SLC16A3",1.495889857482,0.285714285714286,4.45254375323178,0.193338906877658,0.669608203731543,7.76019659524568,0.272604885591602,0.658169891144675,1,5.3565047342792,1,2,"concordant","prospectively locked direct relation"
"SLC16A7",0.882083996592732,0.0714285714285714,0.87420350443669,0.0484887487682188,0.435220757544257,3.39313377972803,0.129489473240757,0.503666834718465,-1,-3.67357109515066,1,2,"concordant","prospectively locked direct relation"
"SLC20A2",0.984122965670877,0.0714285714285714,1.97664286813993,0.0658471665172647,0.580281366195346,2.35381996409537,0.172648769934695,0.528397134480707,-1,-1.86338557516723,0,2,"concordant","prospectively locked direct relation"
"SLC25A1",0.898340008230631,0.0714285714285714,1.44532329640315,0.0370026552267563,0.39888077754072,4.60041166322413,0.118677385842193,0.472271799983014,-1,-2.40433989414488,0,2,"concordant","prospectively locked direct relation"
"SLC25A10",1.24098291744343,0.142857142857143,0.329660716331089,0.0709029095569368,0.537141179391392,2.98118715668485,0.159813444486818,0.510761664785556,1,2.08963391271697,0,2,"concordant","prospectively locked direct relation"
"SLC25A15",1.23685249730937,0.142857142857143,2.3246238403344,0.0690308043450809,0.56310986177097,7.38091146995618,0.167539801614318,0.511093170767103,-1,-8.12046589011238,1,2,"concordant","prospectively locked direct relation"
"SLC25A20",1.569661684188,0.285714285714286,3.80696549454162,0.28685570780163,0.684644402834382,7.65438735096227,0.203699482489048,0.550775548229634,-1,-4.35071490448706,0,2,"concordant","prospectively locked direct relation"
"SLC25A22",1.24907716578317,0.0714285714285714,1.96408582115761,0.0676610863646345,0.590049883749572,6.99484906519793,0.147512470937393,0.263407538561388,-1,-3.78928352054896,0,2,"concordant","prospectively locked direct relation"
"SLC27A2",1.77168094763881,0.428571428571429,0.98747045900652,0.67852855700813,0.835690237805581,2.61515540201021,0.248639539383375,0.502877530943621,1,0.688155643072302,0,2,"concordant","prospectively locked direct relation"
"SLC27A4",1.14136898565113,0.214285714285714,2.12658930353658,0.117794989658905,0.532543725751676,5.40771312472137,0.158445582683961,0.57009332767966,-1,-2.29678519207137,0,2,"concordant","prospectively locked direct relation"
"SLC2A1",1.56830112513739,0.142857142857143,2.73114277491376,0.167012582667192,0.702752726534794,8.6376893852496,0.286098386412555,0.648438700210408,1,7.27371727990503,1,2,"concordant","prospectively locked direct relation"
"SLC37A4",1.7642824552451,0.285714285714286,2.55803828149439,0.282453549599929,0.741559629160031,8.52574676439503,0.22063323978011,0.413836732052636,-1,-2.6713766713123,0,2,"concordant","prospectively locked direct relation"
"SLC38A10",1.35905760723202,0.142857142857143,1.85858513038433,0.123383091486145,0.61897272022881,6.4329744841142,0.184160452146349,0.441235293132084,-1,-3.00591781778563,0,2,"concordant","prospectively locked direct relation"
"SLC38A5",2.00880672840706,0.285714285714286,3.25540359465147,0.380090895169232,0.853455512531983,4.84882246297993,0.213363878132996,0.495507347969773,-1,-3.21537130599195,0,2,"concordant","prospectively locked direct relation"
"SLC39A10",1.00393965377067,0.142857142857143,0.100841187436206,0.0485195735059057,0.537407980896541,4.25829126061056,0.159892824860486,0.307405579526839,1,3.47167171211413,1,2,"concordant","prospectively locked direct relation"
"SLC39A14",1.20044164094595,0.142857142857143,0.214877538955397,0.11376362516241,0.57031243036708,5.52133499374506,0.14257810759177,0.365044533701087,-1,-4.92994244583073,1,2,"concordant","prospectively locked direct relation"
"SLC3A1",1.90678479070055,0.285714285714286,1.45750301941876,0.322443102877453,0.756332155282025,6.29384850032427,0.189083038820506,0.497443384997289,1,1.86438868264718,0,2,"concordant","prospectively locked direct relation"
"SLC43A1",1.39170001574531,0.142857142857143,0.0268780329923648,0.121034284897567,0.673588489106223,7.06753629397614,0.242212364792104,0.516301454726644,-1,-4.57087152744137,0,2,"concordant","prospectively locked direct relation"
"SLC44A1",1.13191593159454,0.142857142857143,3.86814881741222,0.123086480660655,0.524216812628873,5.23200269998075,0.213414446590593,0.632884481479315,1,3.80170547631017,1,2,"concordant","prospectively locked direct relation"
"SLC44A4",1.68189487754186,0.285714285714286,5.76416984097763,0.369686980014867,0.721399491601639,4.20409685223511,0.18034987290041,0.529404572833175,1,3.0587188648951,1,2,"concordant","prospectively locked direct relation"
"SLC4A4",1.34285530304483,0.214285714285714,0.368275297218733,0.258096263751845,0.6367577576402,5.19710707210588,0.15918943941005,0.39919558457392,-1,-4.23307438279162,1,2,"concordant","prospectively locked direct relation"
"SLC5A1",1.45005282009101,0.142857142857143,1.5370013813011,0.154330462295105,0.669473532155898,7.03275739132258,0.167368383038974,0.531666429378047,-1,-4.39286679255917,0,2,"concordant","prospectively locked direct relation"
"SLC9A3R1",1.31763055228773,0.142857142857143,0.468067571114082,0.153881441019654,0.64940656231707,5.5145913004291,0.162351640579268,0.427502528776168,-1,-2.82931013705745,0,2,"concordant","prospectively locked direct relation"
"SLIT3",1.162509750908,0.0714285714285714,2.82912764099966,0.0522036506620967,0.553641176754652,5.61743595960799,0.138410294188663,0.499477338981328,-1,-2.72566847741506,0,2,"concordant","prospectively locked direct relation"
"SLPI",1.26458473060639,0.214285714285714,2.43892174359555,0.152384390586845,0.594725450533874,6.27363516234002,0.176946259978585,0.60372810867217,1,6.22495885217294,1,2,"concordant","prospectively locked direct relation"
"SMAD1",0.986408022796776,0.142857142857143,0.81293400251941,0.108456455043375,0.571068078184072,2.19145313702694,0.169907577584112,0.435199442266688,-1,-3.14851024360195,1,2,"concordant","prospectively locked direct relation"
"SMAP2",0.978750529189542,0.0714285714285714,3.10031679395243,0.0649275671989593,0.606962658253366,1.75567743173513,0.180587146940126,0.391919285523853,-1,-2.75626949218126,1,2,"concordant","prospectively locked direct relation"
"SMC4",1.25000701208219,0.214285714285714,1.37728155997219,0.191043970645684,0.66430220803386,3.96055333171595,0.166075552008465,0.392079756277348,1,5.35235164569587,1,2,"concordant","prospectively locked direct relation"
"SMC6",1.04534565168442,0.142857142857143,0.670747899921288,0.0991519541504405,0.517942749250474,3.33829510172782,0.129485687312618,0.3602806506252,1,2.58819453817487,0,2,"concordant","prospectively locked direct relation"
"SMPDL3B",1.56201549322042,0.357142857142857,3.05963689558883,0.520061074764961,0.74271804999513,4.30584448195468,0.185679512498783,0.519484678216586,-1,-3.23280306160115,0,2,"concordant","prospectively locked direct relation"
"SND1",1.12329917245693,0.214285714285714,1.6075746035918,0.120070081315474,0.505902218813349,5.74712633636234,0.150519042784417,0.553965862048004,-1,-2.45095732004286,0,2,"concordant","prospectively locked direct relation"
"SNRK",0.964876535912126,0.0714285714285714,1.1508908575386,0.0202707049923663,0.411029110551081,6.75817501676916,0.10275727763777,0.237988494989047,-1,-3.73221701754889,0,2,"concordant","prospectively locked direct relation"
"SNRNP27",1.33645362691524,0.142857142857143,1.51408449592296,0.136493769662215,0.65368948819954,0.946616971310466,0.163422372049885,0.393895740299626,1,5.22126068353722,1,2,"concordant","prospectively locked direct relation"
"SNRPB2",0.876472439557769,0.214285714285714,0.529169088946607,0.133098567173959,0.445800685416601,2.40515331637614,0.132637276426536,0.512958927898024,1,2.5487362747569,1,2,"concordant","prospectively locked direct relation"
"SNRPD2",1.21309986251507,0.0714285714285714,1.75484383504806,0.0774383459987027,0.626815362762504,4.02652792716827,0.186493841886843,0.283386314334854,1,4.29404658164457,1,2,"concordant","prospectively locked direct relation"
"SNRPG",1.07856551622278,0.0714285714285714,1.23904282487025,0.0457232393234387,0.473881476163421,4.99366642717203,0.118470369040855,0.269562707505655,1,2.8951390089657,0,2,"concordant","prospectively locked direct relation"
"SNX15",1.58448354742824,0.214285714285714,0.458586179323588,0.193695793750941,0.718636754153682,3.35779701129028,0.179659188538421,0.316564251930231,1,12.5481372251026,0,2,"concordant","prospectively locked direct relation"
"SOAT1",0.939995290796369,0.0714285714285714,0.146833491580034,0.0642395157306283,0.512746130959154,3.19277854430074,0.128186532739789,0.45398422028597,-1,-3.26435457949354,1,2,"concordant","prospectively locked direct relation"
"SON",1.14170502017037,0.214285714285714,3.64675381972896,0.0675805469908239,0.553401519943135,6.51246913670406,0.198994924932326,0.354805226674892,-1,-4.25715766250103,0,2,"concordant","prospectively locked direct relation"
"SORBS2",1.44581931200181,0.285714285714286,3.48898675357649,0.337044336160707,0.684239462672359,6.29428986922461,0.17105986566809,0.453857618050699,-1,-3.34757687483731,1,2,"concordant","prospectively locked direct relation"
"SOS2",1.10209081960779,0.214285714285714,2.6217912327288,0.133610317801701,0.540150843524861,5.40893272535444,0.135037710881215,0.445038564314391,-1,-3.25260058844319,1,2,"concordant","prospectively locked direct relation"
"SPARC",0.979957789258644,0.142857142857143,1.09933754483207,0.128266101642422,0.523180456117384,2.87686755560969,0.155659766907165,0.340362053626535,1,1.41709478193629,0,2,"concordant","prospectively locked direct relation"
"SPATA5L1",0.661105454418094,0.0714285714285714,0.170082879895009,0.0247414173750963,0.35151480703761,3.29261381901322,0.0878787017594026,0.244198865873005,-1,-2.385858475687,0,2,"concordant","prospectively locked direct relation"
"SPATS2L",1.53798641964061,0.285714285714286,5.28004551448394,0.255550645285032,0.679695656480164,7.37619037305908,0.169923914120041,0.512929811639137,1,6.23760898769037,1,2,"concordant","prospectively locked direct relation"
"SPG7",1.2302400198405,0.214285714285714,3.15572866662518,0.164956157754338,0.621478727260276,4.79350715799948,0.184906054291507,0.454656247878598,-1,-3.04375746011885,1,2,"concordant","prospectively locked direct relation"
"SPINK1",1.31345799693532,0.214285714285714,0.76216101157571,0.215646454931575,0.656137238118932,4.89659470031921,0.164034309529733,0.3365105947703,-1,-2.17399685700431,0,2,"concordant","prospectively locked direct relation"
"SPINT2",1.80282403317612,0.214285714285714,4.11799598899573,0.321633732543841,0.754601175126953,2.30252293085524,0.188650293781738,0.489734057662311,1,7.55003506542892,1,2,"concordant","prospectively locked direct relation"
"SPRR1A",2.34392639245692,0.5,0.0141367131517226,0.987011212665651,0.911768521158094,9.11377791248721,0.227942130289524,0.493849776030775,1,7.30050141121127,1,2,"concordant","prospectively locked direct relation"
"SPRR1B",1.77163729036324,0.214285714285714,1.85965275767455,0.259797783425545,0.739689808250997,7.56301039313277,0.301135879799315,0.669330356600381,1,6.96910156547287,1,2,"concordant","prospectively locked direct relation"
"SPRR3",2.57060110030579,0.5,0.348623731983637,1.00272008725748,0.911635011439098,8.82111278997297,0.227908752859774,0.527142844613243,1,8.99060642891639,1,2,"concordant","prospectively locked direct relation"
"SPTLC2",1.20845488378313,0.142857142857143,2.16584138188517,0.129399813778003,0.628032718414045,4.68640521871176,0.186856036794443,0.342484156854592,1,3.12996697680771,1,2,"concordant","prospectively locked direct relation"
"SQLE",1.11939873120399,0.0714285714285714,1.76631014615252,0.0520870273214909,0.532743313314089,5.46497545547055,0.133185828328522,0.459432043642654,1,3.99890631516265,1,2,"concordant","prospectively locked direct relation"
"SQOR",1.41362998093908,0.285714285714286,3.18692054096582,0.367341747230636,0.675732139831613,3.80820478287041,0.201047852892787,0.538071542975727,1,4.75805061289428,1,2,"concordant","prospectively locked direct relation"
"SRCAP",1.39850720611441,0.142857142857143,0.344828548858363,0.111148201967435,0.598792763869765,3.23932659809403,0.149698190967441,0.29465532253606,1,17.5046691131379,0,2,"concordant","prospectively locked direct relation"
"SRP68",1.2503141810186,0.214285714285714,0.211879004069732,0.201280420735203,0.630704153371165,5.14051707972081,0.187650858041817,0.525364704254732,-1,-1.62032750850016,0,2,"concordant","prospectively locked direct relation"
"SRP9",1.3032731069118,0.285714285714286,1.38963537059061,0.255848000070965,0.634094974303958,2.66440498823855,0.15852374357599,0.338002138023808,1,4.73203510305225,1,2,"concordant","prospectively locked direct relation"
"SRPRA",1.09514139170822,0.0714285714285714,0.441461349122281,0.0522107210814403,0.506421673782866,6.07878884288908,0.150673594122351,0.546375649830477,-1,-2.87750070987046,0,2,"concordant","prospectively locked direct relation"
"SRPRB",1.2330238025837,0.214285714285714,0.581316461693366,0.170640816766363,0.570542612240971,4.98435065853928,0.169751237825498,0.504460042394891,-1,-0.653832704375478,0,2,"concordant","prospectively locked direct relation"
"SRPX2",1.01437883320734,0.142857142857143,1.79836093814467,0.0857775582550906,0.51474832170719,3.52154199384023,0.128687080426798,0.459410051515042,1,2.45129529790232,1,2,"concordant","prospectively locked direct relation"
"SRRM1",0.936484754853965,0.0714285714285714,0.257923633998634,0.0678862048064408,0.491579642251839,2.71854128092848,0.146257704458403,0.527933831830961,-1,-3.48315762453725,1,2,"concordant","prospectively locked direct relation"
"SSB",1.05678343239763,0.142857142857143,2.15682461748166,0.0895788902370884,0.504834007219246,4.96297553764715,0.150201222105527,0.467600868655894,1,5.99574727231408,1,2,"concordant","prospectively locked direct relation"
"SSR1",1.24592401526454,0.142857142857143,1.26550457803076,0.134648660574177,0.601814224801267,5.90723400133735,0.17905535434023,0.519772162385627,-1,-2.58889186088864,0,2,"concordant","prospectively locked direct relation"
"STAMBPL1",0.653093808614313,0.0714285714285714,0.55512875818415,0.0291712771491906,0.322905529974845,3.49647044912974,0.0807263824937113,0.412664905423751,1,2.08338010729706,0,2,"concordant","prospectively locked direct relation"
"STAP2",1.0217304201456,0.142857142857143,1.58011242324519,0.127089288124463,0.582101793385396,0.880021574129714,0.145525448346349,0.408171339778426,-1,-1.68325710023726,1,2,"concordant","prospectively locked direct relation"
"STARD13",1.14471019120475,0.0714285714285714,3.20391567067213,0.0488009791873782,0.534908811028988,7.20102532438102,0.133727202757247,0.407536777014316,-1,-4.7017833293876,0,2,"concordant","prospectively locked direct relation"
"STARD7",0.817553978748697,0.142857142857143,2.56693904542591,0.058041704218062,0.532185592723318,2.38064549196901,0.13304639818083,0.403857976847258,-1,-1.54637635898766,1,2,"concordant","prospectively locked direct relation"
"STEAP4",0.910105244904239,0.0714285714285714,0.451429186188266,0.0481025707875648,0.522947843866088,1.86608326745317,0.130736960966522,0.341170614484831,-1,-0.671046753835105,0,2,"concordant","prospectively locked direct relation"
"STIM1",0.938876690599666,0.142857142857143,1.2548156160836,0.0837001134736339,0.496090810713125,3.30986799825328,0.147599894180806,0.366899278667125,-1,-2.21089847250956,0,2,"concordant","prospectively locked direct relation"
"STIP1",0.966709161871554,0.142857142857143,1.56934838113468,0.0801151813956689,0.486360555440549,3.83164555185058,0.198002746730526,0.569773152060178,1,3.91901319372569,1,2,"concordant","prospectively locked direct relation"
"STK3",0.907069709069002,0.142857142857143,1.98643766043566,0.0532840067971605,0.501571333518414,3.7908865312256,0.149230491983965,0.493719737179578,1,3.53832264393151,1,2,"concordant","prospectively locked direct relation"
"STK38L",1.43561053658067,0.214285714285714,0.248060629913875,0.292918607088303,0.722913286078938,5.85917730118435,0.215085468674106,0.550093904283313,1,2.42780813377372,0,2,"concordant","prospectively locked direct relation"
"STRBP",1.09507417284329,0.214285714285714,2.57423789831432,0.111449840425062,0.559178510055069,5.35415433223474,0.139794627513767,0.419372165286654,-1,-3.23260786945228,1,2,"concordant","prospectively locked direct relation"
"STX17",1.12941324585908,0.142857142857143,2.85059019717543,0.0607036001514606,0.479309141429277,5.01381540582642,0.142606911934445,0.324343726017132,-1,-6.64354098459926,1,2,"concordant","prospectively locked direct relation"
"STX4",0.766835666310517,0.214285714285714,1.54071084110894,0.110343029689506,0.395769108811817,1.66843512295148,0.161121969574301,0.590006041503291,-1,-2.93249835402392,1,2,"concordant","prospectively locked direct relation"
"STXBP6",1.00062687965688,0.142857142857143,0.637155995865056,0.107923309227922,0.545969880847824,4.07963027187396,0.136492470211956,0.277860066445569,-1,-2.4249487309591,0,2,"concordant","prospectively locked direct relation"
"SUCLG1",1.43141485433855,0.0714285714285714,1.37034414280058,0.0689478068833259,0.6488622290993,8.15154355176062,0.193053356935411,0.412119097432747,-1,-5.05081971434867,0,2,"concordant","prospectively locked direct relation"
"SUCLG2",1.15124533606751,0.142857142857143,0.0787565714361657,0.144353298416853,0.636644427189033,1.57619832558124,0.189418243705869,0.547570048035098,-1,-2.30474780282608,1,2,"concordant","prospectively locked direct relation"
"SULF1",1.2982494503101,0.214285714285714,3.60756017044034,0.186889796019262,0.581567172072498,6.02285471088204,0.145391793018125,0.50188112400987,1,3.26556789099255,0,2,"concordant","prospectively locked direct relation"
"SULF2",0.932277781624229,0.0714285714285714,2.29407396621196,0.0414751378750845,0.434779085059825,4.9609576919385,0.129358064211287,0.382249776414608,1,3.7970454186956,1,2,"concordant","prospectively locked direct relation"
"SULT1A1",1.32223396309449,0.142857142857143,1.6105729570116,0.117511702885637,0.65476143327653,6.83563819622028,0.194808523315249,0.510630287424203,-1,-3.22299787176802,0,2,"concordant","prospectively locked direct relation"
"SULT2B1",1.44463968344661,0.357142857142857,4.56012022321323,0.378217979005757,0.705102559478406,4.02285373436407,0.176275639869602,0.409030033073682,1,4.24344347487277,1,2,"concordant","prospectively locked direct relation"
"SUMO1",0.972955035966659,0.0714285714285714,0.920374634081359,0.0354523708538189,0.491448894087294,5.40371449591356,0.122862223521823,0.479506155623476,1,4.73090602733339,1,2,"concordant","prospectively locked direct relation"
"SURF6",1.26231743921982,0.357142857142857,1.00849759108487,0.218588039649927,0.608407843914567,4.95673438596093,0.152101960978642,0.338434142870867,-1,-1.15226823092671,0,2,"concordant","prospectively locked direct relation"
"SYCN",1.98509911558794,0.428571428571429,0.169150285015982,0.660348721863684,0.842189259341398,5.33084555180588,0.210547314835349,0.203752168141548,-1,-3.49814532795844,1,2,"concordant","prospectively locked direct relation"
"SYNM",1.8832199836676,0.214285714285714,1.81756952017519,0.325515074740201,0.809532693212973,7.1584377778937,0.202383173303243,0.452558797136269,-1,-3.36578259878464,0,2,"concordant","prospectively locked direct relation"
"SYTL1",0.788960123771126,0.0714285714285714,0.920827119242668,0.0433641668900022,0.426307919778452,2.48225946569345,0.106576979944613,0.295325452107101,-1,-2.23506675412154,1,2,"concordant","prospectively locked direct relation"
"SYTL2",1.49511282616084,0.285714285714286,1.28304490880684,0.413057692158329,0.709463525658614,5.83959207379815,0.177365881414654,0.449241012322305,1,3.72649703831696,1,2,"concordant","prospectively locked direct relation"
"SYVN1",1.12974415517257,0.214285714285714,1.36302479331331,0.157880572897974,0.560830908443267,4.61651362894389,0.166861753840105,0.475312411661362,-1,-1.20430312187328,0,2,"concordant","prospectively locked direct relation"
"SZT2",1.29651524358859,0.214285714285714,2.71098664107645,0.252180949357223,0.657429711664613,4.28936348257191,0.164357427916153,0.402388550938181,-1,-0.675223497778975,0,2,"concordant","prospectively locked direct relation"
"TAB1",1.13450959718153,0.214285714285714,2.7097733072286,0.211815689684772,0.604950921950572,4.4232836867846,0.179988603167495,0.298483056050758,-1,-2.26214657076761,0,2,"concordant","prospectively locked direct relation"
"TACC2",1.53906661432378,0.285714285714286,0.000101503812535011,0.298153085617764,0.690077045775725,3.9269285618808,0.172519261443931,0.349242385345569,1,0.824709315180609,0,2,"concordant","prospectively locked direct relation"
"TACO1",1.08757312368431,0.214285714285714,0.589607297423549,0.181849884082676,0.545426860907008,4.46828063162206,0.162278649825258,0.517143748885933,-1,-1.90689705749502,0,2,"concordant","prospectively locked direct relation"
"TACSTD2",1.36670011306297,0.214285714285714,2.29454887530124,0.221307223663795,0.653283472681496,5.95324610259463,0.163320868170374,0.402370418915385,1,3.23907049045369,0,2,"concordant","prospectively locked direct relation"
"TAF3",1.00249188492569,0.0714285714285714,1.95505721078139,0.066659918811467,0.51758627637141,4.01751870300828,0.129396569092853,0.346864859067736,-1,-3.39583627851963,1,2,"concordant","prospectively locked direct relation"
"TAF7",1.4313642641179,0.285714285714286,1.82977987621782,0.253586467091227,0.729407874184643,1.27665492828396,0.182351968546161,0.448802554012415,1,3.22008325916303,1,2,"concordant","prospectively locked direct relation"
"TAGLN2",1.48531239874669,0.214285714285714,2.3852325789418,0.209181303973841,0.698173185838838,7.4473883574165,0.284234004882392,0.632475739723729,1,4.50961838024624,0,2,"concordant","prospectively locked direct relation"
"TAMM41",0.992020547314542,0.142857142857143,2.68824529099007,0.10112343626274,0.535651743341047,3.91200497899844,0.133912935835262,0.42766274310293,-1,-3.49627595391386,1,2,"concordant","prospectively locked direct relation"
"TANC2",1.06961377393305,0.0714285714285714,0.856709075914884,0.0724801649048232,0.596194566021942,1.6925807608298,0.149048641505485,0.435664129663615,1,2.26897556617065,1,2,"concordant","prospectively locked direct relation"
"TANK",0.943909579434811,0.214285714285714,0.0706459286029497,0.125522226995082,0.518256434142152,3.53743084034106,0.129564108535538,0.325482951802706,1,1.48983404985314,0,2,"concordant","prospectively locked direct relation"
"TAP1",0.798678690442253,0.0714285714285714,1.12960311718064,0.0401082266796852,0.40478136806225,3.07414359915483,0.120432964695448,0.40581234475962,1,2.125639611648,1,2,"concordant","prospectively locked direct relation"
"TBC1D1",0.688856647336529,0.0714285714285714,1.11472494978415,0.0337961277077938,0.360083308466679,3.08335551861627,0.107134131651333,0.288912928919857,-1,-3.08557436584389,1,2,"concordant","prospectively locked direct relation"
"TBC1D15",1.35067295759328,0.142857142857143,2.06354274358346,0.125149403788372,0.679374410067709,5.52580696585841,0.202131522837515,0.513574600119041,-1,-2.90986721607103,0,2,"concordant","prospectively locked direct relation"
"TBC1D2",0.910722188968983,0.142857142857143,1.30579421881035,0.0873069312181895,0.503511159830615,3.70446646686513,0.125877789957654,0.442606817805759,1,2.61211792676694,1,2,"concordant","prospectively locked direct relation"
"TBC1D24",1.50180859475561,0.285714285714286,3.26351390824578,0.302600506645018,0.662783821132741,6.8705015562523,0.19719539195519,0.553568273335036,-1,-2.78285046846012,0,2,"concordant","prospectively locked direct relation"
"TBC1D30",1.78722463937835,0.285714285714286,1.31858178291527,0.210391329324933,0.692978216623347,7.02441346665989,0.173244554155837,0.474627083051583,1,0.583388781036031,0,2,"concordant","prospectively locked direct relation"
"TBC1D4",1.42982245353717,0.285714285714286,1.58877960983434,0.417441213741033,0.664375518071632,4.24378749028198,0.166093879517908,0.262540695706022,-1,-4.81881839935036,1,2,"concordant","prospectively locked direct relation"
"TBC1D8",1.06404298457188,0.142857142857143,0.741205322308492,0.079153925444284,0.56240380746613,5.82202684543218,0.140600951866532,0.509916953001518,-1,-4.77393386292737,1,2,"concordant","prospectively locked direct relation"
"TBL1XR1",0.839570585783068,0.0714285714285714,1.57354159305835,0.0421931163036303,0.386571832433587,4.23262676331299,0.0966429581083967,0.426631811173787,1,2.18609904905659,0,2,"concordant","prospectively locked direct relation"
"TC2N",1.23917384537933,0.285714285714286,2.37062971152159,0.239228223844622,0.630264885319991,2.09066273017646,0.187520164393658,0.572996977548292,-1,-2.69772594932817,1,2,"concordant","prospectively locked direct relation"
"TCEA3",1.56509073686989,0.285714285714286,0.803693902052423,0.335918593344154,0.700691248798278,5.12824100617808,0.17517281219957,0.468690412377931,-1,-4.43496949707568,1,2,"concordant","prospectively locked direct relation"
"TCN1",1.6968542948844,0.285714285714286,2.83312229163822,0.476676042791387,0.764809478959058,4.93137107168506,0.191202369739764,0.460176655541849,1,4.33828791330195,1,2,"concordant","prospectively locked direct relation"
"TDP2",1.40834511309921,0.214285714285714,3.36391903366375,0.153051469338661,0.657216720971253,6.30857445214903,0.164304180242813,0.463953361759732,-1,-2.64423541447692,0,2,"concordant","prospectively locked direct relation"
"TECR",1.11729249297117,0.142857142857143,1.42359373775626,0.118552438711274,0.587771883886931,3.7973212936178,0.146942970971733,0.445598295559699,-1,-1.8983986520178,0,2,"concordant","prospectively locked direct relation"
"TENT4B",1.20596891359967,0.214285714285714,3.23741379572498,0.124778533219921,0.590369694918811,6.20776813497412,0.147592423729703,0.460725083872565,-1,-3.97631495439823,0,2,"concordant","prospectively locked direct relation"
"TEX2",1.15014155434842,0.0714285714285714,3.10260058549128,0.0551213086100874,0.513048831439681,6.28656089811024,0.152645345559269,0.54166199329353,-1,-3.27837680882317,0,2,"concordant","prospectively locked direct relation"
"TFAP4",1.13661749158992,0.142857142857143,0.648069222727362,0.105789449509568,0.633543578997279,4.28824491014355,0.15838589474932,0.281937486348829,-1,-2.32783202493407,0,2,"concordant","prospectively locked direct relation"
"TFF1",1.8611604322406,0.428571428571429,1.90290332180298,0.70151381147077,0.828823158269407,5.87005181752655,0.207205789567352,0.553090873332987,1,6.33405107889517,1,2,"concordant","prospectively locked direct relation"
"TGFBI",1.44296735600786,0.214285714285714,0.521367838768896,0.302024589441643,0.718166649620709,6.19755755778769,0.639466306212715,0.575728479311312,1,3.5718661386217,0,2,"concordant","prospectively locked direct relation"
"TGM2",1.57556406525352,0.285714285714286,1.45092990024429,0.287661494533185,0.745883321615807,4.65856143614833,0.221919650524195,0.579944675950323,1,4.09407899701215,1,2,"concordant","prospectively locked direct relation"
"THBS2",1.36498993892063,0.285714285714286,4.26542711395377,0.199946990330386,0.633527618108209,5.25778045457265,0.158381904527052,0.528760582650471,1,3.66113645454698,1,2,"concordant","prospectively locked direct relation"
"TIMM29",1.2782781938451,0.285714285714286,1.87841259849961,0.227427404292125,0.639719911151583,4.02532973534703,0.159929977787896,0.449612771933355,-1,-0.927013134798201,0,2,"concordant","prospectively locked direct relation"
"TIMM44",1.21188756856889,0.214285714285714,2.65755477660221,0.0876087560437508,0.562436918397466,5.57047100031289,0.167339583491802,0.562128759398392,-1,-1.93310433774737,0,2,"concordant","prospectively locked direct relation"
"TIPRL",0.906975712292344,0.0714285714285714,0.591466451045381,0.0307610207577355,0.446975408580361,2.53713036505621,0.132986787062328,0.402545046357585,1,3.49839336063375,1,2,"concordant","prospectively locked direct relation"
"TK1",1.10434467670548,0.142857142857143,3.03711942874807,0.129653962827828,0.565679075844226,4.21641505119419,0.141419768961057,0.353903088258,1,3.69676326689937,1,2,"concordant","prospectively locked direct relation"
"TKFC",1.47001795577436,0.142857142857143,1.62546449382279,0.105036269818278,0.649067621800876,7.40824576898436,0.193114466595908,0.591426670536148,-1,-3.12896744937937,0,2,"concordant","prospectively locked direct relation"
"TKT",0.973938062137946,0.142857142857143,0.571591612902881,0.101268976479015,0.493117960006217,2.29435902085486,0.200753760664128,0.461090385938845,-1,-2.85974242007512,1,2,"concordant","prospectively locked direct relation"
"TM4SF1",1.32800298892516,0.214285714285714,3.42400660896247,0.172678190982814,0.626341266028482,6.37076507143971,0.225222968719282,0.584814942846531,1,4.09247934561825,1,2,"concordant","prospectively locked direct relation"
"TMC5",1.09221933418095,0.214285714285714,3.24562215953458,0.120888834985212,0.537119008247539,4.01275777998993,0.134279752061885,0.471172866454451,1,2.87018037894745,1,2,"concordant","prospectively locked direct relation"
"TMEM106B",1.08270540171116,0.214285714285714,0.441854553642584,0.132857858524947,0.510909642644538,2.65043363846214,0.152008881361632,0.437673224332567,1,4.15453378549853,1,2,"concordant","prospectively locked direct relation"
"TMEM120B",1.35890698973252,0.214285714285714,2.30391330392719,0.157846267116391,0.601005123619068,3.3873996075577,0.150251280904767,0.454909565443013,1,0.936166215487574,0,2,"concordant","prospectively locked direct relation"
"TMEM131",0.748858606499226,0.0714285714285714,1.52960138088166,0.0340263256395442,0.332798799121583,4.24983819090397,0.0831996997803957,0.413588379047818,-1,-3.3101995963826,1,2,"concordant","prospectively locked direct relation"
"TMEM214",0.809154458288213,0.0714285714285714,0.0272001171029511,0.0444506427714027,0.402397063766297,3.45311508857,0.100599265941574,0.333990392416181,-1,-1.9263332385077,0,2,"concordant","prospectively locked direct relation"
"TMEM97",1.70987735411274,0.428571428571429,2.97367062811997,0.825896581373358,0.782246781628226,4.08513136164594,0.195561695407057,0.462190021158831,-1,-3.36877133509413,1,2,"concordant","prospectively locked direct relation"
"TMOD3",0.821640898793442,0.0714285714285714,2.42739531345645,0.0524786177052655,0.428024836821139,3.13883798593697,0.127348500027125,0.469158558513189,1,2.77527678803021,1,2,"concordant","prospectively locked direct relation"
"TMPRSS4",1.60480920772368,0.214285714285714,4.15435244235524,0.237197636577296,0.718964597145623,7.26741623568935,0.179741149286406,0.540492575637739,1,6.2167862373922,1,2,"concordant","prospectively locked direct relation"
"TMSB10",1.13927135132707,0.142857142857143,1.26204936966203,0.0649437053721389,0.539817022371502,6.35294238724774,0.134954255592876,0.460742798551677,1,4.45839128648018,0,2,"concordant","prospectively locked direct relation"
"TMTC3",1.0311754066763,0.142857142857143,0.0793628916183085,0.0965988208155675,0.55564124632851,1.39619356051557,0.138910311582127,0.399690725496676,1,2.49803179465882,1,2,"concordant","prospectively locked direct relation"
"TNFAIP6",1.12980026440446,0.142857142857143,2.7447878840633,0.147399775582727,0.551062638737306,4.72902757153756,0.163955440028614,0.561665321486018,1,2.0648948818128,0,2,"concordant","prospectively locked direct relation"
"TNS4",1.64064459087879,0.285714285714286,1.77860652158693,0.212184710180602,0.735962819345612,8.15220226847487,0.183990704836403,0.486662037040764,1,7.43837405971956,1,2,"concordant","prospectively locked direct relation"
"TOM1L1",1.13652295120541,0.142857142857143,0.517844759528632,0.0954059123740041,0.548181851644668,4.42142592020211,0.137045462911167,0.429371151330461,1,0.0259545029247867,0,2,"concordant","prospectively locked direct relation"
"TOP3B",1.29367239006845,0.214285714285714,0.18656348486621,0.100474429653471,0.563315136601989,3.4515261588783,0.140828784150497,0.265508577200962,1,9.10882146474666,0,2,"concordant","prospectively locked direct relation"
"TOR1B",1.13788256984783,0.214285714285714,2.42045200545733,0.18736867007623,0.605180334366725,2.88971388395232,0.151295083591681,0.473844096334688,1,4.07081765288617,1,2,"concordant","prospectively locked direct relation"
"TOR4A",1.16927618052329,0.142857142857143,2.77630993946147,0.143475257695675,0.560671348768899,5.14545346018987,0.16681428069498,0.541939606682939,1,3.33795968858886,1,2,"concordant","prospectively locked direct relation"
"TPBG",1.05804702144945,0.214285714285714,3.86953071851886,0.0596723920637215,0.484359617939672,5.62313488804806,0.121089904484918,0.513377574214715,1,3.75031064805374,1,2,"concordant","prospectively locked direct relation"
"TPD52L1",1.28063298745619,0.357142857142857,2.66160190320419,0.293581713554757,0.688001123814363,3.34542879725809,0.172000280953591,0.398560552532623,-1,-0.820626602071579,0,2,"concordant","prospectively locked direct relation"
"TPD52L2",0.757306494669426,0.0714285714285714,0.435830463583742,0.0333117596312321,0.411901430003267,2.67655902523532,0.122551367952191,0.406644829303334,1,3.02074913833124,1,2,"concordant","prospectively locked direct relation"
"TPM4",1.30935185659643,0.214285714285714,0.914076479898148,0.19485602765007,0.588084536689355,5.16584133168224,0.23941570152367,0.529626586368624,1,2.24376307334392,0,2,"concordant","prospectively locked direct relation"
"TPRN",1.15094624382213,0.0714285714285714,0.633460862654485,0.0482268937890114,0.542675752640522,6.38792829178776,0.13566893816013,0.44793543211922,-1,-4.31844723362653,0,2,"concordant","prospectively locked direct relation"
"TPST2",1.07494047945621,0.0714285714285714,0.579357863868109,0.028306775445506,0.54726441726626,7.28899306955736,0.162825370543158,0.520838597821129,-1,-5.4074605301761,1,2,"concordant","prospectively locked direct relation"
"TPX2",1.35034810066496,0.214285714285714,2.731867384864,0.195528599465425,0.615468317945308,6.25790355829763,0.153867079486327,0.393679292051914,1,5.07999108714993,1,2,"concordant","prospectively locked direct relation"
"TRIM29",1.8091749981731,0.214285714285714,1.3906241395986,0.293424155436683,0.774173162161054,8.8446300418474,0.193543290540263,0.54651054679964,1,7.28335867651814,1,2,"concordant","prospectively locked direct relation"
"TRIP11",0.771278748041645,0.142857142857143,1.96256963035366,0.0628930007295944,0.378159808084373,3.66846828060008,0.112512359534441,0.30016941324878,-1,-2.42535688087534,1,2,"concordant","prospectively locked direct relation"
"TRMT13",1.09880133541961,0.0714285714285714,0.541241118195329,0.0691292791368683,0.561950588180132,3.5004439085966,0.140487647045033,0.464789264869362,-1,-3.09913113187682,1,2,"concordant","prospectively locked direct relation"
"TRMU",1.24270565801414,0.214285714285714,2.52228543731614,0.14947809935842,0.621304364442654,5.40050693467915,0.155326091110663,0.249187591179353,-1,-2.67004165158841,0,2,"concordant","prospectively locked direct relation"
"TSEN54",1.28846936126498,0.142857142857143,0.185109352558756,0.147940299561835,0.636727131973993,5.52529896225875,0.159181782993498,0.403975097349039,-1,-2.49511793420434,0,2,"concordant","prospectively locked direct relation"
"TSPAN1",2.20096872065986,0.428571428571429,5.60339045108553,0.561706013412061,0.822205881429623,9.83217116877651,0.205551470357406,0.44775190334059,1,8.60714123495562,1,2,"concordant","prospectively locked direct relation"
"TSPAN15",2.09459494150886,0.5,1.88256618479776,0.902083193878257,0.870350266211102,7.12459188250612,0.354329193434166,0.601976725099847,1,3.57065057270066,0,2,"concordant","prospectively locked direct relation"
"TSPAN3",1.20672625638744,0.214285714285714,2.72216921266571,0.254198459173294,0.676770770627881,3.21042709631861,0.16919269265697,0.421261354174572,1,3.08636830880599,1,2,"concordant","prospectively locked direct relation"
"TSPO",1.36362428226461,0.214285714285714,2.76920749509862,0.197351032607874,0.656791804519017,5.32014794024647,0.164197951129754,0.487783720739529,1,3.47259225091883,1,2,"concordant","prospectively locked direct relation"
"TTC17",1.27633526200797,0.142857142857143,1.80709358527209,0.142385207875395,0.595477038735297,6.16783465928276,0.148869259683824,0.454499606812261,-1,-2.73928823476521,0,2,"concordant","prospectively locked direct relation"
"TTC38",1.0045709276903,0.0714285714285714,2.13335345623107,0.0387985254388231,0.44503456878683,5.97561902060098,0.111258642196707,0.445260299482861,-1,-3.24930262266283,0,2,"concordant","prospectively locked direct relation"
"TTC9",1.05994183543897,0.0714285714285714,0.914774731870395,0.0358575055716933,0.522031195027878,6.40144562322501,0.130507798756969,0.461407080191392,1,3.9066835399881,0,2,"concordant","prospectively locked direct relation"
"TTLL12",1.13819675177504,0.142857142857143,0.563199660171898,0.109670680835757,0.58639852635998,3.79857326648295,0.174468783878692,0.597177545531385,1,4.43150237121392,1,2,"concordant","prospectively locked direct relation"
"TTYH3",1.62174758373826,0.214285714285714,1.72924076256681,0.332037943861694,0.790095682589234,4.68409815290633,0.321656667224776,0.366805559010783,1,1.26957262130399,0,2,"concordant","prospectively locked direct relation"
"TUBA1C",1.7191068125404,0.142857142857143,3.36643725398267,0.136681051266102,0.712441565359643,6.01857906730329,0.211969859925303,0.587257118406992,1,12.14358204335,1,2,"concordant","prospectively locked direct relation"
"TUBA4A",1.43679980761033,0.142857142857143,0.742529449724099,0.156027791692821,0.680643494677051,5.4397136136289,0.277097474255997,0.650067939832244,1,6.07166491122676,1,2,"concordant","prospectively locked direct relation"
"TUBAL3",1.49476202541106,0.357142857142857,0.426675462398686,0.18214678638461,0.672248685397714,6.91765805375023,0.168062171349428,0.272352913607936,-1,-3.79467009216512,0,2,"concordant","prospectively locked direct relation"
"TUBB",1.04176443196942,0.0714285714285714,0.974925616713369,0.0489020244970578,0.475806454381453,6.08277581033441,0.193706055776467,0.639826789287434,1,4.67710680680838,1,2,"concordant","prospectively locked direct relation"
"TUBB3",1.33606016855717,0.142857142857143,2.23784748143327,0.0744981325605945,0.568493732319632,3.34410623277927,0.142123433079908,0.51302413547544,1,10.6150204116093,1,2,"concordant","prospectively locked direct relation"
"TUBB4A",1.72489547081009,0.285714285714286,0.0234739582103561,0.43909628060759,0.78061600738508,6.09117567665115,0.19515400184627,0.390483042031848,-1,-3.40236422847642,0,2,"concordant","prospectively locked direct relation"
"TUFT1",1.68673160646904,0.285714285714286,4.38357652899398,0.365377316023063,0.74673181926307,7.55879912589533,0.186682954815767,0.494661046490097,1,6.20941320413342,1,2,"concordant","prospectively locked direct relation"
"TWF1",1.38656179478675,0.214285714285714,1.20302220664489,0.206890094767394,0.649726145529394,3.07168045052547,0.193310394499723,0.366585657720147,1,5.17988659506265,1,2,"concordant","prospectively locked direct relation"
"TWSG1",0.854148029652133,0.0714285714285714,1.06389156137249,0.0411324283792533,0.44099792740499,3.74564669497077,0.131208331243555,0.383407766884678,1,2.66821958039738,0,2,"concordant","prospectively locked direct relation"
"TXNDC11",1.17844596015059,0.142857142857143,0.346957519747384,0.0999421172286131,0.581138674423253,5.03482392557204,0.145284668605813,0.251860204028107,-1,-2.29988167993855,0,2,"concordant","prospectively locked direct relation"
"TXNDC9",1.15735485764588,0.142857142857143,1.46586063321473,0.116774643683694,0.583378463649535,5.50551758245743,0.173570236824696,0.383882212533546,1,5.81192613192034,1,2,"concordant","prospectively locked direct relation"
"TYMP",1.08597182047621,0.142857142857143,1.4137607033877,0.107382777149229,0.5324074522178,3.84127761391001,0.216748946310905,0.55735384195041,1,1.0318826603293,0,2,"concordant","prospectively locked direct relation"
"UACA",1.0647079510235,0.142857142857143,0.191647512167855,0.109058269135812,0.584708520090017,3.29703812883153,0.1739659631426,0.29744293257196,1,2.29123735116651,0,2,"concordant","prospectively locked direct relation"
"UBA2",1.01201447837489,0.142857142857143,0.398563014758904,0.129161725761578,0.570886891704358,0.598291947640072,0.169853669902987,0.537338966717448,1,2.39081478958984,1,2,"concordant","prospectively locked direct relation"
"UBA5",1.36829137479196,0.214285714285714,3.0496948125113,0.15960955840523,0.658780752591338,7.2528771115226,0.19600437514869,0.57123757983675,-1,-4.29827252355474,0,2,"concordant","prospectively locked direct relation"
"UBA6",0.983454679129473,0.0714285714285714,1.14201351450802,0.0629378564217609,0.479773892508444,4.25237367132393,0.142745187444945,0.440152666754968,1,3.77287714146224,1,2,"concordant","prospectively locked direct relation"
"UBE2C",2.33680318485152,0.428571428571429,1.15592779833188,0.535870609834334,0.861954989228982,7.87036502556922,0.215488747307246,0.465593220358116,1,6.743462483356,1,2,"concordant","prospectively locked direct relation"
"UBE2G1",1.15124716226154,0.214285714285714,1.71426664976724,0.157997103502516,0.606856578376321,4.44813660852612,0.15171414459408,0.415433094137469,-1,-2.07208833113682,0,2,"concordant","prospectively locked direct relation"
"UBE2J1",0.999984598116485,0.142857142857143,1.0001236886419,0.0669743533935747,0.475153137730006,5.30474504914875,0.141370392948444,0.474471038495846,-1,-4.78783139190504,1,2,"concordant","prospectively locked direct relation"
"UBE2R2",1.16000423083025,0.0714285714285714,1.6665715840971,0.052991302868687,0.578499529799152,6.44582597671415,0.144624882449788,0.384595964952558,-1,-4.09058513191464,0,2,"concordant","prospectively locked direct relation"
"UBR2",0.97551117443191,0.0714285714285714,1.70322640405857,0.042238224115178,0.461002019511354,5.31139242576241,0.115250504877838,0.46879636380476,-1,-4.04762693388262,1,2,"concordant","prospectively locked direct relation"
"UBR3",1.35346118939383,0.214285714285714,2.02393330573814,0.176441072221643,0.612294211413407,7.29994910010438,0.153073552853352,0.450404709489358,-1,-3.72646392119423,0,2,"concordant","prospectively locked direct relation"
"UEVLD",0.791759673207241,0.0714285714285714,0.0533091418861093,0.0394620337025932,0.419319853557719,3.94913133915558,0.10482996338943,0.456747908916673,1,2.92191756334547,1,2,"concordant","prospectively locked direct relation"
"UHRF1BP1",0.907756352192359,0.0714285714285714,1.53499303675489,0.0355979176563562,0.476668356994408,4.70163974327873,0.119167089248602,0.382919243793583,-1,-3.70263626271058,1,2,"concordant","prospectively locked direct relation"
"UIMC1",1.09793661471522,0.214285714285714,2.23873368570161,0.153099501314594,0.543188205604855,5.3433083298508,0.135797051401214,0.305107925259227,-1,-3.82083776467417,1,2,"concordant","prospectively locked direct relation"
"UNC5B",1.58498431946862,0.214285714285714,1.82879491417595,0.158333547831854,0.72533487440203,3.73606303270313,0.181333718600508,0.281887921934763,1,3.80867717463727,1,2,"concordant","prospectively locked direct relation"
"UQCRC2",0.826611227212689,0.142857142857143,0.129203621078106,0.0651572899708413,0.472793366732963,3.04813650245185,0.140668299819661,0.402375904917105,-1,-2.53691239852781,0,2,"concordant","prospectively locked direct relation"
"UQCRFS1",1.15380668868448,0.214285714285714,0.797411647677878,0.17368381458544,0.529597353834045,4.06797343958861,0.157568960553761,0.273527215181435,-1,-1.39012069338415,0,2,"concordant","prospectively locked direct relation"
"USP54",1.61866939865577,0.285714285714286,1.72134454570248,0.316936905062497,0.734732257764737,6.92895395245322,0.183683064441184,0.513234674052669,1,5.92834279512597,1,2,"concordant","prospectively locked direct relation"
"UTRN",0.993197959054611,0.0714285714285714,2.02652983363731,0.0475288244206099,0.494122169866094,4.6700251943424,0.147014172424976,0.361298400490437,-1,-4.09746747779029,1,2,"concordant","prospectively locked direct relation"
"VASP",1.82727158124802,0.285714285714286,2.47500743670886,0.462401724377403,0.824290237525011,7.52075169278108,0.335577647708851,0.556603442016319,1,3.98825424616003,0,2,"concordant","prospectively locked direct relation"
"VAV2",1.18114080033673,0.214285714285714,1.60740511484668,0.105641516511264,0.571463799324772,5.64158368872757,0.142865949831193,0.358966530310578,-1,-2.39199261939277,0,2,"concordant","prospectively locked direct relation"
"VCAN",1.26177017412078,0.214285714285714,0.525196785614817,0.227856292445877,0.623255187852357,3.60242872621357,0.185434597432692,0.401235985165787,1,2.73495967804657,0,2,"concordant","prospectively locked direct relation"
"VCL",1.10998781475589,0.142857142857143,1.03698393135709,0.101822176762921,0.533725942323678,5.17723250336004,0.2172857181761,0.615369634700894,1,2.52203229020912,0,2,"concordant","prospectively locked direct relation"
"VILL",1.28121655400138,0.285714285714286,1.93548530687742,0.344496990733609,0.657681177356674,4.37772374013992,0.164420294339168,0.497954476545934,1,3.26673688698282,1,2,"concordant","prospectively locked direct relation"
"VPS51",1.12056219734484,0.142857142857143,1.44212475921219,0.0806977173253497,0.490068060897165,5.89710137622188,0.145807969766332,0.46390708943535,-1,-2.43827146416467,0,2,"concordant","prospectively locked direct relation"
"VSIG1",1.70680741004866,0.214285714285714,3.80554451327808,0.285357618883802,0.777292424733894,6.27655381144316,0.194323106183473,0.34011023374013,1,5.83338964260664,1,2,"concordant","prospectively locked direct relation"
"VSIG2",1.63804602246766,0.285714285714286,3.57609063455108,0.392364191640675,0.69903448780808,7.79868821435394,0.17475862195202,0.528144730751402,1,6.32390852647904,1,2,"concordant","prospectively locked direct relation"
"VSNL1",1.13839804597746,0.0714285714285714,0.211296733633462,0.0614309888815938,0.561597245798754,4.79247559765071,0.140399311449688,0.482857882971496,1,3.73066744697426,1,2,"concordant","prospectively locked direct relation"
"VWA8",1.16709228388409,0.214285714285714,2.017958549314,0.145566183303553,0.539701846955688,6.30469778943467,0.134925461738922,0.242921645544125,-1,-2.74430719284425,0,2,"concordant","prospectively locked direct relation"
"WASF2",0.914222419672507,0.142857142857143,1.30560725974334,0.100137031135501,0.457982668528593,3.00913582560441,0.18644979595744,0.427184278506262,-1,-4.0540067974863,1,2,"concordant","prospectively locked direct relation"
"WDFY1",1.00880226671995,0.142857142857143,2.76848221423514,0.0948803070697207,0.476040139526182,5.50292393553193,0.141634299008437,0.450432179276861,1,4.12902185543537,1,2,"concordant","prospectively locked direct relation"
"WDHD1",1.04829291303061,0.0714285714285714,2.54569715869797,0.0467606742776901,0.491650538403287,5.51170001047427,0.122912634600822,0.330982671981595,1,4.09027602790098,1,2,"concordant","prospectively locked direct relation"
"WDR33",1.13308977697869,0.214285714285714,1.99361296358388,0.150737471925568,0.509234511139121,5.37170692596438,0.12730862778478,0.356521634829523,-1,-1.90707763522052,0,2,"concordant","prospectively locked direct relation"
"WDR4",0.736467655717473,0.0714285714285714,2.22317786130526,0.029779229752951,0.447257118023929,2.54985614089631,0.111814279505982,0.432351705744218,-1,-1.97784123475023,1,2,"concordant","prospectively locked direct relation"
"WDTC1",1.15178064417716,0.0714285714285714,2.27405621216255,0.0583503696551189,0.576432371169955,6.31129805536084,0.144108092792489,0.440067552715532,-1,-5.28171047914511,1,2,"concordant","prospectively locked direct relation"
"WFDC2",1.97863329147322,0.214285714285714,1.38230551936708,0.331256436294821,0.841201987117264,7.23877570407934,0.210300496779316,0.530474240456589,1,5.48316867394397,1,2,"concordant","prospectively locked direct relation"
"WLS",0.857292726558403,0.0714285714285714,2.23871410718197,0.0415892396865838,0.434834879349725,4.36321049234716,0.108708719837431,0.467694892860933,-1,-2.75788096309681,1,2,"concordant","prospectively locked direct relation"
"WNK2",1.92759427576192,0.285714285714286,2.28756862708034,0.394822288268057,0.827891420440712,9.00448018696037,0.206972855110178,0.24843419789176,-1,-6.59380195815224,1,2,"concordant","prospectively locked direct relation"
"WNT5A",1.54070639665109,0.142857142857143,0.559469927506661,0.137241792988283,0.736779980545046,6.13936517397445,0.184194995136262,0.463386406801492,1,4.91978639627358,1,2,"concordant","prospectively locked direct relation"
"WWP2",1.0985566562888,0.142857142857143,2.07847177276574,0.0943053594852299,0.53374160881835,4.61911621864733,0.158801983992076,0.464821923801384,-1,-5.0203272872321,1,2,"concordant","prospectively locked direct relation"
"XAF1",1.14075412859495,0.142857142857143,3.08164398998491,0.12713488864994,0.587328028156833,4.34749835101752,0.146832007039208,0.447348655588176,1,3.35648490855745,1,2,"concordant","prospectively locked direct relation"
"XPNPEP1",0.851203733181416,0.0714285714285714,0.203458831441163,0.0286874663163582,0.374014055509007,4.46898035934784,0.11127889052391,0.297507148629682,-1,-3.59844269758335,0,2,"concordant","prospectively locked direct relation"
"XPO1",0.95649470647793,0.142857142857143,1.73950869446481,0.0985203195367471,0.56599522097938,3.49625231721655,0.168398270879699,0.446463720368931,1,3.00007722298817,1,2,"concordant","prospectively locked direct relation"
"XRCC4",1.12057008476946,0.142857142857143,2.23241405986794,0.131617892058865,0.599509008676667,3.55585629890549,0.149877252169167,0.394440738041937,1,2.75297018865151,1,2,"concordant","prospectively locked direct relation"
"XRCC5",0.677658371564177,0.0714285714285714,1.08820450405057,0.0232351838906184,0.360837513932989,3.6227074575373,0.0902093784832472,0.456681315168901,1,2.56775443560445,1,2,"concordant","prospectively locked direct relation"
"XYLB",0.990655575997336,0.142857142857143,0.266770389725271,0.0653758970293446,0.437546700461223,4.99669933866585,0.109386675115306,0.442242952323009,-1,-3.86073860278791,0,2,"concordant","prospectively locked direct relation"
"YAP1",0.962392464549679,0.142857142857143,2.8111537103334,0.0717509541411229,0.471009650441846,4.6220996065668,0.117752412610461,0.448967896561831,1,3.1467559464917,1,2,"concordant","prospectively locked direct relation"
"YARS1",0.490424234735745,0.0714285714285714,0.218223092707012,0.0234517332064004,0.260262505671546,2.1352933292996,0.0774348515771353,0.383311019984009,-1,-1.01771089362662,0,2,"concordant","prospectively locked direct relation"
"YWHAG",0.725493595728923,0.0714285714285714,1.21176315142278,0.0370003423375906,0.327030257811703,3.29162661008471,0.133137625135031,0.382752377026542,1,3.10538964892942,1,2,"concordant","prospectively locked direct relation"
"YWHAH",1.29045982712094,0.214285714285714,1.09882693691668,0.162184383220917,0.664109250208171,6.45420506097833,0.270366200958173,0.529081886355386,1,5.51331614253891,1,2,"concordant","prospectively locked direct relation"
"ZBTB4",1.20630974470788,0.142857142857143,2.61649446543242,0.13179430317339,0.584796383178015,4.9970035915985,0.146199095794504,0.427773095762498,-1,-2.11269548289154,0,2,"concordant","prospectively locked direct relation"
"ZBTB40",1.49404117624523,0.214285714285714,4.25205084012889,0.203214828806608,0.669483425338248,8.20954185850337,0.167370856334562,0.397115009410147,-1,-6.62676706778649,1,2,"concordant","prospectively locked direct relation"
"ZC2HC1A",0.998257234858009,0.0714285714285714,0.340428448680304,0.0637325630699047,0.491576300101851,3.03345424396883,0.122894075025463,0.276488005469163,1,3.276853039667,1,2,"concordant","prospectively locked direct relation"
"ZC3H18",0.798863371242735,0,0.179645865899116,0,0.476107407429335,1.97171521407463,0.119026851857334,0.261476720564226,-1,-0.887216279027601,0,2,"concordant","prospectively locked direct relation"
"ZC3HAV1L",0.92657993480293,0.0714285714285714,1.65325798415294,0.0572173180826797,0.500392526758431,2.77531828729279,0.148879766372291,0.304148127204831,1,3.07305107235359,1,2,"concordant","prospectively locked direct relation"
"ZDHHC20",1.61057069956317,0.285714285714286,4.09209237126301,0.363522878177285,0.752462424243165,6.77883177577478,0.223877104342391,0.417418743159266,1,4.73879756373703,1,2,"concordant","prospectively locked direct relation"
"ZFAND6",0.849552518022654,0.142857142857143,1.06907481222716,0.0853446510522398,0.450791762734532,1.84708084639664,0.112697940683633,0.360837569719228,1,1.86234713487783,1,2,"concordant","prospectively locked direct relation"
"ZG16",1.72787336387956,0.285714285714286,0.62731036048233,0.370297863998495,0.773493358359278,7.69567967138256,0.19337333958982,0.352863903744507,-1,-5.71592314317296,0,2,"concordant","prospectively locked direct relation"
"ZNF185",1.3309360187403,0.214285714285714,4.14533540285955,0.0887301160120573,0.554061356809976,7.78816810374886,0.164847636498788,0.58850540691846,1,4.97209131969432,1,2,"concordant","prospectively locked direct relation"
"ZNF318",1.34839613359569,0.357142857142857,4.42234104365617,0.414997529153838,0.668713483120266,5.08749949811799,0.167178370780067,0.42392250059722,-1,-4.53242184784502,1,2,"concordant","prospectively locked direct relation"
"ZNF532",1.26031842967611,0.285714285714286,1.07533572427803,0.264924677769563,0.659345043951256,3.44704250335036,0.164836260987814,0.347502090437467,1,1.31398815102699,0,2,"concordant","prospectively locked direct relation"
"ZNF622",1.22220045449448,0.0714285714285714,0.501569041707731,0.0965243366813475,0.599057685267248,4.60834035421831,0.149764421316812,0.447124870571307,-1,-1.79015742108052,0,2,"concordant","prospectively locked direct relation"
"ZNF652",1.65435392305181,0.214285714285714,2.93423164517019,0.246064879301892,0.75942835702149,6.61615642352635,0.189857089255373,0.417076354544703,-1,-3.03082215917332,0,2,"concordant","prospectively locked direct relation"
"ZNF787",0.648728063709638,0.0714285714285714,0.117751626238956,0.0396324392097126,0.355668908961196,2.61746178026072,0.088917227240299,0.396287522967852,-1,-1.55762715432514,0,2,"concordant","prospectively locked direct relation"
"ZNFX1",0.788906947575854,0.0714285714285714,2.23297991056486,0.0427096886783029,0.433058927430774,3.50859034006032,0.128846272663168,0.514240592773597,1,2.25727925094265,0,2,"concordant","prospectively locked direct relation"
"ZZEF1",1.50329944895095,0.214285714285714,4.75031033361498,0.102842092947025,0.706935395990001,9.0267105550841,0.210331631603491,0.41479219729452,-1,-6.70662076859168,1,2,"concordant","prospectively locked direct relation"
